,Participant,Block_num,Target_Name,Total_Time,Orientation_Time,Navigation_Time,Distance,Speed,Mean_Dwell,Teleportations
0,BNC06,1,Automobile shop,75.3797467,7.4438897,67.93585699999998,632.2199131465459,9.306129944699835,0.688541791588785,108
1,BNC06,1,Police station ,29.374258,3.548512,25.825746,260.3653017050579,10.081617843877885,0.6387039999999997,41
2,BNC06,1,Fire Station,16.784353199999998,4.2709872,12.513366,213.0375501471454,17.024799733912154,0.4743539124999998,33
3,BNC06,1,Bank,12.6596225,4.4791525,8.180470000000001,143.2093700437275,17.5062520911057,0.5773617857142855,15
4,BNC06,1,Pawn Shop,24.0062092,2.6734282,21.332781,238.4959395750451,11.179786619243178,0.5696443837837838,38
5,BNC06,1,Pizzeria,28.5762094,3.840337400000001,24.735872,297.509472311089,12.027450348671316,0.5416524775510208,50
6,BNC06,1,Quattroki Restaurant,31.3672315,5.1803365,26.186895,314.6324562883934,12.014882111391728,0.6726759222222218,46
7,BNC06,1,High School,12.2150368,3.2709608,8.944076,204.710198948581,22.887797347493574,0.4401949,21
0,BNC06,2,Automobile shop,37.8225267,11.9054767,25.91705,232.97667244703547,8.98932063822987,0.7330719339999999,51
1,BNC06,2,Police station ,22.9789652,2.5485722,20.430393,279.7949943521489,13.695037308002291,0.4537655913043479,47
2,BNC06,2,Fire Station,15.7418892,2.4514792,13.29041,254.57886653344315,19.15507998123784,0.4262880666666667,34
3,BNC06,2,Bank,22.3339247,4.4933557,17.840569000000002,186.8423209644712,10.472890240466612,0.8424446038461538,27
4,BNC06,2,Pawn Shop,12.72877,4.409617,8.319153,99.58330757380516,11.970366162733772,0.7656876666666667,16
5,BNC06,2,Pizzeria,20.458224,2.6112650000000004,17.846959000000002,224.40022243617412,12.573583120585088,0.5049137894736843,39
6,BNC06,2,Quattroki Restaurant,13.3537188,2.7986498,10.555069,193.4199163839405,18.32483675700656,0.494506192,26
7,BNC06,2,High School,11.4997204,2.4238704,9.07585,214.58892731122685,23.6439482044356,0.4303540166666665,25
0,BNC06,3,Automobile shop,7.5014757,3.0387247,4.462751,62.14427637909233,13.92510502582204,0.5114511307692305,14
1,BNC06,3,Police station ,26.0547387,1.7084647000000002,24.346274,273.9067103695438,11.250457066635486,0.488988244230769,53
2,BNC06,3,Fire Station,11.6869757,2.3890207,9.297954999999998,136.21129550552567,14.649597196967042,0.3374196296296295,28
3,BNC06,3,Bank,23.8190794,1.9238294,21.895250000000004,243.0843889437576,11.102151788344848,0.4906912954545456,45
4,BNC06,3,Pawn Shop,14.3190737,1.5616617,12.757412,141.65726783710988,11.103918869838951,0.5685640291666668,25
5,BNC06,3,Pizzeria,10.423509500000002,2.5270275,7.896482000000001,131.67132579680674,16.674681940237022,0.4517577380952379,22
6,BNC06,3,Quattroki Restaurant,10.8399393,1.5971023,9.242837000000002,198.8923775086296,21.51854214335161,0.3335689,28
7,BNC06,3,High School,10.1457085,2.3749575000000003,7.770751,210.2130939632586,27.051837584714608,0.2919624999999999,27
0,BNC10,1,Automobile shop,86.4863267,2.1714727,84.314854,89.10002300664527,1.0567535704520734,4.021816380000001,16
1,BNC10,1,Police station ,26.346499800000004,6.0483578,20.298142,130.98770935470617,6.453187161401578,1.9947770666666669,13
2,BNC10,1,Fire Station,106.0807097,3.5271387,102.553571,518.1988216242876,5.052957362394407,1.368021928378378,75
3,BNC10,1,Bank,80.5885777,8.8887467,71.699831,391.3259304633435,5.4578361623103895,1.273427839285714,57
4,BNC10,1,Pawn Shop,63.2764798,7.0280108,56.248469,334.55616423773034,5.947827028638421,1.269519057142857,50
5,BNC10,1,Pizzeria,15.6445149,4.2498029,11.394712,158.37046078077384,13.898592678847333,0.5928066842105263,20
6,BNC10,1,Quattroki Restaurant,51.54860480000001,6.1257228,45.422882,271.3112749633437,5.973008823247802,1.2508289950000004,41
7,BNC10,1,High School,114.2663484,0.2152668,114.0510816,547.4127103427155,4.799715203601503,1.3749324500000002,83
0,BNC10,2,Automobile shop,11.3136667,2.5036117,8.810055,59.40617008639793,6.742996506423391,0.9214552454545456,12
1,BNC10,2,Police station ,28.916241,5.347246,23.568995,164.98324810119485,7.000012011593826,1.2354955217391306,24
2,BNC10,2,Fire Station,23.9787629,0.8054798,23.173283100000003,147.47448195252045,6.363987412405989,0.8701446899999997,21
3,BNC10,2,Bank,253.9891311,5.1666071,248.822524,1364.6738215705518,5.484526881378922,0.9532396443181822,265
4,BNC10,2,Pawn Shop,20.8803619,1.7290508999999998,19.151311,120.9433169277614,6.3151455755567545,0.9951646789473688,20
5,BNC10,2,Pizzeria,13.090731,3.160213,9.930518,154.04194067563947,15.511974367866756,0.4660363333333335,22
6,BNC10,2,Quattroki Restaurant,241.4952893,1.7215933,239.773696,1283.8313717671413,5.354346173848616,0.9880724392561984,243
7,BNC10,2,High School,107.6370069,8.2637869,99.37322,742.9872258550535,7.476734937793637,0.794341871428571,134
0,BNC10,3,Automobile shop,10.4471067,1.8850547,8.562052,60.92862117439945,7.11612370193494,0.7057529769230773,14
1,BNC10,3,Police station ,34.2692533,1.9237303,32.345523,274.2169044868592,8.477739082681063,0.6837377204081632,50
2,BNC10,3,Fire Station,64.97192079999999,12.6120108,52.35990999999999,536.8994042750893,10.254016943021664,0.670527668085106,95
3,BNC10,3,Bank,192.91356610000005,4.249115100000001,188.664451,1244.1103615389268,6.594301973395755,0.7706991825910929,248
4,BNC10,3,Pawn Shop,16.9567939,1.8532519,15.103542,104.79730388075262,6.938591217924419,0.7955537315789473,20
5,BNC10,3,Pizzeria,28.8122054,6.5636734,22.248532,228.3712477119092,10.264553531527795,0.6694985095238094,43
6,BNC10,3,Quattroki Restaurant,114.0686353,0.3062831,113.7623522,976.0551395537844,8.579772839417297,0.6106465201086952,185
7,BNC10,3,High School,35.770149700000005,5.1873787,30.582771,385.388741060275,12.601498440421732,0.6348883945454545,56
0,BNC13,1,Automobile shop,106.0080667,10.6730867,95.33498,259.27855673602795,2.7196581646739526,2.4299103883720927,44
1,BNC13,1,Police station ,56.5890732,11.3057032,45.28337,295.7106432988021,6.530226069720564,1.3532356878048788,42
2,BNC13,1,Fire Station,254.5579589,9.3889879,245.168971,1360.7536782576124,5.550268750190302,1.0104821326612905,249
3,BNC13,1,Bank,69.0475116,11.6666416,57.38087000000001,260.18149412205383,4.534289809862656,1.7143308102564088,40
4,BNC13,1,Pawn Shop,419.4454278,10.3875978,409.05783,1932.684471473611,4.724721860167329,1.138674240547945,366
5,BNC13,1,Pizzeria,28.9299444,9.840223399999998,19.089721,131.25244668386676,6.875556048402529,1.554810022222222,19
6,BNC13,1,Quattroki Restaurant,181.274467,11.875127,169.39934,752.44073238834,4.441816198270549,1.2851168129496402,140
7,BNC13,1,High School,32.569179500000004,5.3196185,27.249561,313.9816822955886,11.522449198194003,0.6780081931818182,45
0,BNC13,2,Automobile shop,20.7975367,7.3328187,13.464718,61.90614269781374,4.597656088884576,1.077525217647059,18
1,BNC13,2,Police station ,69.4392917,13.3122817,56.12701,268.833575397382,4.789736267750269,1.051888867924529,54
2,BNC13,2,Fire Station,15.416322,5.8056540000000005,9.610668,135.30611873065834,14.078742365323446,0.9379471249999995,17
3,BNC13,2,Bank,51.2350989,6.7708589,44.46424,270.5472736022963,6.084603573619977,1.1824745690476184,43
4,BNC13,2,Pawn Shop,112.0459996,9.5277096,102.51829,407.69341025505344,3.976787071409926,1.3004206698795178,84
5,BNC13,2,Pizzeria,16.464948,5.388972999999999,11.075975,122.95363262451929,11.100930854802336,0.9741033333333334,16
6,BNC13,2,Quattroki Restaurant,19.3119955,2.9027375,16.409257999999998,189.89203628161616,11.572250023835092,0.8246337380952382,22
7,BNC13,2,High School,20.2215267,8.8117147,11.409812,206.7513567060321,18.120487586126057,0.9507143849999998,21
0,BNC13,3,Automobile shop,7.684476699999999,2.9555887000000003,4.728888,60.94315707839628,12.887418158010146,0.5146741928571429,15
1,BNC13,3,Police station ,18.9298898,3.0138018,15.916088,120.43406853858916,7.566813436730757,0.9412725157894736,20
2,BNC13,3,Fire Station,11.9789767,2.6461037000000003,9.332873,139.86635082900693,14.986419597588752,0.6357040388888888,19
3,BNC13,3,Bank,36.9021418,3.5903238,33.311818,224.12100821955576,6.727972883964356,0.8860089179487182,40
4,BNC13,3,Pawn Shop,65.5956157,1.7775226999999998,63.818093000000005,322.83643187372405,5.058697568316935,0.9607754803030304,67
5,BNC13,3,Pizzeria,26.5104852,2.0243492,24.486136,206.29554059953256,8.424993661700341,0.735095878787879,34
6,BNC13,3,Quattroki Restaurant,13.207943,2.965169,10.242774,186.93851884053583,18.25077062527552,0.5731797499999999,21
7,BNC13,3,High School,17.124132099999997,8.0550241,9.069107999999998,237.54245014413488,26.192482231343472,0.370916875,25
0,BNC14,1,Automobile shop,150.0365667,23.6713267,126.36524,484.26536725781216,3.832267222044703,0.9151322155279512,162
1,BNC14,1,Police station ,14.0618482,3.6385452,10.423303,113.00531704375946,10.84160338078625,0.5721608333333331,19
2,BNC14,1,Fire Station,17.1802011,3.0279261,14.152275,137.6789771997118,9.728398946438771,0.4353143437500001,33
3,BNC14,1,Bank,73.1027011,5.590033099999999,67.512668,415.9274398823148,6.160731788622466,0.5938281540540542,112
4,BNC14,1,Pawn Shop,133.7260158,2.9236728,130.80234299999998,603.8077021139069,4.616184146746568,0.6739158455026457,190
5,BNC14,1,Pizzeria,184.1767526,6.423816599999999,177.75293599999998,855.0095435433051,4.810100821869436,0.6612344355555554,271
6,BNC14,1,Quattroki Restaurant,22.5825307,3.6248127,18.957718,195.69575500805925,10.322748497897228,0.4862730613636365,45
7,BNC14,1,High School,170.2185333,4.4998333,165.71869999999998,955.8217140413489,5.767736013143652,0.5747949667808215,293
0,BNC14,2,Automobile shop,13.9384267,4.9727987,8.965627999999999,65.0641897604286,7.257069974398738,0.5853627952380953,22
1,BNC14,2,Police station ,11.9509368,2.1460408,9.804896,115.19028037208491,11.74824091679146,0.4193695652173912,24
2,BNC14,2,Fire Station,12.3052029,2.7845129,9.520690000000002,143.04921427265722,15.02508896651999,0.3572116096774193,32
3,BNC14,2,Bank,155.0728815,6.2153815,148.85750000000002,972.0600873613296,6.530138470425269,0.4985861421568624,307
4,BNC14,2,Pawn Shop,15.8533906,2.8330186000000004,13.020372,138.0919675180984,10.605838874503617,0.4786777290322579,32
5,BNC14,2,Pizzeria,13.0622886,2.1944206,10.867868,128.33955031597935,11.809082546455237,0.3553557666666666,31
6,BNC14,2,Quattroki Restaurant,14.6243506,2.2566656,12.367685,192.86945178230476,15.59462840315748,0.3446142526315788,39
7,BNC14,2,High School,66.1031403,7.5833273,58.519813,427.6878296290204,7.30842782476117,0.6192940028571426,106
0,BNC14,3,Automobile shop,9.5739757,3.1368567,6.437119,64.33659422991819,9.99462558171104,0.3598689434782607,24
1,BNC14,3,Police station ,8.256502600000001,2.9297636,5.326739,110.04128567955992,20.65828374162127,0.2594684000000001,21
2,BNC14,3,Fire Station,10.9650891,2.5973351,8.367754,142.04571420410855,16.97536928118448,0.3774882892857144,29
3,BNC14,3,Bank,85.87300809999999,3.3681121,82.50489599999999,698.2238713403616,8.46281742286375,0.4381681203125001,193
4,BNC14,3,Pawn Shop,14.2565016,2.2916686,11.964833,137.84948444717205,11.521220935317029,0.3371772388888889,37
5,BNC14,3,Pizzeria,25.2496722,2.6669812,22.582691,141.56553128669967,6.268762712411008,0.6203357777777776,37
6,BNC14,3,Quattroki Restaurant,11.9994805,1.6456915,10.353789,192.30921136864407,18.573800506137808,0.2848177972972973,38
7,BNC14,3,High School,15.312122600000002,3.7914646,11.520658,213.3523755334957,18.5191137115168,0.3421573636363638,34
0,BNC15,1,Automobile shop,26.1955767,7.341929700000001,18.853647,62.53309531042305,3.316763876528666,2.5687510777777773,10
1,BNC15,1,Police station ,273.5433603,6.4721683,267.071192,905.4996702587632,3.390480506256785,2.182767913709678,125
2,BNC15,1,Fire Station,54.4709948,15.5206548,38.95034,283.3389459735632,7.274363868802254,1.5536877882352944,35
3,BNC15,1,Bank,29.950855,12.388745,17.56211,133.93309404415442,7.62625299831025,2.9053656250000004,9
4,BNC15,1,Pawn Shop,94.4000843,14.9645943,79.43549,419.0959425268714,5.27592820950524,1.6237831125000004,57
5,BNC15,1,Pizzeria,83.74120210000001,11.8886221,71.85257999999999,441.9536126627224,6.150838462066671,1.3602622389830503,60
6,BNC15,1,Quattroki Restaurant,50.06836799999999,19.520118000000004,30.54825,228.2577432481232,7.472039912208498,1.96632672,26
7,BNC15,1,High School,21.742190200000003,9.3884802,12.35371,208.2271753657869,16.855436574582605,0.8166515999999997,16
0,BNC15,2,Automobile shop,28.3410867,16.071326699999997,12.269760000000002,67.17985088683591,5.475237566736097,2.4066456700000005,11
1,BNC15,2,Police station ,66.0340865,6.2995165,59.73456999999999,429.7812942780944,7.1948503902864696,1.1621542090909087,56
2,BNC15,2,Fire Station,36.7006537,2.2430437,34.45761,313.3030901994017,9.09242080920301,0.9570106405405412,38
3,BNC15,2,Bank,116.9419779,8.4927869,108.449191,620.6122846280733,5.722608706487016,1.39795376707317,83
4,BNC15,2,Pawn Shop,28.1380287,13.0761387,15.061889999999998,131.35126016362602,8.720768785565825,1.9339549071428572,15
5,BNC15,2,Pizzeria,20.4651357,3.4028477,17.062288,124.58626199251523,7.301849669429753,1.3054645384615382,14
6,BNC15,2,Quattroki Restaurant,24.2424804,5.4793194000000005,18.763161,190.92409377684356,10.175475964675863,1.2170758631578955,20
7,BNC15,2,High School,15.6800014,6.4722114,9.20779,201.4554632084783,21.878807315162305,0.5685665625000001,17
0,BNC15,3,Automobile shop,7.5175137,2.4830037,5.034510000000001,60.30079355519048,11.977490074543592,0.7172104111111112,10
1,BNC15,3,Police station ,28.6241261,2.7559621,25.868164,259.58463696765455,10.034907655899142,0.8553079333333337,31
2,BNC15,3,Fire Station,62.4777021,4.6318671,57.845835,404.2555824701555,6.988499387555828,1.1055962471698115,54
3,BNC15,3,Bank,36.3812852,10.1385052,26.24278,221.5669529663203,8.442968045547016,1.4328506333333333,25
4,BNC15,3,Pawn Shop,58.8319654,7.076002399999999,51.755963,292.170120307121,5.645148952346244,1.4563434974358975,40
5,BNC15,3,Pizzeria,11.6940605,3.9929305,7.701129999999999,132.59167896833006,17.217171891440618,0.8524055416666667,13
6,BNC15,3,Quattroki Restaurant,21.0548739,6.291606900000001,14.763267,191.38432812538343,12.963548523872351,1.0427417315789476,20
7,BNC15,3,High School,15.186949299999998,2.7221753,12.464774,212.14809208787773,17.019810554758372,0.8020918500000003,19
0,BNC16,1,Automobile shop,623.3932667,43.9996167,579.39365,1308.3027910341434,2.258055108187919,1.7900794413294825,347
1,BNC16,1,Police station ,120.1214502,17.3885602,102.73289,474.09360970169047,4.614818192126109,1.297207843181818,89
2,BNC16,1,Fire Station,89.1731652,17.861705200000003,71.31145999999998,281.89556204941454,3.953019080655684,1.586052276363636,56
3,BNC16,1,Bank,448.2399961,0.2499273,447.9900688,1688.709256025076,3.769523865893958,1.0104316097727282,441
4,BNC16,1,Pawn Shop,309.8701311,8.2915051,301.578626,1239.2297445378883,4.109143147757058,1.063795090311419,290
5,BNC16,1,Pizzeria,79.77582939999999,16.9929194,62.78291,227.2724972254912,3.619973926431432,1.4797624415094337,54
6,BNC16,1,Quattroki Restaurant,317.3328846,4.4851006,312.847784,1324.3725018295854,4.233280750454622,0.8676218469613264,363
7,BNC16,1,High School,145.12176770000002,4.9653307,140.156437,894.6227298358668,6.383029912752896,0.8617233295180724,167
0,BNC16,2,Automobile shop,13.1505667,4.7121977,8.438369000000002,65.90721013448892,7.810420489372876,0.8123565799999999,16
1,BNC16,2,Police station ,84.517176,6.430349,78.086827,415.08945410283,5.315742360780391,0.8242132222222222,100
2,BNC16,2,Fire Station,60.027192,3.945086,56.082106,462.50688223443393,8.246959952510235,0.6625099090909091,89
3,BNC16,2,Bank,20.9508956,5.1178766,15.833019,133.53165729467432,8.433745787501065,0.9243431764705884,18
4,BNC16,2,Pawn Shop,86.7823918,4.666884799999999,82.115507,473.35089373116233,5.764451941229107,0.9460362620689658,88
5,BNC16,2,Pizzeria,172.0379417,5.9794627,166.058479,834.878415543598,5.027616900812381,0.8520334544041446,194
6,BNC16,2,Quattroki Restaurant,58.3524864,8.7357584,49.616728,424.4652662051637,8.554882260780351,0.7439638605263158,77
7,BNC16,2,High School,93.8660357,7.9999327,85.86610300000001,619.1694397196968,7.210871555678924,0.7291483913385824,128
0,BNC16,3,Automobile shop,12.8267467,4.7241677,8.102578999999999,66.9194540070989,8.259031353733041,0.8448874071428573,15
1,BNC16,3,Police station ,63.81776979999999,4.1525498,59.66522,457.5463667802496,7.668560792707202,0.7451978168674701,84
2,BNC16,3,Fire Station,14.0204431,4.416718100000001,9.603725,150.0248916121841,15.621531396638709,0.8996708733333332,16
3,BNC16,3,Bank,299.8877022,8.5412242,291.346478,1282.7906769990968,4.402973002471295,1.0400924552447546,287
4,BNC16,3,Pawn Shop,80.0677024,6.7706634,73.29703900000001,477.3606774607197,6.512687060397074,0.9906022075949372,80
5,BNC16,3,Pizzeria,110.6358283,4.3262243,106.309604,539.1750042789366,5.071743135069308,0.9817020297297304,112
6,BNC16,3,Quattroki Restaurant,18.408252,2.604206,15.804046,196.4458539645593,12.43009884712809,0.6709042692307693,27
7,BNC16,3,High School,38.937592,5.910354,33.027238,345.9224774184864,10.473854259883506,0.8000949999999998,48
0,BNC17,1,Automobile shop,157.38266670000002,78.08071670000001,79.30195,90.48533470350144,1.141022821046663,12.044905899999996,14
1,BNC17,1,Police station ,144.9416167,32.2010267,112.74059,241.1961048422034,2.139390124197535,5.193378025925927,28
2,BNC17,1,Fire Station,155.2186602,9.5831152,145.635545,343.8486910386724,2.361021761814208,3.557468385714286,43
3,BNC17,1,Bank,36.5201099,6.4027819,30.117328,127.19488870150887,4.223312529634398,4.295473428571428,8
4,BNC17,1,Pawn Shop,303.39829869999994,5.0766137,298.32168499999995,682.1090752423557,2.2864884101279994,3.2071977219780217,92
5,BNC17,1,Pizzeria,49.6514671,4.645541100000001,45.005926,160.60659256284407,3.568565449866404,2.640412882352941,18
6,BNC17,1,Quattroki Restaurant,156.781455,6.479202,150.30225299999998,448.17946554887055,2.9818546069889624,2.819349129629629,55
7,BNC17,1,High School,42.4432688,5.8264648,36.616804,235.3173482283193,6.426485179545415,1.6575562727272726,23
0,BNC17,2,Automobile shop,21.186486700000003,7.3678967,13.818590000000002,57.741645566371005,4.178548286501806,1.9883213,10
1,BNC17,2,Police station ,55.5052101,4.0136481,51.491562,312.33235569593705,6.065699768360824,1.3793327657894745,39
2,BNC17,2,Fire Station,26.0895846,1.1181676,24.971417,146.61807660346233,5.871435994339541,1.5538166249999998,17
3,BNC17,2,Bank,75.5608014,3.4860004,72.07480100000001,311.22235334211047,4.318046654643006,1.870011484210525,39
4,BNC17,2,Pawn Shop,157.32283460000002,2.6802646,154.64257,792.8748210895236,5.127144621882083,1.4201771418181806,111
5,BNC17,2,Pizzeria,23.4229366,6.9509636,16.471973,144.81788551740703,8.791775309333438,1.0911369333333338,16
6,BNC17,2,Quattroki Restaurant,481.1165841,8.6386861,472.477898,2071.4788117289004,4.384287223799197,1.6172282376271203,296
7,BNC17,2,High School,282.6327045,1.1112465,281.521458,1518.209789724246,5.39287413652229,1.3355069880952382,211
0,BNC17,3,Automobile shop,133.8425667,4.1513007,129.69126599999998,585.2170265711211,4.512385796057548,1.3998262118279567,94
1,BNC17,3,Police station ,19.7780418,4.7641838,15.013858,121.66710662590908,8.103653746152993,1.2441901666666662,13
2,BNC17,3,Fire Station,24.3326491,5.3401021,18.992547,146.4787376163003,7.712432546108761,1.608708364285714,15
3,BNC17,3,Bank,39.3810704,3.2977204,36.08335,244.45184031471803,6.774643715584002,1.357687130769231,27
4,BNC17,3,Pawn Shop,136.75360110000005,8.548273100000001,128.205328,613.4948196415024,4.785252135866791,1.5727735941860468,87
5,BNC17,3,Pizzeria,31.5469019,14.5065519,17.04035,155.33105501568758,9.115485011498448,0.9954305882352944,18
6,BNC17,3,Quattroki Restaurant,368.2290723,5.667582299999999,362.56149,1638.5835858627042,4.519463955928425,1.519905541004185,240
7,BNC17,3,High School,65.82499530000001,0.7292469,65.0957484,426.424212617715,6.550722944260903,1.214670424528301,54
0,BNC18,1,Automobile shop,181.7955667,43.5077867,138.28778,647.9669869261371,4.685641688124122,1.777174467,101
1,BNC18,1,Police station ,144.1980449,64.4570149,79.74102999999998,617.623204125271,7.745362758987075,1.3914814346534643,102
2,BNC18,1,Fire Station,20.6384383,9.6942833,10.944155000000002,173.4895486387908,15.85225617133445,0.8664723318181816,23
3,BNC18,1,Bank,50.2208602,6.2146812,44.006179,377.8796529731294,8.586968047671883,0.8080680033333337,61
4,BNC18,1,Pawn Shop,44.4573357,8.749972699999999,35.707362999999994,203.231340976818,5.691580780603093,0.9708014704545456,45
5,BNC18,1,Pizzeria,50.12255209999999,5.1245821,44.99797,467.51708745816535,10.389737302775334,0.540321847252747,92
6,BNC18,1,Quattroki Restaurant,16.014522200000002,6.5698132000000005,9.444709,193.79593720623916,20.518995048575785,0.5530310074074075,28
7,BNC18,1,High School,166.8429498,8.048522799999999,158.794427,918.5380417501711,5.784447597459898,0.8379438082474231,195
0,BNC18,2,Automobile shop,28.0003867,18.5425067,9.45788,63.19678565938872,6.681918744939534,1.7934991133333331,16
1,BNC18,2,Police station ,137.6015856,3.4447186000000003,134.156867,684.8720404440302,5.105009201236268,0.9312953671232882,147
2,BNC18,2,Fire Station,39.3040512,19.1593412,20.14471,197.4876991731719,9.803452081125611,1.2330737066666673,31
3,BNC18,2,Bank,46.388229300000006,6.5838833,39.804346,264.0592404680586,6.633929884642711,0.8393400811320754,54
4,BNC18,2,Pawn Shop,23.3047475,1.9583835,21.346364,109.86015132738947,5.146551015779057,0.9898589318181816,23
5,BNC18,2,Pizzeria,37.7907802,5.5207702,32.27001,291.8008692483377,9.042478426512346,0.6875184076923078,53
6,BNC18,2,Quattroki Restaurant,14.242588,6.027503,8.215085,193.48683003750745,23.552626666371367,0.5221332727272728,23
7,BNC18,2,High School,55.137796,5.2779110000000005,49.859885,464.9640473549378,9.325413553499727,0.7752404428571431,71
0,BNC18,3,Automobile shop,33.6638267,17.254386699999998,16.409440000000004,86.63729777508212,5.279722999388285,1.0220911468749998,33
1,BNC18,3,Police station ,69.36624649999999,2.3254295,67.04081699999999,522.3795554850418,7.791962849811957,0.5732636596638657,120
2,BNC18,3,Fire Station,14.9092616,5.409594599999999,9.499667,148.6811887267955,15.651200060675338,0.6698998210526318,20
3,BNC18,3,Bank,40.6449283,7.277834299999999,33.367094,272.1112042086543,8.1550765016772,0.6017155123076924,66
4,BNC18,3,Pawn Shop,17.943932099999998,6.1317071,11.812225,98.88646130862196,8.371535532774052,0.8056592904761906,22
5,BNC18,3,Pizzeria,21.0970159,5.1736009,15.923415,136.40961812305247,8.566605726413114,0.5618643571428569,29
6,BNC18,3,Quattroki Restaurant,12.2283794,5.3259104,6.902469,191.80577540327448,27.787995194657807,0.5330363999999999,22
7,BNC18,3,High School,16.0137696,7.041686599999999,8.972083,216.53284216930928,24.134065876264103,0.3517579999999998,26
0,BNC19,1,Automobile shop,19.3870467,7.443049699999999,11.943997,56.56630805124032,4.735961341185895,1.7262313699999996,11
1,BNC19,1,Police station ,58.7140546,6.111178600000001,52.602876,235.968837990287,4.485854309378198,1.5200298222222228,37
2,BNC19,1,Fire Station,24.666375700000003,6.1874907,18.478885,137.43733370096317,7.437533904289309,1.2553535105263165,20
3,BNC19,1,Bank,222.4685172,4.4512942,218.017223,936.9771395715758,4.297720733611839,1.1678812983783784,186
4,BNC19,1,Pawn Shop,34.7841865,10.5414465,24.242739999999998,143.2218294151637,5.907823513974235,1.4743446304347825,24
5,BNC19,1,Pizzeria,16.3955943,2.8196253,13.575969,136.34838592794836,10.04336308722776,0.8809086647058824,18
6,BNC19,1,Quattroki Restaurant,124.9277712,6.5832282,118.344543,686.1962182966228,5.798292011627631,0.9638145809523806,127
7,BNC19,1,High School,34.151830000000004,7.611012,26.540818,345.9060077975972,13.03298217099402,0.7271878604651166,44
0,BNC19,2,Automobile shop,13.8905467,4.4187047,9.471842,72.84344497026468,7.690525767877536,1.154162427272727,12
1,BNC19,2,Police station ,141.0801563,4.3403643,136.739792,765.2174096617097,5.596157478883028,0.8904695596153841,157
2,BNC19,2,Fire Station,19.2705138,5.652701800000001,13.617812,149.0687819180725,10.94660301655453,0.6737916500000001,21
3,BNC19,2,Bank,43.5544678,4.5627498,38.991718,261.83969774231093,6.715264450320218,0.811772281632653,50
4,BNC19,2,Pawn Shop,86.4427762,9.1738112,77.26896500000001,595.5498782776598,7.707491335980231,0.6749108428571429,127
5,BNC19,2,Pizzeria,27.8119343,17.200904299999998,10.61103,130.57638930729829,12.305722376366695,1.5121041277777778,19
6,BNC19,2,Quattroki Restaurant,19.9160166,6.4514746,13.464542000000002,197.9049628011218,14.698232052833418,0.6944600222222223,28
7,BNC19,2,High School,18.909581,5.840299,13.069282,219.79974904506804,16.818043182867125,0.4957035384615385,27
0,BNC19,3,Automobile shop,11.9857367,5.1319147,6.853822,57.27244500703833,8.356278439539038,0.9062564750000002,13
1,BNC19,3,Police station ,15.7008641,2.1667991,13.534065,116.73349971493168,8.625161746668992,0.8389457499999999,17
2,BNC19,3,Fire Station,10.0273388,2.1320218,7.895317,138.90353947955575,17.593155471725296,0.4863924333333332,19
3,BNC19,3,Bank,14.3121985,2.5416805,11.770518,170.69482071030683,14.501895388997053,0.658635325,21
4,BNC19,3,Pawn Shop,18.3329098,2.1389078,16.194002,122.02926046592012,7.535460380079002,0.991417105882353,18
5,BNC19,3,Pizzeria,12.7355857,4.0694527,8.666133,128.18877285903423,14.791923094076012,0.4492207368421053,20
6,BNC19,3,Quattroki Restaurant,13.9027079,2.1739569,11.728751,192.93401786911065,16.44966440749835,0.559782952173913,24
7,BNC19,3,High School,12.3606892,2.0280152,10.332674,217.64084393394813,21.06336113323116,0.4235870416666667,25
0,BNC20,1,Automobile shop,77.54942670000001,6.9992217,70.550205,301.119186514065,4.268154663959729,1.4902104224489792,50
1,BNC20,1,Police station ,66.9289271,8.339915099999999,58.589012,430.3742041340397,7.345647066621293,1.0942808120689658,59
2,BNC20,1,Fire Station,17.791262100000004,7.5208961,10.270366,145.78257153452333,14.194486499753106,0.7267255714285717,15
3,BNC20,1,Bank,72.7611012,3.3817252,69.379376,513.2456182574381,7.397668411682431,1.0127990885714289,71
4,BNC20,1,Pawn Shop,13.736575299999998,4.5843973,9.152178,122.60976592039862,13.39678554333172,0.8869237357142857,15
5,BNC20,1,Pizzeria,25.0134196,3.8116126,21.201807,144.32747800136758,6.807319678052328,1.3341759764705887,18
6,BNC20,1,Quattroki Restaurant,252.4738453,5.2916503,247.182195,1620.5140451675095,6.555949732413006,1.0203093930612248,246
7,BNC20,1,High School,13.4231467,4.3958777,9.027269,204.68633527533265,22.67422575701828,0.5241217058823529,18
0,BNC20,2,Automobile shop,14.2752567,3.6154607,10.659796,66.27065220354746,6.216878090682736,0.9916250583333333,13
1,BNC20,2,Police station ,21.3049223,3.8887423,17.41618,192.03381925321904,11.026173320051758,0.7187308750000002,25
2,BNC20,2,Fire Station,11.4858204,4.3887214000000005,7.097099,145.64601233259938,20.52190794190688,0.7827323142857141,15
3,BNC20,2,Bank,14.3745312,3.2359172,11.138614,129.27481861139037,11.60600579312564,1.2306272222222223,10
4,BNC20,2,Pawn Shop,15.1243683,4.4791683,10.6452,124.04062388155224,11.652258659447662,0.9851105928571426,15
5,BNC20,2,Pizzeria,91.5123668,5.492799799999999,86.019567,666.3483893167536,7.746474581960562,0.8449025805825245,104
6,BNC20,2,Quattroki Restaurant,14.9161239,3.7628679,11.153256,186.3201211710025,16.70544647867874,0.7742561611111108,19
7,BNC20,2,High School,10.2495682,3.2641132,6.985455,198.5235943636936,28.41956527723585,0.4039365882352941,18
0,BNC20,3,Automobile shop,11.1036167,2.5317857,8.571831,73.25642837309633,8.546182066946528,0.7934717,12
1,BNC20,3,Police station ,13.5412167,2.8680527,10.673164,156.59271373632544,14.671630056122574,0.5860018888888888,19
2,BNC20,3,Fire Station,9.9163153,3.0137983,6.902517000000001,143.97482924679937,20.85830853394484,0.524017923076923,14
3,BNC20,3,Bank,27.5202898,3.0343128,24.485977,223.5085253794576,9.12802153573278,0.8999405185185183,28
4,BNC20,3,Pawn Shop,13.117677700000002,4.8957307,8.221947,124.1728712795056,15.102611495732774,0.9062087642857144,15
5,BNC20,3,Pizzeria,25.0547796,3.6380576,21.416722,200.4842992784696,9.36111041075612,0.8245849111111111,28
6,BNC20,3,Quattroki Restaurant,11.5483281,4.0834711,7.464856999999999,185.25350890803367,24.816752539001577,0.6156505352941174,18
7,BNC20,3,High School,13.145587,3.541976,9.603611,206.17715746759987,21.4687118696915,0.5579988235294118,18
0,BNC24,1,Automobile shop,36.9693067,11.4488467,25.52046,67.40322126950517,2.6411444491794103,2.963900558333333,13
1,BNC24,1,Police station ,45.8949889,4.6667799,41.228209,199.231195341618,4.832399955613351,1.5967192359999995,26
2,BNC24,1,Fire Station,75.5053833,1.8404633,73.66492000000001,416.0257788014399,5.647542667547048,1.1359798969230774,66
3,BNC24,1,Bank,35.8884241,1.4786331,34.409791,228.3199844988243,6.635320292960348,1.216996003571429,29
4,BNC24,1,Pawn Shop,127.5459908,1.0832708,126.46272,758.9671339990297,6.001508855724673,1.0448410067796603,119
5,BNC24,1,Pizzeria,18.7773972,4.673612200000001,14.103784999999998,122.64692181134656,8.696028889503532,1.1735857466666664,16
6,BNC24,1,Quattroki Restaurant,201.7597532,9.2428942,192.516859,1257.603165792235,6.532431353413235,1.0578047443850267,188
7,BNC24,1,High School,20.4857086,1.9308226,18.554886,208.12766002796377,11.216865467562766,0.7050416631578947,20
0,BNC24,2,Automobile shop,15.778916699999998,8.6256627,7.153253999999999,60.92459087714217,8.517045651830927,1.31650167,11
1,BNC24,2,Police station ,60.4086107,1.5279177,58.880693,439.22562300184586,7.459586506596413,0.9582869629032256,63
2,BNC24,2,Fire Station,25.9369332,7.4088032,18.52813,200.6181137686987,10.827758320386282,0.951385008,26
3,BNC24,2,Bank,71.08233469999999,2.1734887,68.908846,526.6957444585458,7.643369103272255,0.9244227026666664,76
4,BNC24,2,Pawn Shop,41.2275336,0.9791649,40.2483687,318.5863464478674,7.91550954083432,0.8525389829787235,48
5,BNC24,2,Pizzeria,12.2991225,2.5703705,9.728752,128.99680900197615,13.259337785769045,0.8065643214285717,15
6,BNC24,2,Quattroki Restaurant,16.4923953,2.8123603,13.680034999999998,198.8431782364501,14.53528285830044,0.5985562150000001,21
7,BNC24,2,High School,12.8189835,1.3194565,11.499527,215.2750195017762,18.720336888793444,0.5829908333333331,22
0,BNC24,3,Automobile shop,9.1237387,1.2006416999999998,7.923097,59.243160699679215,7.477273179878931,0.7303274272727269,12
1,BNC24,3,Police station ,57.9914492,3.7914062,54.200043,375.7431019280613,6.93252405589533,0.9896215824561398,58
2,BNC24,3,Fire Station,14.77743,1.208416,13.569014,138.61640669234998,10.215658019982143,0.8411090000000001,17
3,BNC24,3,Bank,75.70009239999999,3.6321194,72.067973,429.67247588446094,5.962044691952984,1.134049293939395,67
4,BNC24,3,Pawn Shop,97.2146432,2.4381282000000004,94.776515,715.0360438938981,7.544443303215971,0.8910893383177565,108
5,BNC24,3,Pizzeria,10.9160702,1.8532722,9.062798,133.04672761071643,14.680535482608844,0.6978208,15
6,BNC24,3,Quattroki Restaurant,10.7983518,1.4030348,9.395317,190.54643568035863,20.28100123501513,0.5413217263157897,20
7,BNC24,3,High School,13.2149496,2.5001976,10.714752,212.23010931801215,19.807281523455902,0.6526570842105263,20
0,BNC25,1,Automobile shop,43.4713867,19.3392867,24.1321,62.98590001314221,2.610046370317636,4.581696300000001,10
1,BNC25,1,Police station ,24.5686725,12.7842725,11.784399999999998,113.86876552076244,9.662669760086423,1.302514444444444,10
2,BNC25,1,Fire Station,107.4288096,4.8473196000000005,102.58149,459.01394031823776,4.474627345715467,1.67094166,61
3,BNC25,1,Bank,124.3179915,4.9447545,119.373237,526.901745769898,4.413901800869303,1.7809424926470587,69
4,BNC25,1,Pawn Shop,14.3260982,5.0205962,9.305502,94.5052912537307,10.155850942134094,1.270806911111111,10
5,BNC25,1,Pizzeria,240.4333202,4.0970922,236.336228,1037.6067147434887,4.390383664511599,1.3808856348837204,173
6,BNC25,1,Quattroki Restaurant,196.8021449,5.1877789,191.614366,931.8694140054054,4.863254428456608,1.2968176059999996,151
7,BNC25,1,High School,111.7620377,2.6596327,109.102405,826.7172440617735,7.577442899281399,0.8484654898437498,129
0,BNC25,2,Automobile shop,191.2653667,12.6289667,178.6364,769.1796338002249,4.305839312705724,1.3294603312056734,142
1,BNC25,2,Police station ,48.6449454,4.5989924,44.045953,264.9318997696607,6.014897663121528,1.1325519609756092,42
2,BNC25,2,Fire Station,14.7417728,4.2708978,10.470875,141.41204658232994,13.50527502069597,0.8936687999999999,17
3,BNC25,2,Bank,17.8613861,1.9936911,15.867695,137.04692042213946,8.636851188665995,0.9855040083333336,13
4,BNC25,2,Pawn Shop,81.26223429999999,2.8471793,78.415055,365.17706808864097,4.656976496269,1.1405802328571428,71
5,BNC25,2,Pizzeria,90.4570621,2.0278931,88.429169,527.8607223594529,5.969305471585432,1.0167070806818186,89
6,BNC25,2,Quattroki Restaurant,69.2280749,8.8123089,60.415766,374.81965612767306,6.204004036424418,1.0925722403225806,63
7,BNC25,2,High School,343.5188023,10.7216023,332.79720000000003,1641.8001882982771,4.933335341458032,1.1506043615646255,295
0,BNC25,3,Automobile shop,12.3863867,4.3302547,8.056132,60.70805704286776,7.535633358895778,0.940187725,13
1,BNC25,3,Police station ,68.8871849,1.9374689,66.949716,277.56410477520734,4.14585933083282,1.388046742553191,48
2,BNC25,3,Fire Station,21.0066078,2.2779298,18.728678,244.38917452774956,13.048928201325769,0.6201404484848486,34
3,BNC25,3,Bank,39.3744179,0.2569356,39.1174823,254.142535845712,6.496904220385166,0.9848520058823528,35
4,BNC25,3,Pawn Shop,78.9499267,4.5001637,74.44976300000002,389.3075438042828,5.22913073348914,1.1656778136363637,67
5,BNC25,3,Pizzeria,47.0826849,7.7638229,39.318862,446.09030030993847,11.345452986659138,0.6430354013888887,73
6,BNC25,3,Quattroki Restaurant,229.7250601,6.3406441,223.384416,1143.638076533454,5.119596509961796,1.059796673364486,215
7,BNC25,3,High School,34.0268669,6.7500239,27.276843,321.89549573576886,11.80105394659378,0.6426118095238097,43
0,BNC39,1,Automobile shop,29.2299867,8.5637907,20.666196,59.39403826521768,2.873970529710338,2.9923230777777783,10
1,BNC39,1,Police station ,78.0126157,8.312681699999999,69.699934,203.17228924638016,2.9149566948855385,3.4206046681818183,23
2,BNC39,1,Fire Station,130.5956248,18.048434800000003,112.54719,384.69365577101934,3.418065397910151,2.310752543396227,54
3,BNC39,1,Bank,417.648094,8.256891,409.391203,1298.4482519092455,3.171656455718335,2.251561798913043,185
4,BNC39,1,Pawn Shop,760.3522725,430.04687250000006,330.3054,919.1089535538362,2.7826034740995342,5.811065942307699,131
5,BNC39,1,Pizzeria,127.2759369,0.2160206999999999,127.0599162,340.94450203819395,2.683336430834148,2.151352724074074,55
6,BNC39,1,Quattroki Restaurant,376.3872074,51.9235474,324.46366,1002.390811393984,3.0893777484787783,2.3155352633540374,162
7,BNC39,1,High School,28.2920088,8.1535518,20.138457,208.42891436095687,10.349795635333775,1.2889693238095237,22
0,BNC39,2,Automobile shop,22.0726367,15.1560267,6.916609999999999,56.6673742561497,8.192940509317383,2.6167070875,9
1,BNC39,2,Police station ,15.9573206,4.9309036,11.026417,111.69363736823485,10.129640241996547,1.0956764,11
2,BNC39,2,Fire Station,17.4670991,5.639849100000001,11.82725,134.1495888013252,11.34241592942782,0.9027713076923078,14
3,BNC39,2,Bank,113.6020618,0.1526249999999999,113.4494368,465.0153737577408,4.098877763293936,1.9819767589285715,57
4,BNC39,2,Pawn Shop,48.9300597,14.6802697,34.24979,200.9042711734892,5.865854102273012,2.0364891173913047,24
5,BNC39,2,Pizzeria,19.9787469,4.2359599,15.742787,124.49679124536516,7.908179869635863,1.204069384615385,14
6,BNC39,2,Quattroki Restaurant,31.055066600000004,8.472081600000001,22.582985,195.38194195496555,8.651732353139566,1.3815556476190485,22
7,BNC39,2,High School,20.5065236,4.8196326,15.686891,205.75817355493703,13.11656806660651,0.8186693684210526,20
0,BNC39,3,Automobile shop,18.0511567,9.9405267,8.110629999999999,56.25866447108228,6.936411163014745,2.0515570875,9
1,BNC39,3,Police station ,15.3676991,8.4443821,6.923316999999999,99.08455044991958,14.311716544240223,0.8584431250000004,9
2,BNC39,3,Fire Station,18.3539497,4.4656087,13.888341,137.84848888679778,9.92548274029258,1.2519506928571429,15
3,BNC39,3,Bank,122.7404677,5.736225699999999,117.004242,543.2646041395121,4.643118872044931,1.6176439026666658,76
4,BNC39,3,Pawn Shop,101.2001278,9.5699768,91.630151,453.80503726417714,4.952573277590442,1.4271877114285727,71
5,BNC39,3,Pizzeria,22.0968693,11.3055893,10.79128,119.93867348965831,11.114406584729368,0.7638314285714284,15
6,BNC39,3,Quattroki Restaurant,30.1092054,13.9924954,16.11671,189.1172006673983,11.734231159299776,1.3583821619047622,22
7,BNC39,3,High School,18.7925413,5.771782299999999,13.020758999999998,200.771218201979,15.41931758371221,0.7164083333333332,19
0,BNC40,1,Automobile shop,157.3298667,108.7336667,48.5962,78.72346501170887,1.6199510457959445,13.884769699999994,12
1,BNC40,1,Police station ,320.0976279,16.1319579,303.96567,904.8049426656788,2.9766681963317723,2.5966991561983463,122
2,BNC40,1,Fire Station,89.8598733,4.888899299999999,84.97097400000001,350.339587651617,4.12305015653483,2.05782521627907,44
3,BNC40,1,Bank,359.5917693,20.0692093,339.52256,1441.4476699040804,4.245513670443815,1.8360877165803116,194
4,BNC40,1,Pawn Shop,37.1106666,4.964238600000001,32.146428,108.2632686092505,3.367816437000419,3.3996384000000006,10
5,BNC40,1,Pizzeria,114.4361011,3.9305051,110.505596,440.3066480748635,3.98447376434098,1.9727664929824555,58
6,BNC40,1,Quattroki Restaurant,262.2940861,5.6525631,256.641523,1018.1458630914108,3.967190699267362,1.896247467883211,138
7,BNC40,1,High School,34.478818,5.527504,28.951314,249.86104622836567,8.63038707771142,1.251784217391304,24
0,BNC40,2,Automobile shop,29.3651167,7.664391699999999,21.700725,61.5914258072521,2.8382197280160963,3.1142265222222227,10
1,BNC40,2,Police station ,82.0261268,8.8878308,73.138296,318.3000213961903,4.352029494865321,1.868392051282052,40
2,BNC40,2,Fire Station,29.291258300000003,6.1518253000000005,23.139433,140.6851897542289,6.079889241634784,1.9213543333333336,13
3,BNC40,2,Bank,209.3997346,12.7359746,196.66376,727.5794383309195,3.69961114508804,2.212332814893617,95
4,BNC40,2,Pawn Shop,254.2249959,6.5067539,247.718242,1122.836042651366,4.532714399980951,1.5705583496815283,158
5,BNC40,2,Pizzeria,53.7006877,4.7016467,48.999041000000005,127.10519710672745,2.5940343833816546,3.762164923076924,14
6,BNC40,2,Quattroki Restaurant,70.20700869999999,11.4998487,58.70716,329.5197229391894,5.612939255436465,1.7546297102564108,40
7,BNC40,2,High School,30.8188629,4.479078899999999,26.339784,258.6202099860652,9.818615444457146,1.1264106625,25
0,BNC40,3,Automobile shop,84.6788067,5.6596257,79.019181,431.3772603516526,5.459146183148273,1.2927554953124996,65
1,BNC40,3,Police station ,43.9991521,4.9582641,39.040888,293.1169628805499,7.507948151193434,1.1085374857142851,36
2,BNC40,3,Fire Station,21.6661306,3.6103086,18.055822,137.28151408141517,7.603171657397551,1.3819887692307695,14
3,BNC40,3,Bank,63.6516333,7.673479299999999,55.978154,262.6932511440518,4.692781600909023,2.1419150851851856,28
4,BNC40,3,Pawn Shop,65.2558909,5.694336900000001,59.561554,289.068482050701,4.853273003096947,1.6973177750000006,37
5,BNC40,3,Pizzeria,34.2565758,4.214631799999999,30.041944,226.71438745392436,7.54659510229845,1.236612251851852,28
6,BNC40,3,Quattroki Restaurant,221.1148779,0.3607069,220.754171,931.5155477889524,4.219696251125205,1.759778400806452,125
7,BNC40,3,High School,22.0619243,3.2773853,18.784539,242.4066826224796,12.904585128359,0.9676232409090908,23
0,BNC41,1,Automobile shop,35.089786700000005,10.0827267,25.00706,73.37215512738985,2.9340576272216667,2.325030609090909,12
1,BNC41,1,Police station ,129.74687640000002,10.4997964,119.24708,443.51828366549273,3.7193219629821774,2.3013590254545453,56
2,BNC41,1,Fire Station,55.41697430000001,9.5149743,45.90200000000001,232.79291596230712,5.071520107235133,1.632446642857143,29
3,BNC41,1,Bank,76.8522418,5.569456799999999,71.282785,314.5222512770501,4.412317101205432,2.0507283833333325,37
4,BNC41,1,Pawn Shop,16.2573339,3.4242089,12.833125,109.84922860460352,8.559819109110489,1.43205079,11
5,BNC41,1,Pizzeria,57.5894492,3.9580852,53.631364,217.2966698720197,4.0516715157947445,1.768311522580645,32
6,BNC41,1,Quattroki Restaurant,177.2057482,5.5346232,171.671125,783.8626233898258,4.566071454298594,1.178596084137931,146
7,BNC41,1,High School,15.1108765,4.7014215,10.409455,214.75447906995072,20.63071304597125,0.6975869250000001,21
0,BNC41,2,Automobile shop,9.0718907,1.9196037,7.152286999999999,56.63710110937456,7.918739993148284,0.79956027,11
1,BNC41,2,Police station ,13.3956437,5.2499447,8.145699,99.96163156983889,12.271707016161397,0.8076619000000005,11
2,BNC41,2,Fire Station,101.16489570000002,4.534843700000001,96.630052,484.9668203394328,5.018799124100987,0.9691350101010102,100
3,BNC41,2,Bank,24.312094,2.874995,21.437099,154.0137443818535,7.184448995727151,1.1466515294117643,18
4,BNC41,2,Pawn Shop,92.2416416,4.7779716,87.46367000000001,396.2570984870737,4.530533631701868,0.942259745833334,97
5,BNC41,2,Pizzeria,27.749489,6.166736,21.582753,135.57938143656432,6.28183908867253,0.9314574347826088,24
6,BNC41,2,Quattroki Restaurant,45.5406035,4.714287500000001,40.826316,320.3768444512364,7.847312122191883,0.6899486171875001,65
7,BNC41,2,High School,10.4927055,2.4307475000000003,8.061958,217.4783887267935,26.97587716616652,0.3291098750000002,25
0,BNC41,3,Automobile shop,36.0110667,28.7198467,7.291220000000003,59.34993068020806,8.1399176928152,2.919001391666667,13
1,BNC41,3,Police station ,15.5342872,5.2637802,10.270507,103.89865267766793,10.116214581974182,0.8489602500000001,13
2,BNC41,3,Fire Station,18.833006,6.854151,11.978855,139.95433915965754,11.683448807056896,0.5919813500000002,21
3,BNC41,3,Bank,203.6288741,5.8543301,197.774544,944.2611015590572,4.774431948931998,0.7541144985018728,268
4,BNC41,3,Pawn Shop,160.1220267,7.4236237,152.69840299999998,653.084080962313,4.276954232208395,0.7506357652380953,211
5,BNC41,3,Pizzeria,20.7497073,3.7501523,16.999555,132.12801087178823,7.772439388665658,0.646906,27
6,BNC41,3,Quattroki Restaurant,19.2563655,3.7501475,15.506218000000002,198.39978447649852,12.7948532954005,0.4942100135135133,38
7,BNC41,3,High School,26.3182384,2.1936374,24.124601,273.29624843099185,11.328529264836,0.4658113280000001,51
0,BNC42,1,Automobile shop,33.210166699999995,14.849516700000002,18.36065,78.50547844728104,4.275746144460085,2.741926063636364,12
1,BNC42,1,Police station ,72.31836799999999,6.7290220000000005,65.58934599999999,406.7657425435948,6.201704504624804,1.375513180000001,51
2,BNC42,1,Fire Station,14.930450700000002,6.4374207,8.49303,137.5590025002277,16.196693347395186,0.7008225833333336,13
3,BNC42,1,Bank,194.3231973,5.853951299999999,188.469246,1199.955660506028,6.36685128196474,1.0996961788571429,176
4,BNC42,1,Pawn Shop,159.9339223,3.0831753,156.850747,1061.436820368719,6.767177336864829,0.94997861626506,167
5,BNC42,1,Pizzeria,160.65020090000002,7.3333129,153.316888,1114.8482218370846,7.27152916016065,0.9071804279999997,176
6,BNC42,1,Quattroki Restaurant,11.4719014,2.8330844,8.638817,189.12096314454743,21.891997844675657,0.5337465199999999,21
7,BNC42,1,High School,12.7915274,2.9306234,9.860904,233.42013753225703,23.67127167369818,0.4040014583333334,25
0,BNC42,2,Automobile shop,12.3040267,2.5888427,9.715184,63.29718625409137,6.515284348097922,1.2413432999999998,10
1,BNC42,2,Police station ,53.8533581,3.5070041,50.346354,340.1224828118294,6.755652709465902,1.0875551304347824,47
2,BNC42,2,Fire Station,13.4651427,5.4647387,8.000404,139.5582576070751,17.44390128386955,0.5646577142857141,15
3,BNC42,2,Bank,51.35320420000001,2.4099702,48.943234,371.4234126702317,7.588861264669018,0.7824488064516126,63
4,BNC42,2,Pawn Shop,21.0062286,7.1456976,13.860531000000002,126.76992632343963,9.146108927820991,1.1903142705882357,18
5,BNC42,2,Pizzeria,47.3395438,3.7085858,43.630958,263.57466181776255,6.041001020829351,0.9907305733333328,46
6,BNC42,2,Quattroki Restaurant,19.1731601,3.3614701,15.81169,193.3278546968052,12.226893816967396,0.8679283380952378,22
7,BNC42,2,High School,16.041673,1.861352,14.180321,238.4885588923258,16.8182764616066,0.4820698965517243,30
0,BNC42,3,Automobile shop,5.4914477,1.6644057000000003,3.827042,62.7404943918823,16.393991597657486,0.4184652454545454,12
1,BNC42,3,Police station ,34.5062427,1.8264617,32.679781,314.96146856542987,9.637808422444136,0.609694849056604,54
2,BNC42,3,Fire Station,8.770620400000002,3.2985944000000003,5.4720260000000005,140.11602662938034,25.605877353174183,0.3578877333333334,16
3,BNC42,3,Bank,13.6457219,4.0275249,9.618197,152.6515955779936,15.871123826845466,0.5942113125,17
4,BNC42,3,Pawn Shop,10.2287709,2.0417409,8.18703,123.76407570781966,15.117090777463824,0.6096805933333332,16
5,BNC42,3,Pizzeria,97.2826702,7.8748012,89.407869,536.4106563070288,5.999591113250097,1.0948548659090898,89
6,BNC42,3,Quattroki Restaurant,9.0899178,3.0415648,6.0483530000000005,190.31979463479107,31.466383432777658,0.4422010947368419,20
7,BNC42,3,High School,11.5901848,1.8065608,9.783624,237.75655994979772,24.301481736194862,0.4006702083333334,25
0,BNC43,1,Automobile shop,67.3350667,8.7592457,58.57582099999999,129.06060980438676,2.203308593905782,3.4488789315789474,20
1,BNC43,1,Police station ,191.3717225,8.1735885,183.198134,552.5255914309979,3.0160001052794456,2.338270344155845,78
2,BNC43,1,Fire Station,43.3532661,20.9858361,22.367429999999995,140.99425853053515,6.303552018740427,2.9920825785714285,15
3,BNC43,1,Bank,127.466835,27.746555,99.72028,403.2870836903825,4.044183226224219,2.1279797457627123,60
4,BNC43,1,Pawn Shop,107.400636,8.804609,98.596027,382.3082542637741,3.87752190322815,1.7074824516129032,63
5,BNC43,1,Pizzeria,32.2146589,4.4795979,27.735061,139.67269990078222,5.035961518194686,1.841969333333334,16
6,BNC43,1,Quattroki Restaurant,96.004359,0.4451469,95.5592121,484.5688922983415,5.070875760164848,1.2872064055555557,73
7,BNC43,1,High School,58.3601181,5.9869871,52.373131,320.0696565276297,6.111333243140069,1.3749431975609758,42
0,BNC43,2,Automobile shop,17.0129467,3.2844497,13.728497,56.6578806947466,4.127027211700349,1.6025893000000002,10
1,BNC43,2,Police station ,27.4993958,8.0070638,19.492332,130.4745779152056,6.693636139339592,1.3854142857142862,15
2,BNC43,2,Fire Station,21.3258669,7.736354899999999,13.589512,140.6162564145384,10.347410298069452,0.8990619999999996,16
3,BNC43,2,Bank,27.8049297,5.5415877,22.263342,170.46105196069612,7.6565796797577,1.68728816875,17
4,BNC43,2,Pawn Shop,31.4787138,13.7428538,17.735860000000002,111.86173345719824,6.307093845869228,2.258650316666666,13
5,BNC43,2,Pizzeria,165.4695221,1.3889671,164.080555,661.0036915235055,4.028531543689047,1.134984174305556,145
6,BNC43,2,Quattroki Restaurant,101.33790249999998,8.368034499999998,92.969868,578.7171136071653,6.22478149164593,0.7183420839416053,138
7,BNC43,2,High School,26.8191234,6.020940400000001,20.798183,247.6556671659461,11.907562654196578,0.643020875,33
0,BNC43,3,Automobile shop,12.6378667,3.4091627,9.228704,60.36648359752031,6.541165866574581,1.008069891666667,13
1,BNC43,3,Police station ,68.547177,3.312635,65.234542,409.9261410900715,6.283881644943127,0.757923896551724,88
2,BNC43,3,Fire Station,18.749504,7.236148999999999,11.513355,135.38701133552223,11.759127668305393,0.6327854444444443,19
3,BNC43,3,Bank,19.2563501,4.6246251,14.631725,142.9599445944594,9.770546165572371,1.0192093153846151,14
4,BNC43,3,Pawn Shop,19.42317,4.7014000000000005,14.72177,135.1559253824547,9.180684481720249,0.8260838695652175,24
5,BNC43,3,Pizzeria,22.6240873,0.7909132,21.8331741,134.73735362109022,6.171221509248636,0.9855166863636364,23
6,BNC43,3,Quattroki Restaurant,162.12233179999998,7.4582788,154.664053,681.0947678799889,4.403704381650912,0.8571698622950822,184
7,BNC43,3,High School,25.7982547,4.2014327,21.596822,237.1264351725207,10.979691140322435,0.6679805937500004,33
0,BNC44,1,Automobile shop,102.3855667,21.531926700000003,80.85364,237.64957315641152,2.93925632978814,1.702844520338984,60
1,BNC44,1,Police station ,90.755733,11.229063,79.52667000000001,317.1887485175273,3.988457564204905,1.443010377049181,62
2,BNC44,1,Fire Station,40.8324342,3.8401092,36.992325,150.53704701810938,4.069412966557506,1.98536681,21
3,BNC44,1,Bank,28.1998271,4.3877921,23.812035,145.0024223194429,6.089459482125021,1.43321634,16
4,BNC44,1,Pawn Shop,80.5272588,5.5561508,74.971108,372.2224541168053,4.964878658546773,1.2230671999999996,65
5,BNC44,1,Pizzeria,43.887945300000005,2.7567603,41.131185,254.3814369294552,6.184636716142634,1.0229808404761909,43
6,BNC44,1,Quattroki Restaurant,271.77126970000006,3.8123827,267.95888700000006,1252.500953465958,4.6742280783766565,1.2672765384976523,214
7,BNC44,1,High School,103.8799738,4.819425800000001,99.060548,559.6313623001303,5.649386901232671,1.1793265609195398,88
0,BNC44,2,Automobile shop,20.4001167,5.4770107,14.923106,58.82571268400922,3.941921519823636,1.287795046666667,16
1,BNC44,2,Police station ,94.2758166,3.7431866,90.53263,378.3713458224535,4.179391958705424,1.2075009558441558,78
2,BNC44,2,Fire Station,26.7217607,11.4791907,15.24257,142.77660464765827,9.366964012476783,0.8896582352941178,18
3,BNC44,2,Bank,32.1940867,4.6390837,27.555003,173.2701257522692,6.288154849856819,1.2757446958333334,25
4,BNC44,2,Pawn Shop,150.4623507,6.3402087,144.122142,571.6831059602548,3.966657017630607,1.2195222762295077,123
5,BNC44,2,Pizzeria,38.7561698,8.458461799999998,30.297708,154.8874395960083,5.11218339011018,1.2090054758620687,30
6,BNC44,2,Quattroki Restaurant,53.846224500000005,5.874812499999999,47.971412,263.88649458602424,5.500911555115873,1.1607128333333323,46
7,BNC44,2,High School,94.4560535,0.4860945,93.969959,485.9312690588273,5.171134203206658,1.1255894855421686,84
0,BNC44,3,Automobile shop,17.078586700000002,4.8907497,12.187837,61.15684900184871,5.017859116580629,1.02145038,16
1,BNC44,3,Police station ,24.5550744,2.6321044,21.92297,142.10267399588847,6.481907971223263,1.1327885904761903,22
2,BNC44,3,Fire Station,18.1940088,6.4586358,11.735373,136.93613779585178,11.668665137090382,0.6833579999999996,18
3,BNC44,3,Bank,78.79730330000001,0.1112822,78.6860211,434.9525820046407,5.527698261065594,0.9222748071428576,85
4,BNC44,3,Pawn Shop,35.310894399999995,3.6110514,31.699843,138.33047179139012,4.363758892792943,1.1429872466666662,31
5,BNC44,3,Pizzeria,119.7069112,2.0356332,117.671278,511.5921788367114,4.347638502207067,1.034559054867257,114
6,BNC44,3,Quattroki Restaurant,19.9434183,3.4723283,16.471089999999997,191.30540886406453,11.614617421437474,0.8582572409090905,23
7,BNC44,3,High School,55.7008965,6.9171535,48.783743,255.94253663022076,5.246471895980198,1.2623334024390254,42
0,BNC45,1,Automobile shop,28.5822767,12.0819467,16.50033,61.94237464378264,3.7540082315797703,2.832538522222222,10
1,BNC45,1,Police station ,40.3322479,4.9654909,35.366757,189.8192340195704,5.367165386964103,1.7163016142857137,22
2,BNC45,1,Fire Station,26.1799434,4.854092400000001,21.325851000000004,145.8693704497452,6.840025771995929,1.5699190266666667,16
3,BNC45,1,Bank,226.6832848,4.8194308,221.863854,1142.8308775325336,5.151045818993722,1.3804836613496927,164
4,BNC45,1,Pawn Shop,67.7695911,7.2904481,60.47914299999999,339.7333497253531,5.617363819546073,1.2832792104166666,49
5,BNC45,1,Pizzeria,17.478902499999997,3.1320395,14.346863,118.6503281954,8.270123454541945,1.2841862692307693,14
6,BNC45,1,Quattroki Restaurant,285.00810019999994,6.7221812,278.285919,1476.295440472023,5.304959179310913,1.26259108161435,224
7,BNC45,1,High School,21.5480349,3.0136349,18.5344,238.6864797338052,12.87802571077592,0.835541772727273,23
0,BNC45,2,Automobile shop,10.2925567,1.2711967000000002,9.02136,66.06902008589766,7.323620838310149,0.8654265700000001,11
1,BNC45,2,Police station ,18.6178045,3.6320805,14.985723999999998,127.36252989800693,8.49892403583617,1.0634365,15
2,BNC45,2,Fire Station,14.6521018,4.152563799999999,10.499538,136.48187217327492,12.998845489513435,0.8006949999999997,14
3,BNC45,2,Bank,154.62231300000002,3.513776,151.108537,747.3709574549077,4.945921470041813,1.3513690000000005,113
4,BNC45,2,Pawn Shop,88.1026002,3.7568862,84.345714,460.83617582866566,5.46365848333047,1.2047228638888894,73
5,BNC45,2,Pizzeria,21.0623666,3.0068576,18.055509,141.6261135086391,7.843928050360647,0.9961331111111112,19
6,BNC45,2,Quattroki Restaurant,22.2626387,2.5554947,19.707144,183.12397505684163,9.29226350895095,1.0146251421052634,20
7,BNC45,2,High School,79.13137710000001,2.7303631,76.401014,583.6061974750074,7.638723191226329,1.0455359743243249,75
0,BNC45,3,Automobile shop,12.3466367,3.4436737,8.902963,68.7423748212641,7.721291756605536,1.1256739699999998,11
1,BNC45,3,Police station ,16.5479399,3.5207249,13.027215,117.49833036948296,9.019451231094518,1.1771421818181815,12
2,BNC45,3,Fire Station,13.1398791,2.6389581,10.500921,140.6768720187327,13.396622259964882,0.8933042214285714,15
3,BNC45,3,Bank,87.59488999999999,4.055244,83.539646,485.82229435710985,5.815469871120951,1.1704593013698623,74
4,BNC45,3,Pawn Shop,105.6237089,5.5484809,100.075228,608.935347795118,6.084776022644865,1.1762425556818183,89
5,BNC45,3,Pizzeria,12.756793900000002,3.6876749,9.069119,126.5327137811069,13.952040300839244,0.6408391428571427,15
6,BNC45,3,Quattroki Restaurant,17.7427331,1.9643121,15.778420999999998,188.3764258180679,11.938864213223106,0.9047755611111112,19
7,BNC45,3,High School,20.2209564,2.9375674,17.283389,237.87880016101016,13.763434946757847,0.7787771363636362,23
0,BNC46,1,Automobile shop,54.05518670000001,40.8610067,13.194180000000005,72.01195884181853,5.457857846551928,4.439527225,13
1,BNC46,1,Police station ,308.5488497,4.2501607,304.298689,1487.0880669889946,4.886935503652448,1.3806753018099551,222
2,BNC46,1,Fire Station,56.345952100000005,12.6805221,43.66543,217.78068500564856,4.987485180053158,1.853176503571429,29
3,BNC46,1,Bank,18.770901,6.264116,12.506785,142.40004824986426,11.385823634920104,1.8688965555555552,10
4,BNC46,1,Pawn Shop,168.08743710000002,4.4234601,163.663977,884.8343652262139,5.406408798352822,1.2741600469230774,131
5,BNC46,1,Pizzeria,53.1449123,4.6110893,48.533823,256.2123401834462,5.279047154052674,1.3047695135135131,38
6,BNC46,1,Quattroki Restaurant,354.3001692,6.0344262,348.265743,2080.7885705038766,5.9747150339270565,1.1782487523489933,299
7,BNC46,1,High School,364.7357488,7.3746898,357.361059,1853.2362863178064,5.185893201412878,1.3072003072463765,277
0,BNC46,2,Automobile shop,19.9929467,5.1460187,14.846928,64.88059352502873,4.369967546486972,1.1568973133333336,16
1,BNC46,2,Police station ,140.8722072,7.6110092,133.26119799999998,652.262245159706,4.894614898777258,1.0827848349206337,127
2,BNC46,2,Fire Station,18.506622,4.368097,14.138525,147.87885842062863,10.459284714680535,0.8767634375000002,17
3,BNC46,2,Bank,28.6451193,5.6524073,22.992712,164.80837913240956,7.167852975865116,1.14270255,21
4,BNC46,2,Pawn Shop,19.0895629,2.5617249,16.527838,104.9234864587414,6.348288654495609,1.090667593333333,16
5,BNC46,2,Pizzeria,23.076183,3.298684,19.777499,125.56980402700746,6.349124529193882,0.8919584545454544,23
6,BNC46,2,Quattroki Restaurant,36.214727100000005,3.5477791,32.666948,227.10083321698505,6.952006450586846,0.9386149216216214,38
7,BNC46,2,High School,35.3116129,3.1252279,32.186384999999994,319.10764075195544,9.914367231733404,0.8798778692307689,40
0,BNC46,3,Automobile shop,18.4654567,3.0077417,15.457715,59.430346168802615,3.844704483735314,0.8507090583333333,13
1,BNC46,3,Police station ,64.3658677,0.1804301,64.18543759999999,265.71789868290347,4.139847115148491,1.2981064804347824,47
2,BNC46,3,Fire Station,21.3198138,9.7506578,11.569156,146.71007338481456,12.681138830249548,0.6735928823529415,18
3,BNC46,3,Bank,22.3745252,3.1876442,19.186881000000003,135.1713888872039,7.044990214261707,1.1217468235294117,18
4,BNC46,3,Pawn Shop,207.3359959,3.8473029,203.488693,899.8926350909038,4.422322546889148,1.017430118316831,203
5,BNC46,3,Pizzeria,23.2841795,2.6528565,20.631323,131.86647387547967,6.391566545464857,0.890078608695652,24
6,BNC46,3,Quattroki Restaurant,776.0916546,3.0484776000000005,773.043177,4434.785448319907,5.736788811111785,0.9782301903307884,787
7,BNC46,3,High School,40.6033617,5.3753397,35.228022,319.0253551509344,9.056011011658118,1.0283582138888891,37
0,BNC47,1,Automobile shop,336.2721667,65.6391167,270.63305,1030.2335943092585,3.806754549413895,2.245184340268456,150
1,BNC47,1,Police station ,244.7529765,13.187356499999998,231.56562,1201.6309693467713,5.189159640134711,1.362259241477272,177
2,BNC47,1,Fire Station,87.24228480000001,15.7012448,71.54104000000001,534.5033021997718,7.471282248619419,1.1485580957746475,72
3,BNC47,1,Bank,215.5999963,7.513652299999999,208.086344,1169.4333925304772,5.619943000826989,1.2417167052325573,173
4,BNC47,1,Pawn Shop,58.5473176,8.7292086,49.818109,345.0294005040814,6.925782761125707,1.1470711755102048,50
5,BNC47,1,Pizzeria,67.3667528,9.7983698,57.568383,251.0209706984148,4.360396412357366,1.9450240823529408,35
6,BNC47,1,Quattroki Restaurant,748.1810609,5.6108579,742.5702030000001,4317.656949711997,5.8144764390876,1.04884032659123,708
7,BNC47,1,High School,46.8322714,5.0278974000000005,41.804374,606.7536153386933,14.51411795662084,0.55887876097561,83
0,BNC47,2,Automobile shop,117.1091667,33.1882767,83.92089,594.026828602937,7.078414309034819,1.214941228421052,96
1,BNC47,2,Police station ,55.82526970000001,6.556632700000001,49.268637,320.3174740230262,6.501447848517226,1.1187856957446811,48
2,BNC47,2,Fire Station,21.118458,5.119099,15.999358999999998,170.42689880109205,10.652107925142005,0.9071188095238094,22
3,BNC47,2,Bank,59.9366012,5.4791462,54.457455,399.6790837423743,7.339290529503707,0.9320140689655172,59
4,BNC47,2,Pawn Shop,27.3536592,4.3194622,23.034197,128.76789431270043,5.590292308114774,1.5666618133333332,16
5,BNC47,2,Pizzeria,63.1032266,5.4929996,57.610227,458.8589060044146,7.964886269314902,0.8290297783783788,75
6,BNC47,2,Quattroki Restaurant,634.7930753999999,6.569353400000001,628.223722,3199.779469705094,5.093375747605236,1.0185213436893208,619
7,BNC47,2,High School,48.6934009,5.5971519,43.096249,593.7118237048935,13.776415290919948,0.5568271695121951,83
0,BNC47,3,Automobile shop,14.3420667,6.9468597,7.395207,70.04574049942671,9.471775502623078,0.964829746153846,14
1,BNC47,3,Police station ,128.7469462,3.5066982,125.240248,1020.989832701364,8.152250167225507,0.770476552727273,166
2,BNC47,3,Fire Station,20.5829812,4.7220092,15.860972,141.19806943338827,8.902233068275278,0.7588829181818183,23
3,BNC47,3,Bank,125.205982,2.583021,122.622961,891.8799487834111,7.2733519196572916,0.7737154203821658,158
4,BNC47,3,Pawn Shop,58.42940149999999,5.7913695,52.638032,567.4014070342364,10.779305104610229,0.6137927580645162,94
5,BNC47,3,Pizzeria,21.6998598,6.6522048,15.047655,145.41966213237856,9.663941799062949,0.7850787368421054,20
6,BNC47,3,Quattroki Restaurant,71.26358859999999,3.8201336,67.443455,610.7313756802541,9.055458023024682,0.7298376520833333,97
7,BNC47,3,High School,41.2687789,5.811298900000001,35.45748,609.1471244073621,17.179650793213792,0.5017662112500002,81
0,NAV053,1,Automobile shop,185.8119667,15.5376067,170.27436,586.9493872188049,3.447080272207776,1.480039166935485,125
1,NAV053,1,Police station ,40.839286,10.916326,29.92296,198.31296924464544,6.627451603873595,1.3533118181818184,23
2,NAV053,1,Fire Station,45.5544846,20.3818446,25.17264,156.8410691512301,6.230616619918695,2.426660255555556,19
3,NAV053,1,Bank,475.9492931,5.9650811,469.984212,2176.140467702646,4.630241638207725,1.4357091553191477,330
4,NAV053,1,Pawn Shop,36.3601122,12.312522199999998,24.04759,184.49926188896043,7.672255801473679,1.4554196749999997,25
5,NAV053,1,Pizzeria,26.7637675,10.3890875,16.374679999999998,127.58438189243226,7.791564897294621,1.084702666666666,16
6,NAV053,1,Quattroki Restaurant,480.3954766,19.7079166,460.68756,2403.0754593923684,5.216280334099685,1.2593807090425528,377
7,NAV053,1,High School,32.6866745,13.8540545,18.83262,208.33934343722356,11.06268503464858,0.9840957894736848,20
0,NAV053,2,Automobile shop,38.9331967,0.2387266,38.6944701,62.15950263644321,1.6064182420847577,3.160417158333333,13
1,NAV053,2,Police station ,21.4927407,5.1318957,16.360845,163.14014588305255,9.971376532388916,0.8110696000000001,21
2,NAV053,2,Fire Station,533.0524263,6.7151443,526.337282,3753.768254618473,7.131868448221521,0.8955118479661025,591
3,NAV053,2,Bank,72.782804,3.458278,69.32452599999999,498.1459720094769,7.185710465722866,1.0359120000000004,70
4,NAV053,2,Pawn Shop,63.4847162,1.0071321999999998,62.477584,351.3846477282684,5.624171506508132,1.0461870561403506,58
5,NAV053,2,Pizzeria,24.3397901,14.5068701,9.83292,124.00501761571158,12.611209855842576,0.607600625,17
6,NAV053,2,Quattroki Restaurant,25.596319,7.686388000000001,17.909930999999997,189.4596439489174,10.57846866908183,1.1676292857142858,22
7,NAV053,2,High School,16.9645943,3.9165993,13.047995,214.47394197946252,16.43731025184042,0.586163409090909,23
0,NAV053,3,Automobile shop,19.789996700000003,6.7828957,13.007101,64.99199546073612,4.996654939539265,1.3351346214285715,15
1,NAV053,3,Police station ,21.8952578,2.7082118,19.187046,166.88195231648007,8.69763653646737,0.7924035833333335,25
2,NAV053,3,Fire Station,18.5205683,6.5279593,11.992609,149.25700312822804,12.44574913834246,0.6593536111111111,19
3,NAV053,3,Bank,77.44280309999999,2.5625331,74.88027000000001,536.8177760055171,7.1690149622259245,0.902856842682927,83
4,NAV053,3,Pawn Shop,37.8184508,1.7291278,36.089323,257.1486395958913,7.125338416458833,0.8756343999999998,43
5,NAV053,3,Pizzeria,14.4786966,5.5138186,8.964878,129.60933424139762,14.457456558962388,0.520345176470588,18
6,NAV053,3,Quattroki Restaurant,18.3950294,4.8402684,13.554761,195.6944281486637,14.437320447676186,0.7453539333333333,25
7,NAV053,3,High School,22.235426,9.875035,12.360390999999998,242.64769132504537,19.631069221438494,0.48742708,26
0,NAV058,1,Automobile shop,230.9807667,19.103546700000003,211.87722,1153.8932877884106,5.446046950155428,1.3629686029940111,168
1,NAV058,1,Police station ,66.95676359999999,7.902828599999999,59.053935,292.2949204551817,4.949626480524654,1.305372533333334,46
2,NAV058,1,Fire Station,21.1798906,9.8956006,11.284290000000002,137.50816458224034,12.185805627313751,0.7453852666666666,16
3,NAV058,1,Bank,70.3316836,8.194279599999998,62.137404,323.14030106283974,5.2004152130790615,1.5617013545454546,45
4,NAV058,1,Pawn Shop,166.1074517,5.4650177,160.642434,794.0259506221162,4.942815735860402,1.2450402147286828,130
5,NAV058,1,Pizzeria,27.8187326,11.4582426,16.360490000000002,126.262863758021,7.717547809266165,1.0837293333333329,16
6,NAV058,1,Quattroki Restaurant,194.2241008,8.6379988,185.586102,932.2613558613854,5.023336046259463,1.1328416734939766,167
7,NAV058,1,High School,26.388394400000003,5.2917994,21.096595,240.10464369759137,11.381203634880006,0.7744456666666669,28
0,NAV058,2,Automobile shop,19.4021267,6.833310700000001,12.568815999999998,58.3614482239241,4.643352900060285,1.5329598083333331,13
1,NAV058,2,Police station ,82.1304398,3.8741218,78.256318,415.4060139255975,5.308274456838073,1.0697366821917806,74
2,NAV058,2,Fire Station,48.331999,3.965112,44.366887,289.8797546913547,6.533696057858527,0.997976,46
3,NAV058,2,Bank,92.1920457,8.2565267,83.93551899999999,488.7631266824984,5.823078626373878,1.0891533939759035,84
4,NAV058,2,Pawn Shop,23.8605764,2.8888064,20.97177,99.32219438342706,4.735994834171225,1.7119753384615384,14
5,NAV058,2,Pizzeria,20.5481312,2.9023761999999995,17.645754999999998,157.36069000205256,8.917764640960536,0.6988861200000003,26
6,NAV058,2,Quattroki Restaurant,61.5260551,4.8888921,56.637163,396.9388338555316,7.008451921497755,0.8592755098360653,62
7,NAV058,2,High School,19.1591567,6.9228507,12.236306,215.41311653887664,17.60442379741702,0.8472179857142856,22
0,NAV058,3,Automobile shop,16.710396699999997,4.5233237,12.187073,60.789184821212025,4.988005308675186,0.9002509769230769,14
1,NAV058,3,Police station ,44.5823652,5.2016472,39.380718,202.7271639714037,5.147878816516339,1.2237479687499997,33
2,NAV058,3,Fire Station,49.7489304,2.6877224,47.061208,372.3562034623873,7.912168414002193,0.8186602280701755,58
3,NAV058,3,Bank,139.10761029999998,6.1874083,132.920202,747.5619569446764,5.624140993591602,1.0138221799999996,136
4,NAV058,3,Pawn Shop,47.5472303,4.201240299999999,43.34599,208.73254438814533,4.815498374547341,1.2647129540540538,38
5,NAV058,3,Pizzeria,15.2983566,2.4088936,12.889463,155.9303730386871,12.09750732351589,0.5788765454545455,23
6,NAV058,3,Quattroki Restaurant,50.2209457,0.3056052,49.915340500000006,389.7219836057119,7.807659523142226,0.7617649593220337,60
7,NAV058,3,High School,19.6174963,2.8124543,16.805042,210.65161079441896,12.535024357238676,0.7236719565217392,24
0,NAV059,1,Automobile shop,39.6022067,8.6863007,30.915906,64.4946905309045,2.086132961165832,4.1147990777777785,10
1,NAV059,1,Police station ,115.3937172,19.0759972,96.31772,216.67255859579677,2.2495607100728376,4.395173088,26
2,NAV059,1,Fire Station,69.7628201,11.9095401,57.853280000000005,174.69676871030308,3.0196519317539656,3.7189855611111113,19
3,NAV059,1,Bank,25.1246499,4.3959089,20.728741,128.55236340309284,6.201648397415591,2.5841275,9
4,NAV059,1,Pawn Shop,110.2202643,4.1321613,106.088103,450.9302914037737,4.250526483669651,1.55018470597015,68
5,NAV059,1,Pizzeria,37.6037163,4.4862773,33.117439,131.7346036674047,3.977801655116047,2.3586337857142854,15
6,NAV059,1,Quattroki Restaurant,78.4084785,5.749985499999999,72.65849299999999,293.55616798413257,4.040218230016587,2.0704092567567574,38
7,NAV059,1,High School,134.71951339999998,5.1389554,129.58055800000002,529.3131655370859,4.084819310139765,1.9052432411764704,69
0,NAV059,2,Automobile shop,11.5457467,2.8237767,8.72197,56.95851960047823,6.53046497528405,1.1069921888888887,10
1,NAV059,2,Police station ,41.02702310000001,3.0140691,38.012954,226.49311701842785,5.958314026803279,1.3506707142857144,29
2,NAV059,2,Fire Station,29.1384549,8.5486649,20.58979,140.56922049959215,6.827132306817706,1.9653787785714285,15
3,NAV059,2,Bank,128.4701882,3.8334802,124.63670799999998,512.7289542700695,4.113787683401182,1.753968467605634,72
4,NAV059,2,Pawn Shop,171.322632,12.208182,159.11444999999998,680.1087686448927,4.274336923170038,1.423787579831933,120
5,NAV059,2,Pizzeria,58.5755335,5.6320345000000005,52.943499,316.89841960220946,5.985596448814413,1.0292407589285717,57
6,NAV059,2,Quattroki Restaurant,15.3468592,2.7916202,12.555238999999998,189.6364142247421,15.104166015855384,0.6371107363636365,23
7,NAV059,2,High School,17.2427669,4.4307639,12.812003,206.98110435291028,16.155249444829998,0.6031496190476191,22
0,NAV059,3,Automobile shop,9.8376467,2.3382237,7.499423000000001,56.65070204543776,7.5540080944144306,0.6746746692307694,14
1,NAV059,3,Police station ,28.7909877,2.8402947,25.950693,184.6770487186361,7.116459229764542,0.9542232592592592,28
2,NAV059,3,Fire Station,11.5273616,4.0622526,7.465109000000001,140.07862369436666,18.76444452376605,0.432237,18
3,NAV059,3,Bank,111.1296889,3.6039669,107.525722,528.0407258599727,4.910831715782133,1.1297553843749997,97
4,NAV059,3,Pawn Shop,27.4925127,5.6873697000000005,21.805143,127.39916551493134,5.8426200422043255,1.4695038166666663,19
5,NAV059,3,Pizzeria,25.4584159,5.646212899999999,19.812203,120.49277038754587,6.081745194491793,1.1584270000000003,18
6,NAV059,3,Quattroki Restaurant,14.3257683,2.3748023000000003,11.950966,190.29986431354885,15.923387641931946,0.6249567761904762,22
7,NAV059,3,High School,15.735738899999998,3.3681879,12.367551,205.3016249863497,16.60002250941595,0.6440156842105262,20
0,NAV060,1,Automobile shop,22.0417667,3.6326157,18.409151,64.5463737199415,3.5062113250057814,2.076407070000001,11
1,NAV060,1,Police station ,87.1719459,8.0692059,79.10274,349.24999458798544,4.41514408461686,1.956420452272728,45
2,NAV060,1,Fire Station,51.9991119,11.7010819,40.29803,228.6257727043876,5.673373430522226,1.882672292592592,28
3,NAV060,1,Bank,52.450154,9.874705999999998,42.575448,221.2163800549337,5.19586734718408,2.3176366190476188,22
4,NAV060,1,Pawn Shop,115.4636721,0.8124293,114.6512428,538.0329596022698,4.692779131411821,1.4395314948051952,78
5,NAV060,1,Pizzeria,15.3746836,3.0891966,12.285487,139.12585096929698,11.32440667344298,0.8705341428571429,15
6,NAV060,1,Quattroki Restaurant,34.9650424,9.8122724,25.152770000000004,237.7070895948902,9.450533265119116,1.2278278615384612,27
7,NAV060,1,High School,11.5201916,3.9443806,7.575811,218.29138150993737,28.81425916115613,0.6033398666666665,19
0,NAV060,2,Automobile shop,20.4538867,4.7450687,15.708818,74.93043335942578,4.76995999058782,1.3979310583333333,13
1,NAV060,2,Police station ,15.9301131,6.0206041,9.909509,137.91079527232776,13.91701599668841,0.8188473333333336,13
2,NAV060,2,Fire Station,18.7706234,3.5628454,15.207778,140.29082578812051,9.224939092885268,1.0068770666666664,16
3,NAV060,2,Bank,55.568622,4.438029,51.130593,312.88949201166554,6.119418407912178,1.4687065277777778,37
4,NAV060,2,Pawn Shop,99.477832,6.429832,93.048,618.0994675495015,6.6428022907478015,1.1730759523809522,85
5,NAV060,2,Pizzeria,19.2356287,2.7839587,16.451670000000004,132.6463046942007,8.062786616446882,1.2782304785714285,15
6,NAV060,2,Quattroki Restaurant,30.3674263,4.9998093,25.367617000000003,228.4684944044884,9.00630494399566,1.061677252,26
7,NAV060,2,High School,15.8121501,4.0486611,11.763488999999998,214.00990130570528,18.19272337532728,0.8464067277777777,19
0,NAV060,3,Automobile shop,9.4887077,2.9820117,6.506695999999999,61.01767431019536,9.377674062257617,0.8273512699999997,11
1,NAV060,3,Police station ,15.2287331,1.8680741,13.360658999999998,146.88442833823223,10.99380115443649,0.8837926,16
2,NAV060,3,Fire Station,9.3819651,3.1877261,6.194239,135.9482638525797,21.94753283697637,0.4695271538461537,14
3,NAV060,3,Bank,47.5616147,2.8543297,44.707285,372.6310690074056,8.33490714113831,1.060305675,45
4,NAV060,3,Pawn Shop,47.9157068,4.8611758,43.054531,334.94987414439805,7.779666073807611,1.0017409953488374,44
5,NAV060,3,Pizzeria,12.9373417,3.9656017,8.97174,116.85570430000882,13.024865221240118,0.7407361666666668,13
6,NAV060,3,Quattroki Restaurant,14.2770683,3.3332513,10.943817,187.1080976007554,17.097151533213268,0.7075835166666666,19
7,NAV060,3,High School,9.0899452,2.1180332,6.971912,213.3280599242132,30.59821465391605,0.3803902222222221,19
0,NAV062,1,Automobile shop,86.1339667,12.6347167,73.49925,306.23150501669363,4.166457549113679,1.7294434020408165,50
1,NAV062,1,Police station ,55.020159500000005,4.1877085,50.832451000000006,323.08489284778943,6.3558787052741055,1.2005706704545458,45
2,NAV062,1,Fire Station,16.562446299999998,5.715332300000001,10.847113999999998,144.37343372122484,13.309847552189908,1.12946645,15
3,NAV062,1,Bank,204.7540272,3.8889592,200.865068,1046.9159885459674,5.2120361144425935,1.2872570713375802,158
4,NAV062,1,Pawn Shop,14.881589900000002,5.3541259000000005,9.527464,97.46198159628074,10.229582772108165,1.35417269,11
5,NAV062,1,Pizzeria,109.2203769,3.3472439,105.873133,584.9960067234892,5.525443425986924,1.277691867857142,85
6,NAV062,1,Quattroki Restaurant,38.6727827,5.3122037,33.360578999999994,218.57376736719837,6.551857729063946,1.4559588730769233,27
7,NAV062,1,High School,178.0115347,6.1593857000000005,171.852149,895.0763818372882,5.208409595374267,1.252350793430656,138
0,NAV062,2,Automobile shop,19.6410867,3.0991337,16.541953,78.4946954186112,4.745189121176393,1.2318516928571428,15
1,NAV062,2,Police station ,38.3532298,2.5831858,35.770044000000006,262.0488417862693,7.325930093523767,0.934401710526316,39
2,NAV062,2,Fire Station,10.708416,3.451614,7.256801999999999,128.82002185792211,17.75162418072343,0.800191,14
3,NAV062,2,Bank,24.3606708,3.1868248,21.173846,176.7034298825205,8.34536294835244,1.3163328,17
4,NAV062,2,Pawn Shop,48.01316,3.3404320000000003,44.672728,258.91947092942144,5.795918058315611,1.2991507999999994,36
5,NAV062,2,Pizzeria,49.895107,4.659771,45.235336,362.3469865935929,8.010264068638572,0.8992086792452831,54
6,NAV062,2,Quattroki Restaurant,33.4997929,4.284464900000001,29.215328,248.59068670175336,8.508913084999538,1.05047083,31
7,NAV062,2,High School,84.3598195,3.3406655,81.019154,538.2646487314636,6.643671553660799,1.022867364197531,82
0,NAV062,3,Automobile shop,7.9071377,2.0534007000000005,5.853737,57.217783206178886,9.774573611041784,0.62665867,11
1,NAV062,3,Police station ,10.5481172,3.4443092,7.103808,104.1606573152291,14.662650977507994,0.7822984444444445,10
2,NAV062,3,Fire Station,7.2773608,1.6528798000000002,5.624481,135.92551229261915,24.166765305566717,0.3948152142857143,15
3,NAV062,3,Bank,80.151386,1.999883,78.151503,619.2393484567717,7.923575679111017,0.831410279569892,94
4,NAV062,3,Pawn Shop,15.1939013,2.6944033000000003,12.499498,134.76740764581152,10.78182560978141,0.8935733937499998,17
5,NAV062,3,Pizzeria,26.0969908,2.9377088,23.159282,163.59103466583247,7.063735165271206,1.072766817391304,24
6,NAV062,3,Quattroki Restaurant,16.687251099999997,2.6945051,13.992746,191.18793036332136,13.663360312787884,0.8201594789473683,20
7,NAV062,3,High School,24.3052468,4.7224958,19.582751,240.51431199578403,12.281947107216142,0.8532084214285712,29
0,NAV064,1,Automobile shop,27.1656767,16.284146699999997,10.88153,61.708051075715645,5.670898400842128,2.868006300000001,10
1,NAV064,1,Police station ,70.8665926,3.5137726,67.35282000000001,324.94856260213584,4.824572491576979,1.3952430553191495,48
2,NAV064,1,Fire Station,25.2498629,5.7013439,19.548519,184.9558434069469,9.461373693165548,0.7750074399999997,26
3,NAV064,1,Bank,599.4975569000001,4.1254569,595.3721,3267.0253422458723,5.487367214966694,0.8027765525675681,741
4,NAV064,1,Pawn Shop,76.9844721,7.228873099999999,69.755599,444.9893738470152,6.37926389030098,0.6620848580952379,106
5,NAV064,1,Pizzeria,175.9139323,7.0068153,168.90711699999997,859.7173792190831,5.089882501630072,0.7510960106481477,217
6,NAV064,1,Quattroki Restaurant,453.3565281,11.7638681,441.59266,2116.149279283998,4.7920843595634,0.959333043133048,467
7,NAV064,1,High School,48.3885531,12.4999431,35.88861,306.6169701027471,8.543573298122917,0.9682930250000004,45
0,NAV064,2,Automobile shop,23.8369567,11.5587867,12.27817,57.12222175957064,4.652340027835633,2.2857836700000007,11
1,NAV064,2,Police station ,75.0410414,6.6737614,68.36728000000001,627.8070788723252,9.182858801349491,0.5987604260162603,124
2,NAV064,2,Fire Station,16.8604837,8.166656699999999,8.693826999999999,145.58734508652705,16.746059599130174,0.9532212764705882,18
3,NAV064,2,Bank,147.1793207,5.610753699999999,141.568567,1175.1682916784532,8.301053804397506,0.566785649803922,256
4,NAV064,2,Pawn Shop,114.62321,12.96536,101.65785,875.3559506265259,8.610805271078682,0.5794107692307697,196
5,NAV064,2,Pizzeria,17.7359081,5.7986911,11.937217,125.00180642657502,10.471603760455643,0.5120726521739131,24
6,NAV064,2,Quattroki Restaurant,14.200823499999998,3.3194755,10.881348,189.80385430083092,17.443046054664457,0.5413916458333335,25
7,NAV064,2,High School,18.7637822,5.5000622,13.26372,242.1163554622495,18.25403095528626,0.5334780058823528,35
0,NAV064,3,Automobile shop,12.4878167,4.1680617,8.319755,60.8743798150955,7.316847649371345,0.7535526466666667,16
1,NAV064,3,Police station ,59.1589505,6.0347445,53.12420600000001,575.4718771569042,10.832573707678645,0.4783278719008265,122
2,NAV064,3,Fire Station,10.6315887,4.7420477000000005,5.889541,147.10319478930597,24.97702194267872,0.6869951799999999,16
3,NAV064,3,Bank,89.19981189999999,6.4096229000000005,82.790189,882.213432657233,10.656014236870906,0.5211124458333336,169
4,NAV064,3,Pawn Shop,90.2405122,6.2914122,83.9491,808.2138692398534,9.627427444008967,0.4893537082872929,182
5,NAV064,3,Pizzeria,27.590959500000004,7.368864499999999,20.222095,222.6076684125912,11.00814076942034,0.5957206777777777,46
6,NAV064,3,Quattroki Restaurant,14.3815538,4.6250878,9.756466,198.90227351708097,20.3867131312794,0.5288017119999999,26
7,NAV064,3,High School,13.5066113,3.6876293,9.818982,217.74438818507545,22.17586183425893,0.4858875884615386,27
0,NAV065,1,Automobile shop,31.382356700000003,7.0627287,24.319628,81.21625660286652,3.339535317023209,1.82252454375,17
1,NAV065,1,Police station ,152.85899289999998,6.6807629,146.17823,721.1126612541075,4.933105711117911,1.068900035251798,140
2,NAV065,1,Fire Station,23.6732041,8.826117100000001,14.847086999999998,145.08361008143694,9.77185693607352,1.109106576190476,22
3,NAV065,1,Bank,396.4789687,10.1041387,386.37483,1985.6117859279057,5.139081616491183,0.743356702083334,529
4,NAV065,1,Pawn Shop,125.3732159,20.1040559,105.26916,592.4975399792744,5.628405698110201,0.8632865204225348,143
5,NAV065,1,Pizzeria,42.763261,21.437381,21.32588,234.67297939437185,11.00414048069162,0.9368454772727284,45
6,NAV065,1,Quattroki Restaurant,487.5562276,14.3885876,473.16764,3246.658980232144,6.861540616412704,0.6611048868131869,729
7,NAV065,1,High School,55.7696942,14.8817742,40.88792,477.104011569921,11.668581125425822,0.6916700552631577,77
0,NAV065,2,Automobile shop,14.1706367,6.0216567,8.148979999999998,64.84296930278163,7.9571884214689,0.837598646666667,16
1,NAV065,2,Police station ,55.6448558,9.6588398,45.986016,261.36827858542654,5.683646928349404,0.940865806896552,59
2,NAV065,2,Fire Station,20.0203587,12.5344387,7.485919999999998,144.25713100571647,19.270461213279933,0.4087927777777775,19
3,NAV065,2,Bank,19.5899188,3.7776888,15.81223,142.38999816505734,9.00505483192803,1.034453822222222,19
4,NAV065,2,Pawn Shop,46.512889,11.201109,35.311780000000006,263.74484897220424,7.469032967814259,0.8387188490566034,54
5,NAV065,2,Pizzeria,41.4298559,8.1041909,33.325664999999994,369.9340401621941,11.100574892119758,0.556474167605634,72
6,NAV065,2,Quattroki Restaurant,753.2472974,9.8752354,743.372062,4695.620005537029,6.316648480040711,0.6613835900532867,1127
7,NAV065,2,High School,95.07502870000002,30.7220787,64.35295,597.7535292447407,9.288673312485916,0.8949377971428575,106
0,NAV065,3,Automobile shop,7.8346257,2.3826897,5.451936000000001,56.21238306950937,10.310536123224734,0.5225328999999997,14
1,NAV065,3,Police station ,87.8737772,3.5278431999999995,84.345934,810.6717624903919,9.611272577648991,0.4942209382857149,176
2,NAV065,3,Fire Station,13.4305555,7.8959375,5.534618000000001,151.59668409052975,27.39063185400144,0.7732626764705882,18
3,NAV065,3,Bank,34.4995582,2.8540322,31.645526,257.0551178267421,8.122952920003355,0.7923483857142858,43
4,NAV065,3,Pawn Shop,46.6656455,3.3330775000000004,43.332568,265.94130792409044,6.137215498608124,0.8801221300000005,51
5,NAV065,3,Pizzeria,32.1522221,10.4929621,21.65926,159.52164701033817,7.365055270140262,1.0116673137931036,30
6,NAV065,3,Quattroki Restaurant,239.4694772,6.0069962,233.46248100000005,1752.666829058157,7.5072740662691615,0.5737538233009708,413
7,NAV065,3,High School,39.3743302,9.4864252,29.887905,353.79672938243624,11.837454963217938,0.7011831518518521,55
