Unnamed: 0,Participant,Block_Num,Target_Name,Total_Time,Orientation_Time,Navigation_Time,Distance,Speed,Mean_Dwell,Teleportations,Mean_Teleport_Distance
0,BNC06,1,Automobile shop,75.3797467,7.4438897,67.935857,632.2199131,9.306129945,0.688541792,108,5.908597319
1,BNC06,1,Police station ,29.374258,3.548512,25.825746,260.3653017,10.08161784,0.638704,41,5.264385937
2,BNC06,1,Fire Station,16.7843532,4.2709872,12.513366,213.0375501,17.02479973,0.474353912,33,5.245800955
3,BNC06,1,Bank,12.6596225,4.4791525,8.18047,143.20937,17.50625209,0.577361786,15,4.530518977
4,BNC06,1,Pawn Shop,24.0062092,2.6734282,21.332781,238.4959396,11.17978662,0.569644384,38,5.275071293
5,BNC06,1,Pizzeria,28.5762094,3.8403374,24.735872,297.5094723,12.02745035,0.541652478,50,5.253205202
6,BNC06,1,Quattroki Restaurant,31.3672315,5.1803365,26.186895,314.6324563,12.01488211,0.672675922,46,5.301288552
7,BNC06,1,High School,12.2150368,3.2709608,8.944076,204.7101989,22.88779735,0.4401949,21,5.744543768
0,BNC06,2,Automobile shop,37.8225267,11.9054767,25.91705,232.9766724,8.989320638,0.733071934,51,4.659533449
1,BNC06,2,Police station ,22.9789652,2.5485722,20.430393,279.7949944,13.69503731,0.453765591,47,4.978208194
2,BNC06,2,Fire Station,15.7418892,2.4514792,13.29041,254.5788665,19.15507998,0.426288067,34,6.020390827
3,BNC06,2,Bank,22.3339247,4.4933557,17.840569,186.842321,10.47289024,0.842444604,27,4.104129148
4,BNC06,2,Pawn Shop,12.72877,4.409617,8.319153,99.58330757,11.97036616,0.765687667,16,3.848492412
5,BNC06,2,Pizzeria,20.458224,2.611265,17.846959,224.4002224,12.57358312,0.504913789,39,4.83256947
6,BNC06,2,Quattroki Restaurant,13.3537188,2.7986498,10.555069,193.4199164,18.32483676,0.494506192,26,4.854392282
7,BNC06,2,High School,11.4997204,2.4238704,9.07585,214.5889273,23.6439482,0.430354017,25,5.137921771
0,BNC06,3,Automobile shop,7.5014757,3.0387247,4.462751,62.14427638,13.92510503,0.511451131,14,4.780328952
1,BNC06,3,Police station ,26.0547387,1.7084647,24.346274,273.9067104,11.25045707,0.488988244,53,4.278230772
2,BNC06,3,Fire Station,11.6869757,2.3890207,9.297955,136.2112955,14.6495972,0.33741963,28,3.213762024
3,BNC06,3,Bank,23.8190794,1.9238294,21.89525,243.0843889,11.10215179,0.490691295,45,3.734983089
4,BNC06,3,Pawn Shop,14.3190737,1.5616617,12.757412,141.6572678,11.10391887,0.568564029,25,3.994949073
5,BNC06,3,Pizzeria,10.4235095,2.5270275,7.896482,131.6713258,16.67468194,0.451757738,22,4.346566796
6,BNC06,3,Quattroki Restaurant,10.8399393,1.5971023,9.242837,198.8923775,21.51854214,0.3335689,28,4.789733551
7,BNC06,3,High School,10.1457085,2.3749575,7.770751,210.213094,27.05183758,0.2919625,27,4.487322687
0,BNC10,1,Automobile shop,86.4863267,2.1714727,84.314854,89.10002301,1.05675357,4.02181638,16,5.940001534
1,BNC10,1,Police station ,26.3464998,6.0483578,20.298142,130.9877094,6.453187161,1.994777067,13,5.87218281
2,BNC10,1,Fire Station,106.0807097,3.5271387,102.553571,518.1988216,5.052957362,1.368021928,75,6.384427035
3,BNC10,1,Bank,80.5885777,8.8887467,71.699831,391.3259305,5.457836162,1.273427839,57,5.563998151
4,BNC10,1,Pawn Shop,63.2764798,7.0280108,56.248469,334.5561642,5.947827029,1.269519057,50,5.964029931
5,BNC10,1,Pizzeria,15.6445149,4.2498029,11.394712,158.3704608,13.89859268,0.592806684,20,6.1418685
6,BNC10,1,Quattroki Restaurant,51.5486048,6.1257228,45.422882,271.311275,5.973008823,1.250828995,41,5.061284151
7,BNC10,1,High School,114.2663484,0.2152668,114.0510816,547.4127103,4.799715204,1.37493245,83,5.507383278
0,BNC10,2,Automobile shop,11.3136667,2.5036117,8.810055,59.40617009,6.742996506,0.921455245,12,5.400560917
1,BNC10,2,Police station ,28.916241,5.347246,23.568995,164.9832481,7.000012012,1.235495522,24,4.923083246
2,BNC10,2,Fire Station,23.9787629,0.8054798,23.1732831,147.474482,6.363987412,0.87014469,21,4.589547105
3,BNC10,2,Bank,253.9891311,5.1666071,248.822524,1364.673822,5.484526881,0.953239644,265,4.871687498
4,BNC10,2,Pawn Shop,20.8803619,1.7290509,19.151311,120.9433169,6.315145576,0.995164679,20,4.209508931
5,BNC10,2,Pizzeria,13.090731,3.160213,9.930518,154.0419407,15.51197437,0.466036333,22,5.361239078
6,BNC10,2,Quattroki Restaurant,241.4952893,1.7215933,239.773696,1283.831372,5.354346174,0.988072439,243,5.01172432
7,BNC10,2,High School,107.6370069,8.2637869,99.37322,742.9872259,7.476734938,0.794341871,134,4.905131136
0,BNC10,3,Automobile shop,10.4471067,1.8850547,8.562052,60.92862117,7.116123702,0.705752977,14,4.686817013
1,BNC10,3,Police station ,34.2692533,1.9237303,32.345523,274.2169045,8.477739083,0.68373772,50,4.560289063
2,BNC10,3,Fire Station,64.9719208,12.6120108,52.35991,536.8994043,10.25401694,0.670527668,95,5.19180325
3,BNC10,3,Bank,192.9135661,4.2491151,188.664451,1244.110362,6.594301973,0.770699183,248,4.713001475
4,BNC10,3,Pawn Shop,16.9567939,1.8532519,15.103542,104.7973039,6.938591218,0.795553732,20,3.359598397
5,BNC10,3,Pizzeria,28.8122054,6.5636734,22.248532,228.3712477,10.26455353,0.66949851,43,4.473627666
6,BNC10,3,Quattroki Restaurant,114.0686353,0.3062831,113.7623522,976.0551396,8.579772839,0.61064652,185,4.915340233
7,BNC10,3,High School,35.7701497,5.1873787,30.582771,385.3887411,12.60149844,0.634888395,56,5.258990488
0,BNC13,1,Automobile shop,106.0080667,10.6730867,95.33498,259.2785567,2.719658165,2.429910388,44,6.029733878
1,BNC13,1,Police station ,56.5890732,11.3057032,45.28337,295.7106433,6.53022607,1.353235688,42,5.985395195
2,BNC13,1,Fire Station,254.5579589,9.3889879,245.168971,1360.753678,5.55026875,1.010482133,249,5.298322069
3,BNC13,1,Bank,69.0475116,11.6666416,57.38087,260.1814941,4.53428981,1.71433081,40,4.590424188
4,BNC13,1,Pawn Shop,419.4454278,10.3875978,409.05783,1932.684471,4.72472186,1.138674241,366,5.167397201
5,BNC13,1,Pizzeria,28.9299444,9.8402234,19.089721,131.2524467,6.875556048,1.554810022,19,4.755935555
6,BNC13,1,Quattroki Restaurant,181.274467,11.875127,169.39934,752.4407324,4.441816198,1.285116813,140,4.911262121
7,BNC13,1,High School,32.5691795,5.3196185,27.249561,313.9816823,11.5224492,0.678008193,45,5.070447906
0,BNC13,2,Automobile shop,20.7975367,7.3328187,13.464718,61.9061427,4.597656089,1.077525218,18,3.641537806
1,BNC13,2,Police station ,69.4392917,13.3122817,56.12701,268.8335754,4.789736268,1.051888868,54,4.061090491
2,BNC13,2,Fire Station,15.416322,5.805654,9.610668,135.3061187,14.07874237,0.937947125,17,5.504765096
3,BNC13,2,Bank,51.2350989,6.7708589,44.46424,270.5472736,6.084603574,1.182474569,43,4.583719768
4,BNC13,2,Pawn Shop,112.0459996,9.5277096,102.51829,407.6934103,3.976787071,1.30042067,84,4.351979165
5,BNC13,2,Pizzeria,16.464948,5.388973,11.075975,122.9536326,11.10093085,0.974103333,16,5.526720894
6,BNC13,2,Quattroki Restaurant,19.3119955,2.9027375,16.409258,189.8920363,11.57225002,0.824633738,22,5.828525951
7,BNC13,2,High School,20.2215267,8.8117147,11.409812,206.7513567,18.12048759,0.950714385,21,5.814025699
0,BNC13,3,Automobile shop,7.6844767,2.9555887,4.728888,60.94315708,12.88741816,0.514674193,15,4.353082648
1,BNC13,3,Police station ,18.9298898,3.0138018,15.916088,120.4340685,7.566813437,0.941272516,20,3.719415848
2,BNC13,3,Fire Station,11.9789767,2.6461037,9.332873,139.8663508,14.9864196,0.635704039,19,5.119820592
3,BNC13,3,Bank,36.9021418,3.5903238,33.311818,224.1210082,6.727972884,0.886008918,40,3.722320723
4,BNC13,3,Pawn Shop,65.5956157,1.7775227,63.818093,322.8364319,5.058697568,0.96077548,67,4.180846455
5,BNC13,3,Pizzeria,26.5104852,2.0243492,24.486136,206.2955406,8.424993662,0.735095879,34,5.067940606
6,BNC13,3,Quattroki Restaurant,13.207943,2.965169,10.242774,186.9385188,18.25077063,0.57317975,21,5.909565906
7,BNC13,3,High School,17.1241321,8.0550241,9.069108,237.5424501,26.19248223,0.370916875,25,6.119944613
0,BNC14,1,Automobile shop,150.0365667,23.6713267,126.36524,484.2653673,3.832267222,0.915132216,162,3.007859424
1,BNC14,1,Police station ,14.0618482,3.6385452,10.423303,113.005317,10.84160338,0.572160833,19,3.136131757
2,BNC14,1,Fire Station,17.1802011,3.0279261,14.152275,137.6789772,9.728398946,0.435314344,33,2.849908035
3,BNC14,1,Bank,73.1027011,5.5900331,67.512668,415.9274399,6.160731789,0.593828154,112,3.028849183
4,BNC14,1,Pawn Shop,133.7260158,2.9236728,130.802343,603.8077021,4.616184147,0.673915846,190,2.971426408
5,BNC14,1,Pizzeria,184.1767526,6.4238166,177.752936,855.0095435,4.810100822,0.661234436,271,3.016681668
6,BNC14,1,Quattroki Restaurant,22.5825307,3.6248127,18.957718,195.695755,10.3227485,0.486273061,45,2.857085734
7,BNC14,1,High School,170.2185333,4.4998333,165.7187,955.821714,5.767736013,0.574794967,293,2.962659561
0,BNC14,2,Automobile shop,13.9384267,4.9727987,8.965628,65.06418976,7.257069974,0.585362795,22,3.09829475
1,BNC14,2,Police station ,11.9509368,2.1460408,9.804896,115.1902804,11.74824092,0.419369565,24,2.677921056
2,BNC14,2,Fire Station,12.3052029,2.7845129,9.52069,143.0492143,15.02508897,0.35721161,32,3.084951114
3,BNC14,2,Bank,155.0728815,6.2153815,148.8575,972.0600874,6.53013847,0.498586142,307,2.914201459
4,BNC14,2,Pawn Shop,15.8533906,2.8330186,13.020372,138.0919675,10.60583887,0.478677729,32,3.115211482
5,BNC14,2,Pizzeria,13.0622886,2.1944206,10.867868,128.3395503,11.80908255,0.355355767,31,2.900706788
6,BNC14,2,Quattroki Restaurant,14.6243506,2.2566656,12.367685,192.8694518,15.5946284,0.344614253,39,3.214960161
7,BNC14,2,High School,66.1031403,7.5833273,58.519813,427.6878296,7.308427825,0.619294003,106,3.193551926
0,BNC14,3,Automobile shop,9.5739757,3.1368567,6.437119,64.33659423,9.994625582,0.359868943,24,2.797243227
1,BNC14,3,Police station ,8.2565026,2.9297636,5.326739,110.0412857,20.65828374,0.2594684,21,2.784836846
2,BNC14,3,Fire Station,10.9650891,2.5973351,8.367754,142.0457142,16.97536928,0.377488289,29,3.33982048
3,BNC14,3,Bank,85.8730081,3.3681121,82.504896,698.2238713,8.462817423,0.43816812,193,3.222421414
4,BNC14,3,Pawn Shop,14.2565016,2.2916686,11.964833,137.8494844,11.52122094,0.337177239,37,2.625219536
5,BNC14,3,Pizzeria,25.2496722,2.6669812,22.582691,141.5655313,6.268762712,0.620335778,37,2.834776381
6,BNC14,3,Quattroki Restaurant,11.9994805,1.6456915,10.353789,192.3092114,18.57380051,0.284817797,38,3.27314259
7,BNC14,3,High School,15.3121226,3.7914646,11.520658,213.3523755,18.51911371,0.342157364,34,3.684384597
0,BNC15,1,Automobile shop,26.1955767,7.3419297,18.853647,62.53309531,3.316763877,2.568751078,10,6.948121701
1,BNC15,1,Police station ,273.5433603,6.4721683,267.071192,905.4996703,3.390480506,2.182767914,125,6.890463814
2,BNC15,1,Fire Station,54.4709948,15.5206548,38.95034,283.338946,7.274363869,1.553687788,35,6.789214921
3,BNC15,1,Bank,29.950855,12.388745,17.56211,133.933094,7.626252998,2.905365625,9,6.725981288
4,BNC15,1,Pawn Shop,94.4000843,14.9645943,79.43549,419.0959425,5.27592821,1.623783113,57,6.750209423
5,BNC15,1,Pizzeria,83.7412021,11.8886221,71.85258,441.9536127,6.150838462,1.360262239,60,6.803653391
6,BNC15,1,Quattroki Restaurant,50.068368,19.520118,30.54825,228.2577432,7.472039912,1.96632672,26,6.35492868
7,BNC15,1,High School,21.7421902,9.3884802,12.35371,208.2271754,16.85543657,0.8166516,16,7.312944826
0,BNC15,2,Automobile shop,28.3410867,16.0713267,12.26976,67.17985089,5.475237567,2.40664567,11,6.717985089
1,BNC15,2,Police station ,66.0340865,6.2995165,59.73457,429.7812943,7.19485039,1.162154209,56,6.784253583
2,BNC15,2,Fire Station,36.7006537,2.2430437,34.45761,313.3030902,9.092420809,0.957010641,38,7.02745562
3,BNC15,2,Bank,116.9419779,8.4927869,108.449191,620.6122846,5.722608706,1.397953767,83,6.597887533
4,BNC15,2,Pawn Shop,28.1380287,13.0761387,15.06189,131.3512602,8.720768786,1.933954907,15,6.417190594
5,BNC15,2,Pizzeria,20.4651357,3.4028477,17.062288,124.586262,7.301849669,1.305464538,14,6.613594462
6,BNC15,2,Quattroki Restaurant,24.2424804,5.4793194,18.763161,190.9240938,10.17547596,1.217075863,20,6.431397004
7,BNC15,2,High School,15.6800014,6.4722114,9.20779,201.4554632,21.87880732,0.568566563,17,6.907933948
0,BNC15,3,Automobile shop,7.5175137,2.4830037,5.03451,60.30079356,11.97749007,0.717210411,10,6.700088173
1,BNC15,3,Police station ,28.6241261,2.7559621,25.868164,259.584637,10.03490766,0.855307933,31,7.042610429
2,BNC15,3,Fire Station,62.4777021,4.6318671,57.845835,404.2555825,6.988499388,1.105596247,54,6.694016403
3,BNC15,3,Bank,36.3812852,10.1385052,26.24278,221.566953,8.442968046,1.432850633,25,5.811723178
4,BNC15,3,Pawn Shop,58.8319654,7.0760024,51.755963,292.1701203,5.645148952,1.456343497,40,6.501477666
5,BNC15,3,Pizzeria,11.6940605,3.9929305,7.70113,132.591679,17.21717189,0.852405542,13,6.995200956
6,BNC15,3,Quattroki Restaurant,21.0548739,6.2916069,14.763267,191.3843281,12.96354852,1.042741732,20,6.516513956
7,BNC15,3,High School,15.1869493,2.7221753,12.464774,212.1480921,17.01981055,0.80209185,19,6.694012892
0,BNC16,1,Automobile shop,623.3932667,43.9996167,579.39365,1308.302791,2.258055108,1.790079441,347,3.781221939
1,BNC16,1,Police station ,120.1214502,17.3885602,102.73289,474.0936097,4.614818192,1.297207843,89,4.793255978
2,BNC16,1,Fire Station,89.1731652,17.8617052,71.31146,281.895562,3.953019081,1.586052276,56,4.156931732
3,BNC16,1,Bank,448.2399961,0.2499273,447.9900688,1688.709256,3.769523866,1.01043161,441,3.647001848
4,BNC16,1,Pawn Shop,309.8701311,8.2915051,301.578626,1239.229745,4.109143148,1.06379509,290,4.143461548
5,BNC16,1,Pizzeria,79.7758294,16.9929194,62.78291,227.2724972,3.619973926,1.479762442,54,3.492205343
6,BNC16,1,Quattroki Restaurant,317.3328846,4.4851006,312.847784,1324.372502,4.23328075,0.867621847,363,3.461950055
7,BNC16,1,High School,145.1217677,4.9653307,140.156437,894.6227298,6.383029913,0.86172333,167,4.816403794
0,BNC16,2,Automobile shop,13.1505667,4.7121977,8.438369,65.90721013,7.810420489,0.81235658,16,4.393814009
1,BNC16,2,Police station ,84.517176,6.430349,78.086827,415.0894541,5.315742361,0.824213222,100,3.694180795
2,BNC16,2,Fire Station,60.027192,3.945086,56.082106,462.5068822,8.246959953,0.662509909,89,4.694085507
3,BNC16,2,Bank,20.9508956,5.1178766,15.833019,133.5316573,8.433745788,0.924343176,18,3.120160301
4,BNC16,2,Pawn Shop,86.7823918,4.6668848,82.115507,473.3508937,5.764451941,0.946036262,88,4.970179919
5,BNC16,2,Pizzeria,172.0379417,5.9794627,166.058479,834.8784155,5.027616901,0.852033454,194,4.107353353
6,BNC16,2,Quattroki Restaurant,58.3524864,8.7357584,49.616728,424.4652662,8.554882261,0.743963861,77,4.64506641
7,BNC16,2,High School,93.8660357,7.9999327,85.866103,619.1694397,7.210871556,0.729148391,128,4.14965105
0,BNC16,3,Automobile shop,12.8267467,4.7241677,8.102579,66.91945401,8.259031354,0.844887407,15,4.779961001
1,BNC16,3,Police station ,63.8177698,4.1525498,59.66522,457.5463668,7.668560793,0.745197817,84,4.871649469
2,BNC16,3,Fire Station,14.0204431,4.4167181,9.603725,150.0248916,15.6215314,0.899670873,16,6.291807363
3,BNC16,3,Bank,299.8877022,8.5412242,291.346478,1282.790677,4.402973002,1.040092455,287,4.206856429
4,BNC16,3,Pawn Shop,80.0677024,6.7706634,73.297039,477.3606775,6.51268706,0.990602208,80,5.487572084
5,BNC16,3,Pizzeria,110.6358283,4.3262243,106.309604,539.1750043,5.071743135,0.98170203,112,4.474547101
6,BNC16,3,Quattroki Restaurant,18.408252,2.604206,15.804046,196.445854,12.43009885,0.670904269,27,4.877266933
7,BNC16,3,High School,38.937592,5.910354,33.027238,345.9224774,10.47385426,0.800095,48,5.403261171
0,BNC17,1,Automobile shop,157.3826667,78.0807167,79.30195,90.4853347,1.141022821,12.0449059,14,6.960410362
1,BNC17,1,Police station ,144.9416167,32.2010267,112.74059,241.1961048,2.139390124,5.193378026,28,7.112391283
2,BNC17,1,Fire Station,155.2186602,9.5831152,145.635545,343.848691,2.361021762,3.557468386,43,6.937943939
3,BNC17,1,Bank,36.5201099,6.4027819,30.117328,127.1948887,4.22331253,4.295473429,8,6.930982809
4,BNC17,1,Pawn Shop,303.3982987,5.0766137,298.321685,682.1090752,2.28648841,3.207197722,92,7.033268488
5,BNC17,1,Pizzeria,49.6514671,4.6455411,45.005926,160.6065926,3.56856545,2.640412882,18,7.052913139
6,BNC17,1,Quattroki Restaurant,156.781455,6.479202,150.302253,448.1794655,2.981854607,2.81934913,55,7.008804813
7,BNC17,1,High School,42.4432688,5.8264648,36.616804,235.3173482,6.42648518,1.657556273,23,6.57815357
0,BNC17,2,Automobile shop,21.1864867,7.3678967,13.81859,57.74164557,4.178548287,1.9883213,10,6.415738396
1,BNC17,2,Police station ,55.5052101,4.0136481,51.491562,312.3323557,6.065699768,1.379332766,39,6.838407776
2,BNC17,2,Fire Station,26.0895846,1.1181676,24.971417,146.6180766,5.871435994,1.553816625,17,6.182414041
3,BNC17,2,Bank,75.5608014,3.4860004,72.074801,311.2223533,4.318046655,1.870011484,39,6.097652783
4,BNC17,2,Pawn Shop,157.3228346,2.6802646,154.64257,792.8748211,5.127144622,1.420177142,111,6.773946536
5,BNC17,2,Pizzeria,23.4229366,6.9509636,16.471973,144.8178855,8.791775309,1.091136933,16,6.805735788
6,BNC17,2,Quattroki Restaurant,481.1165841,8.6386861,472.477898,2071.478812,4.384287224,1.617228238,296,6.790580844
7,BNC17,2,High School,282.6327045,1.1112465,281.521458,1518.20979,5.392874137,1.335506988,211,6.789200331
0,BNC17,3,Automobile shop,133.8425667,4.1513007,129.691266,585.2170266,4.512385796,1.399826212,94,6.2926562
1,BNC17,3,Police station ,19.7780418,4.7641838,15.013858,121.6671066,8.103653746,1.244190167,13,6.14653457
2,BNC17,3,Fire Station,24.3326491,5.3401021,18.992547,146.4787376,7.712432546,1.608708364,15,6.483852376
3,BNC17,3,Bank,39.3810704,3.2977204,36.08335,244.4518403,6.774643716,1.357687131,27,6.333799218
4,BNC17,3,Pawn Shop,136.7536011,8.5482731,128.205328,613.4948196,4.785252136,1.572773594,87,6.650900328
5,BNC17,3,Pizzeria,31.5469019,14.5065519,17.04035,155.331055,9.115485011,0.995430588,18,6.71135072
6,BNC17,3,Quattroki Restaurant,368.2290723,5.6675823,362.56149,1638.583586,4.519463956,1.519905541,240,6.56645017
7,BNC17,3,High School,65.8249953,0.7292469,65.0957484,426.4242126,6.550722944,1.214670425,54,6.298409723
0,BNC18,1,Automobile shop,181.7955667,43.5077867,138.28778,647.9669869,4.685641688,1.777174467,101,6.479669869
1,BNC18,1,Police station ,144.1980449,64.4570149,79.74103,617.6232041,7.745362759,1.391481435,102,5.609179714
2,BNC18,1,Fire Station,20.6384383,9.6942833,10.944155,173.4895486,15.85225617,0.866472332,23,5.325025781
3,BNC18,1,Bank,50.2208602,6.2146812,44.006179,377.879653,8.586968048,0.808068003,61,4.978112311
4,BNC18,1,Pawn Shop,44.4573357,8.7499727,35.707363,203.231341,5.691580781,0.97080147,45,3.663592977
5,BNC18,1,Pizzeria,50.1225521,5.1245821,44.99797,467.5170875,10.3897373,0.540321847,92,4.65389056
6,BNC18,1,Quattroki Restaurant,16.0145222,6.5698132,9.444709,193.7959372,20.51899505,0.553031007,28,4.552563604
7,BNC18,1,High School,166.8429498,8.0485228,158.794427,918.5380418,5.784447597,0.837943808,195,4.264390355
0,BNC18,2,Automobile shop,28.0003867,18.5425067,9.45788,63.19678566,6.681918745,1.793499113,16,4.213119044
1,BNC18,2,Police station ,137.6015856,3.4447186,134.156867,684.8720404,5.105009201,0.931295367,147,4.339990535
2,BNC18,2,Fire Station,39.3040512,19.1593412,20.14471,197.4876992,9.803452081,1.233073707,31,4.865533366
3,BNC18,2,Bank,46.3882293,6.5838833,39.804346,264.0592405,6.633929885,0.839340081,54,3.496282203
4,BNC18,2,Pawn Shop,23.3047475,1.9583835,21.346364,109.8601513,5.146551016,0.989858932,23,3.034552422
5,BNC18,2,Pizzeria,37.7907802,5.5207702,32.27001,291.8008692,9.042478427,0.687518408,53,4.828983145
6,BNC18,2,Quattroki Restaurant,14.242588,6.027503,8.215085,193.48683,23.55262667,0.522133273,23,5.536012865
7,BNC18,2,High School,55.137796,5.277911,49.859885,464.9640474,9.325413553,0.775240443,71,5.310513592
0,BNC18,3,Automobile shop,33.6638267,17.2543867,16.40944,86.63729778,5.279722999,1.022091147,33,2.707415555
1,BNC18,3,Police station ,69.3662465,2.3254295,67.040817,522.3795555,7.79196285,0.57326366,120,3.97009767
2,BNC18,3,Fire Station,14.9092616,5.4095946,9.499667,148.6811887,15.65120006,0.669899821,20,5.062217561
3,BNC18,3,Bank,40.6449283,7.2778343,33.367094,272.1112042,8.155076502,0.601715512,66,2.971734605
4,BNC18,3,Pawn Shop,17.9439321,6.1317071,11.812225,98.88646131,8.371535533,0.80565929,22,2.677421178
5,BNC18,3,Pizzeria,21.0970159,5.1736009,15.923415,136.4096181,8.566605726,0.561864357,29,3.454908215
6,BNC18,3,Quattroki Restaurant,12.2283794,5.3259104,6.902469,191.8057754,27.78799519,0.5330364,22,5.672643035
7,BNC18,3,High School,16.0137696,7.0416866,8.972083,216.5328422,24.13406588,0.351758,26,4.989285175
0,BNC19,1,Automobile shop,19.3870467,7.4430497,11.943997,56.56630805,4.735961341,1.72623137,11,5.656630805
1,BNC19,1,Police station ,58.7140546,6.1111786,52.602876,235.968838,4.485854309,1.520029822,37,5.15947091
2,BNC19,1,Fire Station,24.6663757,6.1874907,18.478885,137.4373337,7.437533904,1.255353511,20,4.639693055
3,BNC19,1,Bank,222.4685172,4.4512942,218.017223,936.9771396,4.297720734,1.167881298,186,4.642382391
4,BNC19,1,Pawn Shop,34.7841865,10.5414465,24.24274,143.2218294,5.907823514,1.47434463,24,4.192528169
5,BNC19,1,Pizzeria,16.3955943,2.8196253,13.575969,136.3483859,10.04336309,0.880908665,18,5.208994467
6,BNC19,1,Quattroki Restaurant,124.9277712,6.5832282,118.344543,686.1962183,5.798292012,0.963814581,127,4.904462516
7,BNC19,1,High School,34.15183,7.611012,26.540818,345.9060078,13.03298217,0.72718786,44,5.926519804
0,BNC19,2,Automobile shop,13.8905467,4.4187047,9.471842,72.84344497,7.690525768,1.154162427,12,6.622131361
1,BNC19,2,Police station ,141.0801563,4.3403643,136.739792,765.2174097,5.596157479,0.89046956,157,4.560001322
2,BNC19,2,Fire Station,19.2705138,5.6527018,13.617812,149.0687819,10.94660302,0.67379165,21,4.982470507
3,BNC19,2,Bank,43.5544678,4.5627498,38.991718,261.8396977,6.71526445,0.811772282,50,3.711917516
4,BNC19,2,Pawn Shop,86.4427762,9.1738112,77.268965,595.5498783,7.707491336,0.674910843,127,4.348641182
5,BNC19,2,Pizzeria,27.8119343,17.2009043,10.61103,130.5763893,12.30572238,1.512104128,19,4.88825813
6,BNC19,2,Quattroki Restaurant,19.9160166,6.4514746,13.464542,197.9049628,14.69823205,0.694460022,28,4.80479292
7,BNC19,2,High School,18.909581,5.840299,13.069282,219.799749,16.81804318,0.495703538,27,4.890731663
0,BNC19,3,Automobile shop,11.9857367,5.1319147,6.853822,57.27244501,8.35627844,0.906256475,13,4.772703751
1,BNC19,3,Police station ,15.7008641,2.1667991,13.534065,116.7334997,8.625161747,0.83894575,17,4.26596663
2,BNC19,3,Fire Station,10.0273388,2.1320218,7.895317,138.9035395,17.59315547,0.486392433,19,5.040230022
3,BNC19,3,Bank,14.3121985,2.5416805,11.770518,170.6948207,14.50189539,0.658635325,21,4.542649066
4,BNC19,3,Pawn Shop,18.3329098,2.1389078,16.194002,122.0292605,7.53546038,0.991417106,18,4.471356663
5,BNC19,3,Pizzeria,12.7355857,4.0694527,8.666133,128.1887729,14.79192309,0.449220737,20,4.525199067
6,BNC19,3,Quattroki Restaurant,13.9027079,2.1739569,11.728751,192.9340179,16.44966441,0.559782952,24,5.422299533
7,BNC19,3,High School,12.3606892,2.0280152,10.332674,217.6408439,21.06336113,0.423587042,25,5.216394009
0,BNC20,1,Automobile shop,77.5494267,6.9992217,70.550205,301.1191865,4.268154664,1.490210422,50,6.145289521
1,BNC20,1,Police station ,66.9289271,8.3399151,58.589012,430.3742041,7.345647067,1.094280812,59,6.439693586
2,BNC20,1,Fire Station,17.7912621,7.5208961,10.270366,145.7825715,14.1944865,0.726725571,15,6.541557025
3,BNC20,1,Bank,72.7611012,3.3817252,69.379376,513.2456183,7.397668412,1.012799089,71,6.195429224
4,BNC20,1,Pawn Shop,13.7365753,4.5843973,9.152178,122.6097659,13.39678554,0.886923736,15,5.904197955
5,BNC20,1,Pizzeria,25.0134196,3.8116126,21.201807,144.327478,6.807319678,1.334175976,18,6.112120264
6,BNC20,1,Quattroki Restaurant,252.4738453,5.2916503,247.182195,1620.514045,6.555949732,1.020309393,246,6.336771377
7,BNC20,1,High School,13.4231467,4.3958777,9.027269,204.6863353,22.67422576,0.524121706,18,6.389536473
0,BNC20,2,Automobile shop,14.2752567,3.6154607,10.659796,66.2706522,6.216878091,0.991625058,13,5.52255435
1,BNC20,2,Police station ,21.3049223,3.8887423,17.41618,192.0338193,11.02617332,0.718730875,25,5.632148948
2,BNC20,2,Fire Station,11.4858204,4.3887214,7.097099,145.6460123,20.52190794,0.782732314,15,6.370774522
3,BNC20,2,Bank,14.3745312,3.2359172,11.138614,129.2748186,11.60600579,1.230627222,10,5.59387013
4,BNC20,2,Pawn Shop,15.1243683,4.4791683,10.6452,124.0406239,11.65225866,0.985110593,15,5.691406714
5,BNC20,2,Pizzeria,91.5123668,5.4927998,86.019567,666.3483893,7.746474582,0.844902581,104,6.086740682
6,BNC20,2,Quattroki Restaurant,14.9161239,3.7628679,11.153256,186.3201212,16.70544648,0.774256161,19,6.378349024
7,BNC20,2,High School,10.2495682,3.2641132,6.985455,198.5235944,28.41956528,0.403936588,18,6.363236656
0,BNC20,3,Automobile shop,11.1036167,2.5317857,8.571831,73.25642837,8.546182067,0.7934717,12,6.659675307
1,BNC20,3,Police station ,13.5412167,2.8680527,10.673164,156.5927137,14.67163006,0.586001889,19,5.727381722
2,BNC20,3,Fire Station,9.9163153,3.0137983,6.902517,143.9748292,20.85830853,0.524017923,14,7.005304876
3,BNC20,3,Bank,27.5202898,3.0343128,24.485977,223.5085254,9.128021536,0.899940519,28,5.333149638
4,BNC20,3,Pawn Shop,13.1176777,4.8957307,8.221947,124.1728713,15.1026115,0.906208764,15,5.647959834
5,BNC20,3,Pizzeria,25.0547796,3.6380576,21.416722,200.4842993,9.361110411,0.824584911,28,5.977052019
6,BNC20,3,Quattroki Restaurant,11.5483281,4.0834711,7.464857,185.2535089,24.81675254,0.615650535,18,6.967224438
7,BNC20,3,High School,13.145587,3.541976,9.603611,206.1771575,21.46871187,0.557998824,18,6.787904638
0,BNC24,1,Automobile shop,36.9693067,11.4488467,25.52046,67.40322127,2.641144449,2.963900558,13,5.616935106
1,BNC24,1,Police station ,45.8949889,4.6667799,41.228209,199.2311953,4.832399956,1.596719236,26,5.837853857
2,BNC24,1,Fire Station,75.5053833,1.8404633,73.66492,416.0257788,5.647542668,1.135979897,66,5.680672159
3,BNC24,1,Bank,35.8884241,1.4786331,34.409791,228.3199845,6.635320293,1.216996004,29,5.322667724
4,BNC24,1,Pawn Shop,127.5459908,1.0832708,126.46272,758.967134,6.001508856,1.044841007,119,6.088482766
5,BNC24,1,Pizzeria,18.7773972,4.6736122,14.103785,122.6469218,8.69602889,1.173585747,16,5.410337924
6,BNC24,1,Quattroki Restaurant,201.7597532,9.2428942,192.516859,1257.603166,6.532431353,1.057804744,188,6.359441994
7,BNC24,1,High School,20.4857086,1.9308226,18.554886,208.12766,11.21686547,0.705041663,20,6.088986385
0,BNC24,2,Automobile shop,15.7789167,8.6256627,7.153254,60.92459088,8.517045652,1.31650167,11,6.092459088
1,BNC24,2,Police station ,60.4086107,1.5279177,58.880693,439.225623,7.459586507,0.958286963,63,6.246950151
2,BNC24,2,Fire Station,25.9369332,7.4088032,18.52813,200.6181138,10.82775832,0.951385008,26,6.211990099
3,BNC24,2,Bank,71.0823347,2.1734887,68.908846,526.6957445,7.643369103,0.924422703,76,5.955711716
4,BNC24,2,Pawn Shop,41.2275336,0.9791649,40.2483687,318.5863464,7.915509541,0.852538983,48,5.875688812
5,BNC24,2,Pizzeria,12.2991225,2.5703705,9.728752,128.996809,13.25933779,0.806564321,15,6.180593283
6,BNC24,2,Quattroki Restaurant,16.4923953,2.8123603,13.680035,198.8431782,14.53528286,0.598556215,21,6.475226882
7,BNC24,2,High School,12.8189835,1.3194565,11.499527,215.2750195,18.72033689,0.582990833,22,5.79753297
0,BNC24,3,Automobile shop,9.1237387,1.2006417,7.923097,59.2431607,7.47727318,0.730327427,12,5.385741882
1,BNC24,3,Police station ,57.9914492,3.7914062,54.200043,375.7431019,6.932524056,0.989621582,58,5.675651634
2,BNC24,3,Fire Station,14.77743,1.208416,13.569014,138.6164067,10.21565802,0.841109,17,5.713470226
3,BNC24,3,Bank,75.7000924,3.6321194,72.067973,429.6724759,5.962044692,1.134049294,67,5.292416783
4,BNC24,3,Pawn Shop,97.2146432,2.4381282,94.776515,715.0360439,7.544443303,0.891089338,108,6.283238257
5,BNC24,3,Pizzeria,10.9160702,1.8532722,9.062798,133.0467276,14.68053548,0.6978208,15,6.32044587
6,BNC24,3,Quattroki Restaurant,10.7983518,1.4030348,9.395317,190.5464357,20.28100124,0.541321726,20,6.406421592
7,BNC24,3,High School,13.2149496,2.5001976,10.714752,212.2301093,19.80728152,0.652657084,20,6.39903235
0,BNC25,1,Automobile shop,43.4713867,19.3392867,24.1321,62.98590001,2.61004637,4.5816963,10,6.998433335
1,BNC25,1,Police station ,24.5686725,12.7842725,11.7844,113.8687655,9.66266976,1.302514444,10,6.916039045
2,BNC25,1,Fire Station,107.4288096,4.8473196,102.58149,459.0139403,4.474627346,1.67094166,61,6.817653711
3,BNC25,1,Bank,124.3179915,4.9447545,119.373237,526.9017458,4.413901801,1.780942493,69,6.520545883
4,BNC25,1,Pawn Shop,14.3260982,5.0205962,9.305502,94.50529125,10.15585094,1.270806911,10,5.826405582
5,BNC25,1,Pizzeria,240.4333202,4.0970922,236.336228,1037.606715,4.390383665,1.380885635,173,5.795058246
6,BNC25,1,Quattroki Restaurant,196.8021449,5.1877789,191.614366,931.869414,4.863254428,1.296817606,151,5.739916806
7,BNC25,1,High School,111.7620377,2.6596327,109.102405,826.7172441,7.577442899,0.84846549,129,5.744528038
0,BNC25,2,Automobile shop,191.2653667,12.6289667,178.6364,769.1796338,4.305839313,1.329460331,142,5.455174708
1,BNC25,2,Police station ,48.6449454,4.5989924,44.045953,264.9318998,6.014897663,1.132551961,42,5.278755909
2,BNC25,2,Fire Station,14.7417728,4.2708978,10.470875,141.4120466,13.50527502,0.8936688,17,5.9906548
3,BNC25,2,Bank,17.8613861,1.9936911,15.867695,137.0469204,8.636851189,0.985504008,13,4.693673387
4,BNC25,2,Pawn Shop,81.2622343,2.8471793,78.415055,365.1770681,4.656976496,1.140580233,71,4.610552928
5,BNC25,2,Pizzeria,90.4570621,2.0278931,88.429169,527.8607224,5.969305472,1.016707081,89,5.566594219
6,BNC25,2,Quattroki Restaurant,69.2280749,8.8123089,60.415766,374.8196561,6.204004036,1.09257224,63,4.927186894
7,BNC25,2,High School,343.5188023,10.7216023,332.7972,1641.800188,4.933335341,1.150604362,295,5.259992841
0,BNC25,3,Automobile shop,12.3863867,4.3302547,8.056132,60.70805704,7.535633359,0.940187725,13,5.059004754
1,BNC25,3,Police station ,68.8871849,1.9374689,66.949716,277.5641048,4.145859331,1.388046743,48,4.786820903
2,BNC25,3,Fire Station,21.0066078,2.2779298,18.728678,244.3891745,13.0489282,0.620140448,34,5.961823907
3,BNC25,3,Bank,39.3744179,0.2569356,39.1174823,254.1425358,6.49690422,0.984852006,35,5.112352967
4,BNC25,3,Pawn Shop,78.9499267,4.5001637,74.449763,389.3075438,5.229130733,1.165677814,67,5.293481256
5,BNC25,3,Pizzeria,47.0826849,7.7638229,39.318862,446.0903003,11.34545299,0.643035401,73,5.642681617
6,BNC25,3,Quattroki Restaurant,229.7250601,6.3406441,223.384416,1143.638077,5.11959651,1.059796673,215,5.002984415
7,BNC25,3,High School,34.0268669,6.7500239,27.276843,321.8954957,11.80105395,0.64261181,43,5.413200801
0,BNC39,1,Automobile shop,29.2299867,8.5637907,20.666196,59.39403827,2.87397053,2.992323078,10,6.599337585
1,BNC39,1,Police station ,78.0126157,8.3126817,69.699934,203.1722892,2.914956695,3.420604668,23,6.968870606
2,BNC39,1,Fire Station,130.5956248,18.0484348,112.54719,384.6936558,3.418065398,2.310752543,54,6.403602561
3,BNC39,1,Bank,417.648094,8.256891,409.391203,1298.448252,3.171656456,2.251561799,185,6.617557604
4,BNC39,1,Pawn Shop,330.3054,,330.3054,919.1089536,2.782603474,5.811065942,131,6.732512817
5,BNC39,1,Pizzeria,127.2759369,0.2160207,127.0599162,340.944502,2.683336431,2.151352724,55,5.560231839
6,BNC39,1,Quattroki Restaurant,376.3872074,51.9235474,324.46366,1002.390811,3.089377748,2.315535263,162,5.783193427
7,BNC39,1,High School,28.2920088,8.1535518,20.138457,208.4289144,10.34979564,1.288969324,22,5.5830921
0,BNC39,2,Automobile shop,22.0726367,15.1560267,6.91661,56.66737426,8.192940509,2.616707088,9,7.083421782
1,BNC39,2,Police station ,15.9573206,4.9309036,11.026417,111.6936374,10.12964024,1.0956764,11,6.407997004
2,BNC39,2,Fire Station,17.4670991,5.6398491,11.82725,134.1495888,11.34241593,0.902771308,14,6.799328277
3,BNC39,2,Bank,113.6020618,0.152625,113.4494368,465.0153738,4.098877763,1.981976759,57,6.884405044
4,BNC39,2,Pawn Shop,48.9300597,14.6802697,34.24979,200.9042712,5.865854102,2.036489117,24,6.598264541
5,BNC39,2,Pizzeria,19.9787469,4.2359599,15.742787,124.4967912,7.90817987,1.204069385,14,6.121267298
6,BNC39,2,Quattroki Restaurant,31.0550666,8.4720816,22.582985,195.381942,8.651732353,1.381555648,22,5.9357256
7,BNC39,2,High School,20.5065236,4.8196326,15.686891,205.7581736,13.11656807,0.818669368,20,5.99419784
0,BNC39,3,Automobile shop,18.0511567,9.9405267,8.11063,56.25866447,6.936411163,2.051557088,9,7.032333059
1,BNC39,3,Police station ,15.3676991,8.4443821,6.923317,99.08455045,14.31171654,0.858443125,9,6.150454078
2,BNC39,3,Fire Station,18.3539497,4.4656087,13.888341,137.8484889,9.92548274,1.251950693,15,6.593922597
3,BNC39,3,Bank,122.7404677,5.7362257,117.004242,543.2646041,4.643118872,1.617643903,76,6.17530204
4,BNC39,3,Pawn Shop,101.2001278,9.5699768,91.630151,453.8050373,4.952573278,1.427187711,71,5.892087117
5,BNC39,3,Pizzeria,22.0968693,11.3055893,10.79128,119.9386735,11.11440658,0.763831429,15,5.757225574
6,BNC39,3,Quattroki Restaurant,30.1092054,13.9924954,16.11671,189.1172007,11.73423116,1.358382162,22,5.582048488
7,BNC39,3,High School,18.7925413,5.7717823,13.020759,200.7712182,15.41931758,0.716408333,19,6.064114958
0,BNC40,1,Automobile shop,157.3298667,108.7336667,48.5962,78.72346501,1.619951046,13.8847697,12,7.156678637
1,BNC40,1,Police station ,320.0976279,16.1319579,303.96567,904.8049427,2.976668196,2.596699156,122,7.05096132
2,BNC40,1,Fire Station,89.8598733,4.8888993,84.970974,350.3395877,4.123050157,2.057825216,44,7.034850546
3,BNC40,1,Bank,359.5917693,20.0692093,339.52256,1441.44767,4.24551367,1.836087717,194,7.025192195
4,BNC40,1,Pawn Shop,37.1106666,4.9642386,32.146428,108.2632686,3.367816437,3.3996384,10,7.033357595
5,BNC40,1,Pizzeria,114.4361011,3.9305051,110.505596,440.3066481,3.984473764,1.972766493,58,6.972546308
6,BNC40,1,Quattroki Restaurant,262.2940861,5.6525631,256.641523,1018.145863,3.967190699,1.896247468,138,6.924165037
7,BNC40,1,High School,34.478818,5.527504,28.951314,249.8610462,8.630387078,1.251784217,24,6.854584067
0,BNC40,2,Automobile shop,29.3651167,7.6643917,21.700725,61.59142581,2.838219728,3.114226522,10,6.843491756
1,BNC40,2,Police station ,82.0261268,8.8878308,73.138296,318.3000214,4.352029495,1.868392051,40,6.922122512
2,BNC40,2,Fire Station,29.2912583,6.1518253,23.139433,140.6851898,6.079889242,1.921354333,13,7.004075137
3,BNC40,2,Bank,209.3997346,12.7359746,196.66376,727.5794383,3.699611145,2.212332815,95,6.90537858
4,BNC40,2,Pawn Shop,254.2249959,6.5067539,247.718242,1122.836043,4.5327144,1.57055835,158,6.8831263
5,BNC40,2,Pizzeria,53.7006877,4.7016467,48.999041,127.1051971,2.594034383,3.762164923,14,6.709152994
6,BNC40,2,Quattroki Restaurant,70.2070087,11.4998487,58.70716,329.5197229,5.612939255,1.75462971,40,6.687702481
7,BNC40,2,High School,30.8188629,4.4790789,26.339784,258.62021,9.818615444,1.126410663,25,6.993160039
0,BNC40,3,Automobile shop,84.6788067,5.6596257,79.019181,431.3772604,5.459146183,1.292755495,65,6.740269693
1,BNC40,3,Police station ,43.9991521,4.9582641,39.040888,293.1169629,7.507948151,1.108537486,36,6.981015237
2,BNC40,3,Fire Station,21.6661306,3.6103086,18.055822,137.2815141,7.603171657,1.381988769,14,6.554395539
3,BNC40,3,Bank,63.6516333,7.6734793,55.978154,262.6932511,4.692781601,2.141915085,28,6.812101243
4,BNC40,3,Pawn Shop,65.2558909,5.6943369,59.561554,289.0684821,4.853273003,1.697317775,37,6.943634372
5,BNC40,3,Pizzeria,34.2565758,4.2146318,30.041944,226.7143875,7.546595102,1.236612252,28,6.850450328
6,BNC40,3,Quattroki Restaurant,221.1148779,0.3607069,220.754171,931.5155478,4.219696251,1.759778401,125,6.938944318
7,BNC40,3,High School,22.0619243,3.2773853,18.784539,242.4066826,12.90458513,0.967623241,23,6.859936489
0,BNC41,1,Automobile shop,35.0897867,10.0827267,25.00706,73.37215513,2.934057627,2.325030609,12,6.670195921
1,BNC41,1,Police station ,129.7468764,10.4997964,119.24708,443.5182837,3.719321963,2.301359025,56,6.943830936
2,BNC41,1,Fire Station,55.4169743,9.5149743,45.902,232.792916,5.071520107,1.632446643,29,6.615800714
3,BNC41,1,Bank,76.8522418,5.5694568,71.282785,314.5222513,4.412317101,2.050728383,37,6.393670045
4,BNC41,1,Pawn Shop,16.2573339,3.4242089,12.833125,109.8492286,8.559819109,1.43205079,11,6.162782604
5,BNC41,1,Pizzeria,57.5894492,3.9580852,53.631364,217.2966699,4.051671516,1.768311523,32,5.697459715
6,BNC41,1,Quattroki Restaurant,177.2057482,5.5346232,171.671125,783.8626234,4.566071454,1.178596084,146,4.911297186
7,BNC41,1,High School,15.1108765,4.7014215,10.409455,214.7544791,20.63071305,0.697586925,21,6.052665765
0,BNC41,2,Automobile shop,9.0718907,1.9196037,7.152287,56.63710111,7.918739993,0.79956027,11,5.663710111
1,BNC41,2,Police station ,13.3956437,5.2499447,8.145699,99.96163157,12.27170702,0.8076619,11,5.066248946
2,BNC41,2,Fire Station,101.1648957,4.5348437,96.630052,484.9668203,5.018799124,0.96913501,100,4.436159784
3,BNC41,2,Bank,24.312094,2.874995,21.437099,154.0137444,7.184448996,1.146651529,18,4.33433534
4,BNC41,2,Pawn Shop,92.2416416,4.7779716,87.46367,396.2570985,4.530533632,0.942259746,97,3.671157086
5,BNC41,2,Pizzeria,27.749489,6.166736,21.582753,135.5793814,6.281839089,0.931457435,24,3.995843306
6,BNC41,2,Quattroki Restaurant,45.5406035,4.7142875,40.826316,320.3768445,7.847312122,0.689948617,65,3.925110675
7,BNC41,2,High School,10.4927055,2.4307475,8.061958,217.4783887,26.97587717,0.329109875,25,5.203409685
0,BNC41,3,Automobile shop,36.0110667,28.7198467,7.29122,59.34993068,8.139917693,2.919001392,13,4.945827557
1,BNC41,3,Police station ,15.5342872,5.2637802,10.270507,103.8986527,10.11621458,0.84896025,13,4.425615257
2,BNC41,3,Fire Station,18.833006,6.854151,11.978855,139.9543392,11.68344881,0.59198135,21,4.637527169
3,BNC41,3,Bank,203.6288741,5.8543301,197.774544,944.2611016,4.774431949,0.754114499,268,3.236687399
4,BNC41,3,Pawn Shop,160.1220267,7.4236237,152.698403,653.084081,4.276954232,0.750635765,211,2.890733199
5,BNC41,3,Pizzeria,20.7497073,3.7501523,16.999555,132.1280109,7.772439389,0.646906,27,3.561192789
6,BNC41,3,Quattroki Restaurant,19.2563655,3.7501475,15.506218,198.3997845,12.7948533,0.494210014,38,3.495313739
7,BNC41,3,High School,26.3182384,2.1936374,24.124601,273.2962484,11.32852926,0.465811328,51,3.627984962
0,BNC42,1,Automobile shop,33.2101667,14.8495167,18.36065,78.50547845,4.275746144,2.741926064,12,7.136861677
1,BNC42,1,Police station ,72.318368,6.729022,65.589346,406.7657425,6.201704505,1.37551318,51,7.078447332
2,BNC42,1,Fire Station,14.9304507,6.4374207,8.49303,137.5590025,16.19669335,0.700822583,13,7.104947155
3,BNC42,1,Bank,194.3231973,5.8539513,188.469246,1199.955661,6.366851282,1.099696179,176,6.407207078
4,BNC42,1,Pawn Shop,159.9339223,3.0831753,156.850747,1061.43682,6.767177337,0.949978616,167,6.141088332
5,BNC42,1,Pizzeria,160.6502009,7.3333129,153.316888,1114.848222,7.27152916,0.907180428,176,6.125218063
6,BNC42,1,Quattroki Restaurant,11.4719014,2.8330844,8.638817,189.1209631,21.89199784,0.53374652,21,5.977292921
7,BNC42,1,High School,12.7915274,2.9306234,9.860904,233.4201375,23.67127167,0.404001458,25,5.949212923
0,BNC42,2,Automobile shop,12.3040267,2.5888427,9.715184,63.29718625,6.515284348,1.2413433,10,7.033020695
1,BNC42,2,Police station ,53.8533581,3.5070041,50.346354,340.1224828,6.755652709,1.08755513,47,6.287559591
2,BNC42,2,Fire Station,13.4651427,5.4647387,8.000404,139.5582576,17.44390128,0.564657714,15,6.19132885
3,BNC42,2,Bank,51.3532042,2.4099702,48.943234,371.4234127,7.588861265,0.782448806,63,4.713039584
4,BNC42,2,Pawn Shop,21.0062286,7.1456976,13.860531,126.7699263,9.146108928,1.190314271,18,4.952476042
5,BNC42,2,Pizzeria,47.3395438,3.7085858,43.630958,263.5746618,6.041001021,0.990730573,46,4.979811508
6,BNC42,2,Quattroki Restaurant,19.1731601,3.3614701,15.81169,193.3278547,12.22689382,0.867928338,22,5.848918542
7,BNC42,2,High School,16.041673,1.861352,14.180321,238.4885589,16.81827646,0.482069897,30,5.081625993
0,BNC42,3,Automobile shop,5.4914477,1.6644057,3.827042,62.74049439,16.3939916,0.418465245,12,5.703681308
1,BNC42,3,Police station ,34.5062427,1.8264617,32.679781,314.9614686,9.637808422,0.609694849,54,4.944902781
2,BNC42,3,Fire Station,8.7706204,3.2985944,5.472026,140.1160266,25.60587735,0.357887733,16,6.128807742
3,BNC42,3,Bank,13.6457219,4.0275249,9.618197,152.6515956,15.87112383,0.594211313,17,4.493105674
4,BNC42,3,Pawn Shop,10.2287709,2.0417409,8.18703,123.7640757,15.11709078,0.609680593,16,5.43161603
5,BNC42,3,Pizzeria,97.2826702,7.8748012,89.407869,536.4106563,5.999591113,1.094854866,89,5.660309082
6,BNC42,3,Quattroki Restaurant,9.0899178,3.0415648,6.048353,190.3197946,31.46638343,0.442201095,20,6.266326064
7,BNC42,3,High School,11.5901848,1.8065608,9.783624,237.7565599,24.30148174,0.400670208,25,6.162245524
0,BNC43,1,Automobile shop,67.3350667,8.7592457,58.575821,129.0606098,2.203308594,3.448878932,20,6.792663674
1,BNC43,1,Police station ,191.3717225,8.1735885,183.198134,552.5255914,3.016000105,2.338270344,78,6.490025448
2,BNC43,1,Fire Station,43.3532661,20.9858361,22.36743,140.9942585,6.303552019,2.992082579,15,6.763962016
3,BNC43,1,Bank,127.466835,27.746555,99.72028,403.2870837,4.044183226,2.127979746,60,5.490330516
4,BNC43,1,Pawn Shop,107.400636,8.804609,98.596027,382.3082543,3.877521903,1.707482452,63,5.521572906
5,BNC43,1,Pizzeria,32.2146589,4.4795979,27.735061,139.6726999,5.035961518,1.841969333,16,6.124218844
6,BNC43,1,Quattroki Restaurant,96.004359,0.4451469,95.5592121,484.5688923,5.07087576,1.287206406,73,5.761357253
7,BNC43,1,High School,58.3601181,5.9869871,52.373131,320.0696565,6.111333243,1.374943198,42,5.469728008
0,BNC43,2,Automobile shop,17.0129467,3.2844497,13.728497,56.65788069,4.127027212,1.6025893,10,6.295320077
1,BNC43,2,Police station ,27.4993958,8.0070638,19.492332,130.4745779,6.693636139,1.385414286,15,5.857815138
2,BNC43,2,Fire Station,21.3258669,7.7363549,13.589512,140.6162564,10.3474103,0.899062,16,6.198708491
3,BNC43,2,Bank,27.8049297,5.5415877,22.263342,170.461052,7.65657968,1.687288169,17,5.692712859
4,BNC43,2,Pawn Shop,31.4787138,13.7428538,17.73586,111.8617335,6.307093846,2.258650317,13,5.320199661
5,BNC43,2,Pizzeria,165.4695221,1.3889671,164.080555,661.0036915,4.028531544,1.134984174,145,4.305813705
6,BNC43,2,Quattroki Restaurant,101.3379025,8.3680345,92.969868,578.7171136,6.224781492,0.718342084,138,3.711666554
7,BNC43,2,High School,26.8191234,6.0209404,20.798183,247.6556672,11.90756265,0.643020875,33,4.901565669
0,BNC43,3,Automobile shop,12.6378667,3.4091627,9.228704,60.3664836,6.541165867,1.008069892,13,5.0305403
1,BNC43,3,Police station ,68.547177,3.312635,65.234542,409.9261411,6.283881645,0.757923897,88,4.134313555
2,BNC43,3,Fire Station,18.749504,7.236149,11.513355,135.3870113,11.75912767,0.632785444,19,5.028047889
3,BNC43,3,Bank,19.2563501,4.6246251,14.631725,142.9599446,9.770546166,1.019209315,14,4.872834288
4,BNC43,3,Pawn Shop,19.42317,4.7014,14.72177,135.1559254,9.180684482,0.82608387,24,4.014685467
5,BNC43,3,Pizzeria,22.6240873,0.7909132,21.8331741,134.7373536,6.171221509,0.985516686,23,4.330616317
6,BNC43,3,Quattroki Restaurant,162.1223318,7.4582788,154.664053,681.0947679,4.403704382,0.857169862,184,3.34384365
7,BNC43,3,High School,25.7982547,4.2014327,21.596822,237.1264352,10.97969114,0.667980594,33,4.561931779
0,BNC44,1,Automobile shop,102.3855667,21.5319267,80.85364,237.6495732,2.93925633,1.70284452,60,4.027958867
1,BNC44,1,Police station ,90.755733,11.229063,79.52667,317.1887485,3.988457564,1.443010377,62,4.350375434
2,BNC44,1,Fire Station,40.8324342,3.8401092,36.992325,150.537047,4.069412967,1.98536681,21,4.793612693
3,BNC44,1,Bank,28.1998271,4.3877921,23.812035,145.0024223,6.089459482,1.43321634,16,4.425837094
4,BNC44,1,Pawn Shop,80.5272588,5.5561508,74.971108,372.2224541,4.964878659,1.2230672,65,5.191478535
5,BNC44,1,Pizzeria,43.8879453,2.7567603,41.131185,254.3814369,6.184636716,1.02298084,43,5.025752094
6,BNC44,1,Quattroki Restaurant,271.7712697,3.8123827,267.958887,1252.500953,4.674228078,1.267276538,214,5.562046967
7,BNC44,1,High School,103.8799738,4.8194258,99.060548,559.6313623,5.649386901,1.179326561,88,5.372697133
0,BNC44,2,Automobile shop,20.4001167,5.4770107,14.923106,58.82571268,3.94192152,1.287795047,16,3.921714179
1,BNC44,2,Police station ,94.2758166,3.7431866,90.53263,378.3713458,4.179391959,1.207500956,78,4.227408984
2,BNC44,2,Fire Station,26.7217607,11.4791907,15.24257,142.7766046,9.366964012,0.889658235,18,5.256510045
3,BNC44,2,Bank,32.1940867,4.6390837,27.555003,173.2701258,6.28815485,1.275744696,25,3.904606179
4,BNC44,2,Pawn Shop,150.4623507,6.3402087,144.122142,571.683106,3.966657018,1.219522276,123,4.303287232
5,BNC44,2,Pizzeria,38.7561698,8.4584618,30.297708,154.8874396,5.11218339,1.209005476,30,3.962059795
6,BNC44,2,Quattroki Restaurant,53.8462245,5.8748125,47.971412,263.8864946,5.500911555,1.160712833,46,4.356095618
7,BNC44,2,High School,94.4560535,0.4860945,93.969959,485.9312691,5.171134203,1.125589486,84,4.682291935
0,BNC44,3,Automobile shop,17.0785867,4.8907497,12.187837,61.156849,5.017859117,1.02145038,16,4.077123267
1,BNC44,3,Police station ,24.5550744,2.6321044,21.92297,142.102674,6.481907971,1.13278859,22,4.242225705
2,BNC44,3,Fire Station,18.1940088,6.4586358,11.735373,136.9361378,11.66866514,0.683358,18,5.240977488
3,BNC44,3,Bank,78.7973033,0.1112822,78.6860211,434.952582,5.527698261,0.922274807,85,4.230058247
4,BNC44,3,Pawn Shop,35.3108944,3.6110514,31.699843,138.3304718,4.363758893,1.142987247,31,3.101235871
5,BNC44,3,Pizzeria,119.7069112,2.0356332,117.671278,511.5921788,4.347638502,1.034559055,114,4.169595437
6,BNC44,3,Quattroki Restaurant,19.9434183,3.4723283,16.47109,191.3054089,11.61461742,0.858257241,23,5.584170742
7,BNC44,3,High School,55.7008965,6.9171535,48.783743,255.9425366,5.246471896,1.262333402,42,3.993906441
0,BNC45,1,Automobile shop,28.5822767,12.0819467,16.50033,61.94237464,3.754008232,2.832538522,10,6.882486072
1,BNC45,1,Police station ,40.3322479,4.9654909,35.366757,189.819234,5.367165387,1.716301614,22,6.58044665
2,BNC45,1,Fire Station,26.1799434,4.8540924,21.325851,145.8693704,6.840025772,1.569919027,16,6.645893249
3,BNC45,1,Bank,226.6832848,4.8194308,221.863854,1142.830878,5.151045819,1.380483661,164,6.520561404
4,BNC45,1,Pawn Shop,67.7695911,7.2904481,60.479143,339.7333497,5.61736382,1.28327921,49,6.054675479
5,BNC45,1,Pizzeria,17.4789025,3.1320395,14.346863,118.6503282,8.270123455,1.284186269,14,5.893616462
6,BNC45,1,Quattroki Restaurant,285.0081002,6.7221812,278.285919,1476.29544,5.304959179,1.262591082,224,6.315135343
7,BNC45,1,High School,21.5480349,3.0136349,18.5344,238.6864797,12.87802571,0.835541773,23,6.59277422
0,BNC45,2,Automobile shop,10.2925567,1.2711967,9.02136,66.06902009,7.323620838,0.86542657,11,6.606902009
1,BNC45,2,Police station ,18.6178045,3.6320805,14.985724,127.3625299,8.498924036,1.0634365,15,5.409012434
2,BNC45,2,Fire Station,14.6521018,4.1525638,10.499538,136.4818722,12.99884549,0.800695,14,6.685709518
3,BNC45,2,Bank,154.622313,3.513776,151.108537,747.3709575,4.94592147,1.351369,113,5.967983197
4,BNC45,2,Pawn Shop,88.1026002,3.7568862,84.345714,460.8361758,5.463658483,1.204722864,73,5.72221082
5,BNC45,2,Pizzeria,21.0623666,3.0068576,18.055509,141.6261135,7.84392805,0.996133111,19,5.617742632
6,BNC45,2,Quattroki Restaurant,22.2626387,2.5554947,19.707144,183.1239751,9.292263509,1.014625142,20,5.918809384
7,BNC45,2,High School,79.1313771,2.7303631,76.401014,583.6061975,7.638723191,1.045535974,75,6.649416418
0,BNC45,3,Automobile shop,12.3466367,3.4436737,8.902963,68.74237482,7.721291757,1.12567397,11,6.874237482
1,BNC45,3,Police station ,16.5479399,3.5207249,13.027215,117.4983304,9.019451231,1.177142182,12,5.983305474
2,BNC45,3,Fire Station,13.1398791,2.6389581,10.500921,140.676872,13.39662226,0.893304221,15,6.562618633
3,BNC45,3,Bank,87.59489,4.055244,83.539646,485.8222944,5.815469871,1.170459301,74,5.547265429
4,BNC45,3,Pawn Shop,105.6237089,5.5484809,100.075228,608.9353478,6.084776023,1.176242556,89,6.393423144
5,BNC45,3,Pizzeria,12.7567939,3.6876749,9.069119,126.5327138,13.9520403,0.640839143,15,6.139970095
6,BNC45,3,Quattroki Restaurant,17.7427331,1.9643121,15.778421,188.3764258,11.93886421,0.904775561,19,6.610332502
7,BNC45,3,High School,20.2209564,2.9375674,17.283389,237.8788002,13.76343495,0.778777136,23,6.650743495
0,BNC46,1,Automobile shop,54.0551867,40.8610067,13.19418,72.01195884,5.457857847,4.439527225,13,6.00099657
1,BNC46,1,Police station ,308.5488497,4.2501607,304.298689,1487.088067,4.886935504,1.380675302,222,6.506163659
2,BNC46,1,Fire Station,56.3459521,12.6805221,43.66543,217.780685,4.98748518,1.853176504,29,6.013329244
3,BNC46,1,Bank,18.770901,6.264116,12.506785,142.4000482,11.38582363,1.868896556,10,6.400565068
4,BNC46,1,Pawn Shop,168.0874371,4.4234601,163.663977,884.8343652,5.406408798,1.274160047,131,6.477257079
5,BNC46,1,Pizzeria,53.1449123,4.6110893,48.533823,256.2123402,5.279047154,1.304769514,38,5.842992472
6,BNC46,1,Quattroki Restaurant,354.3001692,6.0344262,348.265743,2080.788571,5.974715034,1.178248752,299,6.729248978
7,BNC46,1,High School,364.7357488,7.3746898,357.361059,1853.236286,5.185893201,1.307200307,277,6.366396787
0,BNC46,2,Automobile shop,19.9929467,5.1460187,14.846928,64.88059353,4.369967546,1.156897313,16,4.325372902
1,BNC46,2,Police station ,140.8722072,7.6110092,133.261198,652.2622452,4.894614899,1.082784835,127,4.760575383
2,BNC46,2,Fire Station,18.506622,4.368097,14.138525,147.8788584,10.45928471,0.876763438,17,5.996625727
3,BNC46,2,Bank,28.6451193,5.6524073,22.992712,164.8083791,7.167852976,1.14270255,21,4.232257148
4,BNC46,2,Pawn Shop,19.0895629,2.5617249,16.527838,104.9234865,6.348288654,1.090667593,16,3.910328017
5,BNC46,2,Pizzeria,23.076183,3.298684,19.777499,125.569804,6.349124529,0.891958455,23,3.861822466
6,BNC46,2,Quattroki Restaurant,36.2147271,3.5477791,32.666948,227.1008332,6.952006451,0.938614922,38,4.288887398
7,BNC46,2,High School,35.3116129,3.1252279,32.186385,319.1076408,9.914367232,0.879877869,40,5.787364678
0,BNC46,3,Automobile shop,18.4654567,3.0077417,15.457715,59.43034617,3.844704484,0.850709058,13,4.952528847
1,BNC46,3,Police station ,64.3658677,0.1804301,64.1854376,265.7178987,4.139847115,1.29810648,47,4.611554014
2,BNC46,3,Fire Station,21.3198138,9.7506578,11.569156,146.7100734,12.68113883,0.673592882,18,5.394560587
3,BNC46,3,Bank,22.3745252,3.1876442,19.186881,135.1713889,7.044990214,1.121746824,18,3.256938308
4,BNC46,3,Pawn Shop,207.3359959,3.8473029,203.488693,899.8926351,4.422322547,1.017430118,203,4.248014202
5,BNC46,3,Pizzeria,23.2841795,2.6528565,20.631323,131.8664739,6.391566545,0.890078609,24,3.907685889
6,BNC46,3,Quattroki Restaurant,776.0916546,3.0484776,773.043177,4434.785448,5.736788811,0.97823019,787,5.553719498
7,BNC46,3,High School,40.6033617,5.3753397,35.228022,319.0253552,9.056011012,1.028358214,37,6.222882724
0,BNC47,1,Automobile shop,336.2721667,65.6391167,270.63305,1030.233594,3.806754549,2.24518434,150,6.914319425
1,BNC47,1,Police station ,244.7529765,13.1873565,231.56562,1201.630969,5.18915964,1.362259241,177,6.535400582
2,BNC47,1,Fire Station,87.2422848,15.7012448,71.54104,534.5033022,7.471282249,1.148558096,72,6.795948019
3,BNC47,1,Bank,215.5999963,7.5136523,208.086344,1169.433393,5.619943001,1.241716705,173,6.30423189
4,BNC47,1,Pawn Shop,58.5473176,8.7292086,49.818109,345.0294005,6.925782761,1.147071176,50,6.143485431
5,BNC47,1,Pizzeria,67.3667528,9.7983698,57.568383,251.0209707,4.360396412,1.945024082,35,6.12232403
6,BNC47,1,Quattroki Restaurant,748.1810609,5.6108579,742.570203,4317.65695,5.814476439,1.048840327,708,6.003811446
7,BNC47,1,High School,46.8322714,5.0278974,41.804374,606.7536153,14.51411796,0.558878761,83,6.282787154
0,BNC47,2,Automobile shop,117.1091667,33.1882767,83.92089,594.0268286,7.078414309,1.214941228,96,6.252913985
1,BNC47,2,Police station ,55.8252697,6.5566327,49.268637,320.317474,6.501447849,1.118785696,48,5.744517663
2,BNC47,2,Fire Station,21.118458,5.119099,15.999359,170.4268988,10.65210793,0.90711881,22,5.75978531
3,BNC47,2,Bank,59.9366012,5.4791462,54.457455,399.6790837,7.33929053,0.932014069,59,5.517961226
4,BNC47,2,Pawn Shop,27.3536592,4.3194622,23.034197,128.7678943,5.590292308,1.566661813,16,5.756807734
5,BNC47,2,Pizzeria,63.1032266,5.4929996,57.610227,458.858906,7.964886269,0.829029778,75,5.628522035
6,BNC47,2,Quattroki Restaurant,634.7930754,6.5693534,628.223722,3199.77947,5.093375748,1.018521344,619,5.061101813
7,BNC47,2,High School,48.6934009,5.5971519,43.096249,593.7118237,13.77641529,0.55682717,83,6.124882316
0,BNC47,3,Automobile shop,14.3420667,6.9468597,7.395207,70.0457405,9.471775503,0.964829746,14,5.388133885
1,BNC47,3,Police station ,128.7469462,3.5066982,125.240248,1020.989833,8.152250167,0.770476553,166,5.882420431
2,BNC47,3,Fire Station,20.5829812,4.7220092,15.860972,141.1980694,8.902233068,0.758882918,23,4.179872068
3,BNC47,3,Bank,125.205982,2.583021,122.622961,891.8799488,7.27335192,0.77371542,158,5.170970355
4,BNC47,3,Pawn Shop,58.4294015,5.7913695,52.638032,567.401407,10.7793051,0.613792758,94,5.664356831
5,BNC47,3,Pizzeria,21.6998598,6.6522048,15.047655,145.4196621,9.663941799,0.785078737,20,5.416074339
6,BNC47,3,Quattroki Restaurant,71.2635886,3.8201336,67.443455,610.7313757,9.055458023,0.729837652,97,5.659181576
7,BNC47,3,High School,41.2687789,5.8112989,35.45748,609.1471244,17.17965079,0.501766211,81,6.408573726
0,NAV053,1,Automobile shop,185.8119667,15.5376067,170.27436,586.9493872,3.447080272,1.480039167,125,4.7334628
1,NAV053,1,Police station ,40.839286,10.916326,29.92296,198.3129692,6.627451604,1.353311818,23,6.485968722
2,NAV053,1,Fire Station,45.5544846,20.3818446,25.17264,156.8410692,6.23061662,2.426660256,19,5.72884691
3,NAV053,1,Bank,475.9492931,5.9650811,469.984212,2176.140468,4.630241638,1.435709155,330,6.367059636
4,NAV053,1,Pawn Shop,36.3601122,12.3125222,24.04759,184.4992619,7.672255801,1.455419675,25,5.812432579
5,NAV053,1,Pizzeria,26.7637675,10.3890875,16.37468,127.5843819,7.791564897,1.084702667,16,5.728431529
6,NAV053,1,Quattroki Restaurant,480.3954766,19.7079166,460.68756,2403.075459,5.216280334,1.259380709,377,6.205557954
7,NAV053,1,High School,32.6866745,13.8540545,18.83262,208.3393434,11.06268503,0.984095789,20,6.130697695
0,NAV053,2,Automobile shop,38.9331967,0.2387266,38.6944701,62.15950264,1.606418242,3.160417158,13,5.179958553
1,NAV053,2,Police station ,21.4927407,5.1318957,16.360845,163.1401459,9.971376532,0.8110696,21,5.580009563
2,NAV053,2,Fire Station,533.0524263,6.7151443,526.337282,3753.768255,7.131868448,0.895511848,591,6.266795014
3,NAV053,2,Bank,72.782804,3.458278,69.324526,498.145972,7.185710466,1.035912,70,6.047702793
4,NAV053,2,Pawn Shop,63.4847162,1.0071322,62.477584,351.3846477,5.624171507,1.046187056,58,5.30882204
5,NAV053,2,Pizzeria,24.3397901,14.5068701,9.83292,124.0050176,12.61120986,0.607600625,17,5.266986436
6,NAV053,2,Quattroki Restaurant,25.596319,7.686388,17.909931,189.4596439,10.57846867,1.167629286,22,5.704091364
7,NAV053,2,High School,16.9645943,3.9165993,13.047995,214.473942,16.43731025,0.586163409,23,5.592133737
0,NAV053,3,Automobile shop,19.7899967,6.7828957,13.007101,64.99199546,4.99665494,1.335134621,15,4.64228539
1,NAV053,3,Police station ,21.8952578,2.7082118,19.187046,166.8819523,8.697636536,0.792403583,25,4.786213071
2,NAV053,3,Fire Station,18.5205683,6.5279593,11.992609,149.2570031,12.44574914,0.659353611,19,5.301859206
3,NAV053,3,Bank,77.4428031,2.5625331,74.88027,536.817776,7.169014962,0.902856843,83,5.529084239
4,NAV053,3,Pawn Shop,37.8184508,1.7291278,36.089323,257.1486396,7.125338416,0.8756344,43,5.087807009
5,NAV053,3,Pizzeria,14.4786966,5.5138186,8.964878,129.6093342,14.45745656,0.520345176,18,5.143048626
6,NAV053,3,Quattroki Restaurant,18.3950294,4.8402684,13.554761,195.6944281,14.43732045,0.745353933,25,5.249779459
7,NAV053,3,High School,22.235426,9.875035,12.360391,242.6476913,19.63106922,0.48742708,26,6.121953095
0,NAV058,1,Automobile shop,230.9807667,19.1035467,211.87722,1153.893288,5.44604695,1.362968603,168,6.909540645
1,NAV058,1,Police station ,66.9567636,7.9028286,59.053935,292.2949205,4.949626481,1.305372533,46,5.324399708
2,NAV058,1,Fire Station,21.1798906,9.8956006,11.28429,137.5081646,12.18580563,0.745385267,16,6.012604715
3,NAV058,1,Bank,70.3316836,8.1942796,62.137404,323.1403011,5.200415213,1.561701355,45,5.53061632
4,NAV058,1,Pawn Shop,166.1074517,5.4650177,160.642434,794.0259506,4.942815736,1.245040215,130,5.839357647
5,NAV058,1,Pizzeria,27.8187326,11.4582426,16.36049,126.2628638,7.717547809,1.083729333,16,5.721455513
6,NAV058,1,Quattroki Restaurant,194.2241008,8.6379988,185.586102,932.2613559,5.023336046,1.132841673,167,5.201020184
7,NAV058,1,High School,26.3883944,5.2917994,21.096595,240.1046437,11.38120363,0.774445667,28,5.543414712
0,NAV058,2,Automobile shop,19.4021267,6.8333107,12.568816,58.36144822,4.6433529,1.532959808,13,4.863454019
1,NAV058,2,Police station ,82.1304398,3.8741218,78.256318,415.4060139,5.308274457,1.069736682,74,5.006102523
2,NAV058,2,Fire Station,48.331999,3.965112,44.366887,289.8797547,6.533696058,0.997976,46,5.410534994
3,NAV058,2,Bank,92.1920457,8.2565267,83.935519,488.7631267,5.823078626,1.089153394,84,4.926859997
4,NAV058,2,Pawn Shop,23.8605764,2.8888064,20.97177,99.32219438,4.735994834,1.711975338,14,4.101227348
5,NAV058,2,Pizzeria,20.5481312,2.9023762,17.645755,157.36069,8.917764641,0.69888612,26,4.665597824
6,NAV058,2,Quattroki Restaurant,61.5260551,4.8888921,56.637163,396.9388339,7.008451921,0.85927551,62,5.362590265
7,NAV058,2,High School,19.1591567,6.9228507,12.236306,215.4131165,17.6044238,0.847217986,22,5.864461741
0,NAV058,3,Automobile shop,16.7103967,4.5233237,12.187073,60.78918482,4.988005309,0.900250977,14,4.67609114
1,NAV058,3,Police station ,44.5823652,5.2016472,39.380718,202.727164,5.147878817,1.223747969,33,4.701801592
2,NAV058,3,Fire Station,49.7489304,2.6877224,47.061208,372.3562035,7.912168414,0.818660228,58,5.712786002
3,NAV058,3,Bank,139.1076103,6.1874083,132.920202,747.5619569,5.624140994,1.01382218,136,4.940722025
4,NAV058,3,Pawn Shop,47.5472303,4.2012403,43.34599,208.7325444,4.815498375,1.264712954,38,4.498387544
5,NAV058,3,Pizzeria,15.2983566,2.4088936,12.889463,155.930373,12.09750732,0.578876545,23,5.235415159
6,NAV058,3,Quattroki Restaurant,50.2209457,0.3056052,49.9153405,389.7219836,7.807659523,0.761764959,60,5.431356472
7,NAV058,3,High School,19.6174963,2.8124543,16.805042,210.6516108,12.53502436,0.723671957,24,5.219512438
0,NAV059,1,Automobile shop,39.6022067,8.6863007,30.915906,64.49469053,2.086132961,4.114799078,10,7.166076726
1,NAV059,1,Police station ,115.3937172,19.0759972,96.31772,216.6725586,2.24956071,4.395173088,26,6.588919666
2,NAV059,1,Fire Station,69.7628201,11.9095401,57.85328,174.6967687,3.019651932,3.718985561,19,6.792827193
3,NAV059,1,Bank,25.1246499,4.3959089,20.728741,128.5523634,6.201648397,2.5841275,9,6.006497518
4,NAV059,1,Pawn Shop,110.2202643,4.1321613,106.088103,450.9302914,4.250526484,1.550184706,68,6.164026816
5,NAV059,1,Pizzeria,37.6037163,4.4862773,33.117439,131.7346037,3.977801655,2.358633786,15,6.04581711
6,NAV059,1,Quattroki Restaurant,78.4084785,5.7499855,72.658493,293.556168,4.04021823,2.070409257,38,6.022749803
7,NAV059,1,High School,134.7195134,5.1389554,129.580558,529.3131655,4.08481931,1.905243241,69,6.353176044
0,NAV059,2,Automobile shop,11.5457467,2.8237767,8.72197,56.9585196,6.530464975,1.106992189,10,6.3287244
1,NAV059,2,Police station ,41.0270231,3.0140691,38.012954,226.493117,5.958314027,1.350670714,29,6.251405292
2,NAV059,2,Fire Station,29.1384549,8.5486649,20.58979,140.5692205,6.827132307,1.965378779,15,6.277665991
3,NAV059,2,Bank,128.4701882,3.8334802,124.636708,512.7289543,4.113787683,1.753968468,72,6.107433763
4,NAV059,2,Pawn Shop,171.322632,12.208182,159.11445,680.1087686,4.274336923,1.42378758,120,5.350588661
5,NAV059,2,Pizzeria,58.5755335,5.6320345,52.943499,316.8984196,5.985596449,1.029240759,57,4.943450537
6,NAV059,2,Quattroki Restaurant,15.3468592,2.7916202,12.555239,189.6364142,15.10416602,0.637110736,23,5.479924011
7,NAV059,2,High School,17.2427669,4.4307639,12.812003,206.9811044,16.15524944,0.603149619,22,5.463691021
0,NAV059,3,Automobile shop,9.8376467,2.3382237,7.499423,56.65070205,7.554008094,0.674674669,14,4.357746311
1,NAV059,3,Police station ,28.7909877,2.8402947,25.950693,184.6770487,7.11645923,0.954223259,28,4.911009026
2,NAV059,3,Fire Station,11.5273616,4.0622526,7.465109,140.0786237,18.76444452,0.432237,18,5.364010399
3,NAV059,3,Bank,111.1296889,3.6039669,107.525722,528.0407259,4.910831716,1.129755384,97,4.676031147
4,NAV059,3,Pawn Shop,27.4925127,5.6873697,21.805143,127.3991655,5.842620042,1.469503817,19,4.574638923
5,NAV059,3,Pizzeria,25.4584159,5.6462129,19.812203,120.4927704,6.081745194,1.158427,18,4.74904854
6,NAV059,3,Quattroki Restaurant,14.3257683,2.3748023,11.950966,190.2998643,15.92338764,0.624956776,22,5.697082765
7,NAV059,3,High School,15.7357389,3.3681879,12.367551,205.301625,16.60002251,0.644015684,20,5.948000219
0,NAV060,1,Automobile shop,22.0417667,3.6326157,18.409151,64.54637372,3.506211325,2.07640707,11,6.454637372
1,NAV060,1,Police station ,87.1719459,8.0692059,79.10274,349.2499946,4.415144085,1.956420452,45,6.778324171
2,NAV060,1,Fire Station,51.9991119,11.7010819,40.29803,228.6257727,5.673373431,1.882672293,28,6.731345204
3,NAV060,1,Bank,52.450154,9.874706,42.575448,221.2163801,5.195867347,2.317636619,22,6.721945982
4,NAV060,1,Pawn Shop,115.4636721,0.8124293,114.6512428,538.0329596,4.692779131,1.439531495,78,6.364105655
5,NAV060,1,Pizzeria,15.3746836,3.0891966,12.285487,139.125851,11.32440667,0.870534143,15,6.764645143
6,NAV060,1,Quattroki Restaurant,34.9650424,9.8122724,25.15277,237.7070896,9.450533265,1.227827862,27,6.424221978
7,NAV060,1,High School,11.5201916,3.9443806,7.575811,218.2913815,28.81425916,0.603339867,19,6.732848271
0,NAV060,2,Automobile shop,20.4538867,4.7450687,15.708818,74.93043336,4.769959991,1.397931058,13,6.24420278
1,NAV060,2,Police station ,15.9301131,6.0206041,9.909509,137.9107953,13.917016,0.818847333,13,6.445446572
2,NAV060,2,Fire Station,18.7706234,3.5628454,15.207778,140.2908258,9.224939093,1.006877067,16,6.180445378
3,NAV060,2,Bank,55.568622,4.438029,51.130593,312.889492,6.119418408,1.468706528,37,6.449896056
4,NAV060,2,Pawn Shop,99.477832,6.429832,93.048,618.0994675,6.642802291,1.173075952,85,6.811263379
5,NAV060,2,Pizzeria,19.2356287,2.7839587,16.45167,132.6463047,8.062786616,1.278230479,15,6.682804404
6,NAV060,2,Quattroki Restaurant,30.3674263,4.9998093,25.367617,228.4684944,9.006304944,1.061677252,26,6.324406703
7,NAV060,2,High School,15.8121501,4.0486611,11.763489,214.0099013,18.19272338,0.846406728,19,6.709937804
0,NAV060,3,Automobile shop,9.4887077,2.9820117,6.506696,61.01767431,9.377674062,0.82735127,11,6.101767431
1,NAV060,3,Police station ,15.2287331,1.8680741,13.360659,146.8844283,10.99380115,0.8837926,16,6.494193973
2,NAV060,3,Fire Station,9.3819651,3.1877261,6.194239,135.9482639,21.94753284,0.469527154,14,6.986379629
3,NAV060,3,Bank,47.5616147,2.8543297,44.707285,372.631069,8.334907141,1.060305675,45,6.652059424
4,NAV060,3,Pawn Shop,47.9157068,4.8611758,43.054531,334.9498741,7.779666074,1.001740995,44,6.729228009
5,NAV060,3,Pizzeria,12.9373417,3.9656017,8.97174,116.8557043,13.02486522,0.740736167,13,6.520709726
6,NAV060,3,Quattroki Restaurant,14.2770683,3.3332513,10.943817,187.1080976,17.09715153,0.707583517,19,6.686060187
7,NAV060,3,High School,9.0899452,2.1180332,6.971912,213.3280599,30.59821465,0.380390222,19,6.777402566
0,NAV062,1,Automobile shop,86.1339667,12.6347167,73.49925,306.231505,4.166457549,1.729443402,50,6.249622551
1,NAV062,1,Police station ,55.0201595,4.1877085,50.832451,323.0848928,6.355878705,1.20057067,45,6.184479707
2,NAV062,1,Fire Station,16.5624463,5.7153323,10.847114,144.3734337,13.30984755,1.12946645,15,6.406611956
3,NAV062,1,Bank,204.7540272,3.8889592,200.865068,1046.915989,5.212036114,1.287257071,158,6.161736345
4,NAV062,1,Pawn Shop,14.8815899,5.3541259,9.527464,97.4619816,10.22958277,1.35417269,11,5.834138738
5,NAV062,1,Pizzeria,109.2203769,3.3472439,105.873133,584.9960067,5.525443426,1.277691868,85,6.48629452
6,NAV062,1,Quattroki Restaurant,38.6727827,5.3122037,33.360579,218.5737674,6.551857729,1.455958873,27,5.702840572
7,NAV062,1,High School,178.0115347,6.1593857,171.852149,895.0763818,5.208409595,1.252350793,138,5.823761262
0,NAV062,2,Automobile shop,19.6410867,3.0991337,16.541953,78.49469542,4.745189121,1.231851693,15,5.606763958
1,NAV062,2,Police station ,38.3532298,2.5831858,35.770044,262.0488418,7.325930094,0.934401711,39,5.36870045
2,NAV062,2,Fire Station,10.708416,3.451614,7.256802,128.8200219,17.75162418,0.800191,14,6.585316255
3,NAV062,2,Bank,24.3606708,3.1868248,21.173846,176.7034299,8.345362948,1.3163328,17,6.055058371
4,NAV062,2,Pawn Shop,48.01316,3.340432,44.672728,258.9194709,5.795918058,1.2991508,36,5.952364078
5,NAV062,2,Pizzeria,49.895107,4.659771,45.235336,362.3469866,8.010264069,0.899208679,54,6.092587641
6,NAV062,2,Quattroki Restaurant,33.4997929,4.2844649,29.215328,248.5906867,8.508913085,1.05047083,31,6.021357771
7,NAV062,2,High School,84.3598195,3.3406655,81.019154,538.2646487,6.643671554,1.022867364,82,5.466289244
0,NAV062,3,Automobile shop,7.9071377,2.0534007,5.853737,57.21778321,9.774573611,0.62665867,11,5.721778321
1,NAV062,3,Police station ,10.5481172,3.4443092,7.103808,104.1606573,14.66265098,0.782298444,10,5.95266924
2,NAV062,3,Fire Station,7.2773608,1.6528798,5.624481,135.9255123,24.16676531,0.394815214,15,6.198527384
3,NAV062,3,Bank,80.151386,1.999883,78.151503,619.2393485,7.923575679,0.83141028,94,5.789802141
4,NAV062,3,Pawn Shop,15.1939013,2.6944033,12.499498,134.7674076,10.78182561,0.893573394,17,5.699963214
5,NAV062,3,Pizzeria,26.0969908,2.9377088,23.159282,163.5910347,7.063735165,1.072766817,24,5.381635068
6,NAV062,3,Quattroki Restaurant,16.6872511,2.6945051,13.992746,191.1879304,13.66336031,0.820159479,20,6.30465996
7,NAV062,3,High School,24.3052468,4.7224958,19.582751,240.514312,12.28194711,0.853208421,29,5.307431411
0,NAV064,1,Automobile shop,27.1656767,16.2841467,10.88153,61.70805108,5.670898401,2.8680063,10,6.85645012
1,NAV064,1,Police station ,70.8665926,3.5137726,67.35282,324.9485626,4.824572492,1.395243055,48,5.833072847
2,NAV064,1,Fire Station,25.2498629,5.7013439,19.548519,184.9558434,9.461373693,0.77500744,26,5.589851605
3,NAV064,1,Bank,599.4975569,4.1254569,595.3721,3267.025342,5.487367215,0.802776553,741,4.301694984
4,NAV064,1,Pawn Shop,76.9844721,7.2288731,69.755599,444.9893738,6.37926389,0.662084858,106,3.791032893
5,NAV064,1,Pizzeria,175.9139323,7.0068153,168.907117,859.7173792,5.089882502,0.751096011,217,3.801283872
6,NAV064,1,Quattroki Restaurant,453.3565281,11.7638681,441.59266,2116.149279,4.79208436,0.959333043,467,4.382320683
7,NAV064,1,High School,48.3885531,12.4999431,35.88861,306.6169701,8.543573298,0.968293025,45,4.880215692
0,NAV064,2,Automobile shop,23.8369567,11.5587867,12.27817,57.12222176,4.652340028,2.28578367,11,5.712222176
1,NAV064,2,Police station ,75.0410414,6.6737614,68.36728,627.8070789,9.182858801,0.598760426,124,4.690602732
2,NAV064,2,Fire Station,16.8604837,8.1666567,8.693827,145.5873451,16.7460596,0.953221276,18,5.491230507
3,NAV064,2,Bank,147.1793207,5.6107537,141.568567,1175.168292,8.301053804,0.56678565,256,4.292622931
4,NAV064,2,Pawn Shop,114.62321,12.96536,101.65785,875.3559506,8.610805271,0.579410769,196,4.252146222
5,NAV064,2,Pizzeria,17.7359081,5.7986911,11.937217,125.0018064,10.47160376,0.512072652,24,3.682108161
6,NAV064,2,Quattroki Restaurant,14.2008235,3.3194755,10.881348,189.8038543,17.44304605,0.541391646,25,5.013281029
7,NAV064,2,High School,18.7637822,5.5000622,13.26372,242.1163555,18.25403096,0.533478006,35,4.400543579
0,NAV064,3,Automobile shop,12.4878167,4.1680617,8.319755,60.87437982,7.316847649,0.753552647,16,4.058291988
1,NAV064,3,Police station ,59.1589505,6.0347445,53.124206,575.4718772,10.83257371,0.478327872,122,4.316429573
2,NAV064,3,Fire Station,10.6315887,4.7420477,5.889541,147.1031948,24.97702194,0.68699518,16,6.326097046
3,NAV064,3,Bank,89.1998119,6.4096229,82.790189,882.2134327,10.65601424,0.521112446,169,4.768585534
4,NAV064,3,Pawn Shop,90.2405122,6.2914122,83.9491,808.2138692,9.627427444,0.489353708,182,4.228561809
5,NAV064,3,Pizzeria,27.5909595,7.3688645,20.222095,222.6076684,11.00814077,0.595720678,46,4.044240356
6,NAV064,3,Quattroki Restaurant,14.3815538,4.6250878,9.756466,198.9022735,20.38671313,0.528801712,26,4.984977512
7,NAV064,3,High School,13.5066113,3.6876293,9.818982,217.7443882,22.17586183,0.485887588,27,4.784642515
0,NAV065,1,Automobile shop,31.3823567,7.0627287,24.319628,81.2162566,3.339535317,1.822524544,17,5.076016038
1,NAV065,1,Police station ,152.8589929,6.6807629,146.17823,721.1126613,4.933105711,1.068900035,140,4.839526474
2,NAV065,1,Fire Station,23.6732041,8.8261171,14.847087,145.0836101,9.771856936,1.109106576,22,4.541388261
3,NAV065,1,Bank,396.4789687,10.1041387,386.37483,1985.611786,5.139081616,0.743356702,529,3.60575482
4,NAV065,1,Pawn Shop,125.3732159,20.1040559,105.26916,592.49754,5.628405698,0.86328652,143,3.840490032
5,NAV065,1,Pizzeria,42.763261,21.437381,21.32588,234.6729794,11.00414048,0.936845477,45,4.403303098
6,NAV065,1,Quattroki Restaurant,487.5562276,14.3885876,473.16764,3246.65898,6.861540616,0.661104887,729,4.355114401
7,NAV065,1,High School,55.7696942,14.8817742,40.88792,477.1040116,11.66858113,0.691670055,77,5.051541508
0,NAV065,2,Automobile shop,14.1706367,6.0216567,8.14898,64.8429693,7.957188421,0.837598647,16,4.32286462
1,NAV065,2,Police station ,55.6448558,9.6588398,45.986016,261.3682786,5.683646928,0.940865807,59,3.57479668
2,NAV065,2,Fire Station,20.0203587,12.5344387,7.48592,144.257131,19.27046121,0.408792778,19,5.490411182
3,NAV065,2,Bank,19.5899188,3.7776888,15.81223,142.3899982,9.005054832,1.034453822,19,3.433866034
4,NAV065,2,Pawn Shop,46.512889,11.201109,35.31178,263.744849,7.469032968,0.838718849,54,4.169851622
5,NAV065,2,Pizzeria,41.4298559,8.1041909,33.325665,369.9340402,11.10057489,0.556474168,72,4.660487748
6,NAV065,2,Quattroki Restaurant,753.2472974,9.8752354,743.372062,4695.620006,6.31664848,0.66138359,1127,4.10674995
7,NAV065,2,High School,95.0750287,30.7220787,64.35295,597.7535292,9.288673312,0.894937797,106,4.833271204
0,NAV065,3,Automobile shop,7.8346257,2.3826897,5.451936,56.21238307,10.31053612,0.5225329,14,4.324029467
1,NAV065,3,Police station ,87.8737772,3.5278432,84.345934,810.6717625,9.611272578,0.494220938,176,4.351145135
2,NAV065,3,Fire Station,13.4305555,7.8959375,5.534618,151.5966841,27.39063185,0.773262676,18,5.591980159
3,NAV065,3,Bank,34.4995582,2.8540322,31.645526,257.0551178,8.12295292,0.792348386,43,4.191847199
4,NAV065,3,Pawn Shop,46.6656455,3.3330775,43.332568,265.9413079,6.137215499,0.88012213,51,4.509260745
5,NAV065,3,Pizzeria,32.1522221,10.4929621,21.65926,159.521647,7.36505527,1.011667314,30,4.107740165
6,NAV065,3,Quattroki Restaurant,239.4694772,6.0069962,233.462481,1752.666829,7.507274066,0.573753823,413,4.080380004
7,NAV065,3,High School,39.3743302,9.4864252,29.887905,353.7967294,11.83745496,0.701183152,55,4.862857847