,Participant,Block_Num,Target_Name,Total_Time,Orientation_Time,Navigation_Time,Distance,Speed,Mean_Dwell,Teleportations,Mean_Teleport_Distance
0,BNC01,1,Automobile shop,26.0891567,4.0827067,22.00645,121.513576,5.521725495,1.413152983,19,6.750754223
1,BNC01,1,Police station ,74.9354039,2.0761869,72.859217,553.9048857,7.602399649,0.976574105,76,6.740514818
2,BNC01,1,Fire Station,68.4010753,2.9653283,65.435747,620.3299573,9.479985876,0.827136374,82,6.952693918
3,BNC01,1,Bank,150.0732069,2.4794449,147.593762,953.1818875,6.458144806,1.110058626,135,6.519761444
4,BNC01,1,Pawn Shop,33.415599,2.458676,30.956923,207.832466,6.713602189,1.23329936,26,6.720465552
5,BNC01,1,Pizzeria,51.9709559,1.8539689,50.116987,330.6588575,6.597740153,1.179386788,44,6.7962535
6,BNC01,1,Quattroki Restaurant,29.4021908,3.4514478,25.950743,206.6955532,7.964918506,1.148265673,23,6.238589295
7,BNC01,1,High School,51.9289005,2.9587305,48.97017,588.7993687,12.02363334,0.670947277,75,6.69120578
0,BNC01,2,Automobile shop,38.4571367,1.3192397,37.137897,232.9783373,6.273331451,0.935782418,41,5.824458432
1,BNC01,2,Police station ,10.1322852,2.0842102,8.048075,117.8420847,14.64226969,0.724735364,12,6.256667057
2,BNC01,2,Fire Station,51.4284166,1.6039286,49.824488,379.8857813,7.624479378,0.897450868,57,5.96819753
3,BNC01,2,Bank,11.2022423,2.9661123,8.23613,127.4770389,15.47778373,1.022665625,9,6.102969865
4,BNC01,2,Pawn Shop,50.5470227,1.5901737,48.956849,267.9108426,5.472387379,1.086705216,46,5.027572462
5,BNC01,2,Pizzeria,13.6177116,2.2295326,11.388179,123.6711059,10.85960327,0.806791,15,6.008491286
6,BNC01,2,Quattroki Restaurant,25.9511032,2.9374802,23.013623,228.8744263,9.945171444,0.7912142,32,5.163286962
7,BNC01,2,High School,31.0407001,3.1316631,27.909037,418.3493228,14.9897441,0.561099492,52,6.283081909
0,BNC01,3,Automobile shop,22.7001167,1.5262367,21.17388,185.1821512,8.745782599,0.568485073,38,5.004923007
1,BNC01,3,Police station ,14.4855938,1.4027498,13.082844,147.4082929,11.2672973,0.681610263,20,5.010067166
2,BNC01,3,Fire Station,10.4093308,1.7568968,8.652434,138.064135,15.95668167,0.556813738,17,5.720995287
3,BNC01,3,Bank,9.3123685,1.4445005,7.867868,141.9319631,18.03944386,0.708325545,12,5.61950776
4,BNC01,3,Pawn Shop,17.1930548,1.3123938,15.880661,128.2495708,8.075833294,0.82593794,21,4.314488942
5,BNC01,3,Pizzeria,25.0076351,2.2581261,22.749509,287.9834854,12.65888795,0.564446352,41,6.238709233
6,BNC01,3,Quattroki Restaurant,26.8950192,1.1109692,25.78405,414.2188674,16.06492647,0.479129744,55,6.347780979
7,BNC01,3,High School,24.9436939,1.6112809,23.332413,456.1597676,19.55047545,0.434337463,57,6.52334931
0,BNC02,1,Automobile shop,15.0162367,5.3983517,9.617885,67.29193474,6.996541832,1.38077937,11,6.729193474
1,BNC02,1,Police station ,35.0545844,2.5624574,32.492127,194.3857195,5.982548311,1.540368857,22,6.63010533
2,BNC02,1,Fire Station,107.9076589,3.3055329,104.602126,661.5864339,6.324789554,1.035859117,103,6.025033758
3,BNC02,1,Bank,13.8399809,4.7015429,9.138438,128.6323334,14.07596499,1.008501,10,5.403633309
4,BNC02,1,Pawn Shop,29.4297337,3.5275907,25.902143,197.5734166,7.627686119,0.873536128,30,5.417586348
5,BNC02,1,Pizzeria,19.7148755,5.3611365,14.353739,122.2430582,8.516460989,1.097153077,14,6.273610427
6,BNC02,1,Quattroki Restaurant,154.17097,21.33296,132.83801,635.8127425,4.786376599,1.395635872,110,5.210554828
7,BNC02,1,High School,10.1871661,2.0974261,8.08974,212.0047308,26.20661861,0.442495444,19,6.745493307
0,BNC02,2,Automobile shop,7.0368027,2.6967837,4.340019,61.46609172,14.16263194,0.570948609,12,5.58782652
1,BNC02,2,Police station ,9.3195053,1.4792223,7.840283,128.1813736,16.34907485,0.596139154,14,5.755246434
2,BNC02,2,Fire Station,19.638581,1.429921,18.20866,276.7549876,15.19908591,0.455399605,39,6.100995033
3,BNC02,2,Bank,9.8330679,2.3123509,7.520717,141.4659672,18.81017026,0.782305908,13,5.058929117
4,BNC02,2,Pawn Shop,9.0622082,3.7842982,5.27791,88.69567647,16.80507558,0.911168578,10,5.345006795
5,BNC02,2,Pizzeria,11.3750299,2.4653229,8.909707,125.8256951,14.1223157,0.5870586,16,5.752043882
6,BNC02,2,Quattroki Restaurant,11.0483221,1.3331381,9.715184,191.8103139,19.74335369,0.451349868,23,5.48168436
7,BNC02,2,High School,9.4582415,1.9793965,7.478845,215.8023117,28.85503199,0.349210238,22,5.89470872
0,BNC02,3,Automobile shop,9.3945757,3.2625077,6.132068,72.84364207,11.87913149,0.601095479,15,5.203117291
1,BNC02,3,Police station ,7.1524446,1.7915836,5.360861,120.2983537,22.44011804,0.439804917,13,5.778400537
2,BNC02,3,Fire Station,9.1361875,2.5255345,6.610653,137.4540487,20.79280954,0.579528233,16,6.058915756
3,BNC02,3,Bank,7.2844115,1.7014795,5.582932,130.3711885,23.35174215,0.551363,11,5.049523279
4,BNC02,3,Pawn Shop,7.9300291,3.1457381,4.784291,88.46369721,18.49045077,0.70142751,11,4.619866053
5,BNC02,3,Pizzeria,9.027439,1.76387,7.263569,126.238789,17.37971912,0.420225294,18,5.096877716
6,BNC02,3,Quattroki Restaurant,11.2010098,1.1805888,10.020421,188.4899968,18.81058659,0.383609881,28,4.431953443
7,BNC02,3,High School,8.4579372,1.6250602,6.832877,211.9564966,31.02009543,0.3346921,21,6.020143695
0,BNC03,1,Automobile shop,29.5539067,7.8037407,21.750166,63.11436489,2.901787733,3.132826744,10,7.01270721
1,BNC03,1,Police station ,64.255701,7.750024,56.505677,403.8581988,7.147214586,1.27081146,51,7.052918821
2,BNC03,1,Fire Station,24.2217939,3.4513789,20.770415,223.9862015,10.78390593,0.822742716,26,7.178092476
3,BNC03,1,Bank,309.4609574,2.3196294,307.141328,2268.374528,7.38544221,0.979334736,314,6.981036389
4,BNC03,1,Pawn Shop,49.6927351,6.4723441,43.220391,451.9797191,10.45755739,0.754181351,64,6.45562391
5,BNC03,1,Pizzeria,66.478933,5.056596,61.422337,595.5112286,9.695352825,0.778632571,85,6.641757317
6,BNC03,1,Quattroki Restaurant,21.3881804,4.0345234,17.353657,252.0998979,14.52719147,0.700109764,29,6.522194771
7,BNC03,1,High School,12.7286599,2.7419539,9.986706,213.5430594,21.38273214,0.547970333,19,6.902537163
0,BNC03,2,Automobile shop,10.6864767,3.1306957,7.555781,57.8462745,7.655896128,1.0794033,10,6.427363834
1,BNC03,2,Police station ,34.5957569,1.6179629,32.977794,327.7519825,9.938566009,0.722631242,46,6.153777439
2,BNC03,2,Fire Station,11.4448448,2.6602158,8.784629,159.5847884,18.16636632,0.481156111,19,6.124258184
3,BNC03,2,Bank,28.0336532,6.4162202,21.617433,235.4186329,10.89022147,1.001301546,27,5.925670366
4,BNC03,2,Pawn Shop,35.1590598,2.9584838,32.200576,333.0505706,10.3430004,0.710147604,47,6.239606656
5,BNC03,2,Pizzeria,52.5476841,2.8542531,49.693431,550.3699775,11.07530646,0.597059954,86,5.993072222
6,BNC03,2,Quattroki Restaurant,19.0340696,1.9518966,17.082173,252.7773376,14.79772729,0.603901687,31,6.133432196
7,BNC03,2,High School,14.9714546,1.7846156,13.186839,250.5299503,18.99848404,0.540653096,28,5.909485581
0,BNC03,3,Automobile shop,8.5303567,1.8008667,6.72949,60.40490054,8.976148346,0.54187305,15,4.314635753
1,BNC03,3,Police station ,39.9505734,1.4791184,38.471455,316.5496003,8.228168138,0.702264988,53,5.061826193
2,BNC03,3,Fire Station,8.909758,2.437774,6.471984,148.9885505,23.02053752,0.352484944,19,5.742807299
3,BNC03,3,Bank,15.3812617,3.7626107,11.618651,160.6544254,13.8272873,1.090134592,14,6.107236232
4,BNC03,3,Pawn Shop,55.2348831,6.7497621,48.485121,609.3898408,12.56859482,0.532626218,98,5.869556216
5,BNC03,3,Pizzeria,40.7143897,2.9028567,37.811533,465.637271,12.31468904,0.555385774,73,5.928574431
6,BNC03,3,Quattroki Restaurant,13.2972814,3.2431004,10.054181,238.9741257,23.76863174,0.420174213,31,5.674360814
7,BNC03,3,High School,12.5216135,1.6744645,10.847149,242.4316989,22.34980813,0.452014288,27,5.903050787
0,BNC04,1,Automobile shop,120.3598667,8.8266767,111.53319,500.142029,4.484243919,1.596780571,74,6.851260672
1,BNC04,1,Police station ,48.0753251,14.7142151,33.36111,225.3070645,6.753584173,1.720327888,27,6.761285525
2,BNC04,1,Fire Station,54.0129128,8.7014348,45.311478,254.8033782,5.623373798,1.503397733,31,6.618537792
3,BNC04,1,Bank,79.3418514,2.4516214,76.89023,466.2354812,6.063650495,1.278385523,61,6.440015395
4,BNC04,1,Pawn Shop,24.3113726,1.8323516,22.479021,138.8474872,6.17675864,1.482397173,16,6.330832979
5,BNC04,1,Pizzeria,65.0194997,1.4859177,63.533582,343.1804503,5.401559923,1.33185716,49,6.139892775
6,BNC04,1,Quattroki Restaurant,86.5607599,2.4445219,84.116238,445.9871511,5.302033968,1.41166032,60,6.355371942
7,BNC04,1,High School,25.2498013,1.9722463,23.277555,259.3101452,11.13992192,0.853410974,28,6.250103979
0,BNC04,2,Automobile shop,14.0676467,4.6029097,9.464737,65.65607984,6.936915399,1.069859058,13,5.471339987
1,BNC04,2,Police station ,48.311496,2.951393,45.360103,332.5131681,7.330520571,0.930825941,52,5.488785154
2,BNC04,2,Fire Station,26.9509206,6.4027256,20.548195,146.552429,7.13213151,1.5490036,17,6.065763835
3,BNC04,2,Bank,20.3050487,4.1665827,16.138466,168.9455793,10.46850298,1.106727544,17,5.621447159
4,BNC04,2,Pawn Shop,24.1382762,1.1665632,22.971713,193.6356774,8.429309445,0.933660967,25,6.207786102
5,BNC04,2,Pizzeria,33.5341606,2.1318096,31.402351,249.6480185,7.949978603,0.932321518,35,6.086285702
6,BNC04,2,Quattroki Restaurant,19.8327474,2.6945564,17.138191,195.0396424,11.38041012,0.93189482,21,6.308743659
7,BNC04,2,High School,21.4442564,2.4236604,19.020596,241.569045,12.70039304,0.900969757,24,6.540110274
0,BNC04,3,Automobile shop,13.2736167,5.8712667,7.40235,64.02829628,8.649725598,1.118977609,12,5.820754207
1,BNC04,3,Police station ,51.3045367,1.6877667,49.61677,362.8170673,7.312387874,0.98259521,52,6.125372769
2,BNC04,3,Fire Station,41.3603641,4.8265141,36.53385,317.3728141,8.687089209,0.879385548,45,6.087292048
3,BNC04,3,Bank,13.3678144,1.6110534,11.756761,160.1183495,13.61925699,0.9828578,14,6.170499536
4,BNC04,3,Pawn Shop,20.2911246,6.2704176,14.020707,143.3867805,10.22678675,1.193361225,17,5.956198244
5,BNC04,3,Pizzeria,15.7704394,2.9513044,12.819135,134.1804347,10.46719882,0.9086515,15,6.334638022
6,BNC04,3,Quattroki Restaurant,14.5548781,1.6596451,12.895233,191.6637389,14.86314663,0.711984426,20,6.489333446
7,BNC04,3,High School,20.1664354,1.8467334,18.319702,245.1956432,13.38425937,0.756384708,25,6.409260027
0,BNC05,1,Automobile shop,29.6765167,9.6705767,20.00594,63.33810353,3.165964885,3.021899633,10,7.037567059
1,BNC05,1,Police station ,55.165819,4.805723,50.360096,273.1376373,5.423691752,1.531621594,33,7.072137777
2,BNC05,1,Fire Station,17.5485688,4.0142638,13.534305,130.5833109,9.648320387,1.12110925,13,7.039437467
3,BNC05,1,Bank,54.1235492,3.6732482,50.450301,268.962677,5.331240283,1.861580074,28,7.064584185
4,BNC05,1,Pawn Shop,82.1374444,3.9653274,78.172117,490.5227666,6.274907031,1.244462467,64,7.036819948
5,BNC05,1,Pizzeria,79.1725481,3.6946241,75.477924,365.5620523,4.843297655,1.564320807,47,7.07534975
6,BNC05,1,Quattroki Restaurant,141.073918,7.610314,133.463604,865.8334023,6.487412121,1.238083619,114,7.009600628
7,BNC05,1,High School,10.3050625,4.6941525,5.61091,204.0191572,36.36115304,0.3437955,17,7.099831911
0,BNC05,2,Automobile shop,11.3660567,2.2334567,9.1326,64.51050931,7.063761613,0.69985767,11,6.451050931
1,BNC05,2,Police station ,17.3887184,3.4859794,13.902739,154.0913051,11.08352139,1.099062493,16,6.467779996
2,BNC05,2,Fire Station,7.2153395,1.7778935,5.437446,148.9744805,27.3978777,0.381478429,15,6.823204777
3,BNC05,2,Bank,47.8531965,2.9444715,44.908725,397.0194326,8.840585713,0.932777949,50,6.372326884
4,BNC05,2,Pawn Shop,54.1934847,3.9586637,50.234821,327.2084365,6.513578231,1.142966784,44,6.600715994
5,BNC05,2,Pizzeria,20.6733796,6.8886636,13.784716,130.243102,9.448370356,0.977463929,15,6.083474253
6,BNC05,2,Quattroki Restaurant,13.645117,4.229244,9.415873,193.8671981,20.5894024,0.680157111,19,6.71755054
7,BNC05,2,High School,8.3056201,1.7988461,6.506774,210.038313,32.27994595,0.375871059,18,6.971350502
0,BNC05,3,Automobile shop,6.4444217,1.3244677,5.119954,63.36553313,12.37619188,0.600390411,10,7.040614793
1,BNC05,3,Police station ,6.8826237,1.2438357,5.638788,121.4922134,21.54580265,0.43706647,11,6.824238749
2,BNC05,3,Fire Station,6.8400473,1.5065983,5.333449,141.3103538,26.49511672,0.374118214,15,6.649683927
3,BNC05,3,Bank,7.3190188,3.6039708,3.715048,127.9621709,34.44428467,0.87404585,9,6.12383359
4,BNC05,3,Pawn Shop,9.2565192,1.5764722,7.680047,127.7058912,16.62826949,0.606120871,15,6.361298478
5,BNC05,3,Pizzeria,7.6320512,3.2431912,4.38886,116.7696253,26.60591253,0.330699231,14,6.011824036
6,BNC05,3,Quattroki Restaurant,7.6036929,1.4651109,6.138582,185.0426285,30.14419755,0.37033605,19,6.479393285
7,BNC05,3,High School,6.7217284,2.0141134,4.707615,200.5443646,42.59999269,0.270041,18,6.505896905
0,BNC07,1,Automobile shop,24.5805867,15.3934967,9.18709,59.13441422,6.436686069,2.37467467,11,5.913441422
1,BNC07,1,Police station ,52.3809693,7.7082943,44.672675,348.4832456,7.800814382,1.041361904,50,6.057295116
2,BNC07,1,Fire Station,73.8806766,4.9446806,68.935996,474.8708478,6.888576003,0.975736899,74,5.849611858
3,BNC07,1,Bank,85.0402767,20.0066667,65.03361,381.9689518,5.873408408,1.520375975,54,5.71958666
4,BNC07,1,Pawn Shop,18.0133327,5.1180017,12.895331,158.0046603,12.25285805,0.902687037,20,5.738009959
5,BNC07,1,Pizzeria,31.950921,13.083041,18.86788,169.4095168,8.978725578,0.74778,26,5.139249708
6,BNC07,1,Quattroki Restaurant,114.484189,10.916509,103.56768,735.9513195,7.105994066,0.92644327,123,5.464539841
7,BNC07,1,High School,35.6790478,14.3035578,21.37549,239.4101648,11.20021879,0.98191908,36,4.118137411
0,BNC07,2,Automobile shop,11.9197567,5.6482717,6.271485,58.26736117,9.290839598,1.023667973,12,5.297032834
1,BNC07,2,Police station ,23.7633941,1.9654511,21.797943,205.8832218,9.445075704,0.696152935,32,4.979221962
2,BNC07,2,Fire Station,69.429521,1.652595,67.776926,559.9345359,8.261433041,0.68189981,101,5.13105995
3,BNC07,2,Bank,15.8252514,2.3742534,13.450998,130.8188627,9.725587847,1.396438582,12,4.55064294
4,BNC07,2,Pawn Shop,11.3190914,2.2291164,9.089975,124.2033519,13.66377267,0.618946024,18,4.858987076
5,BNC07,2,Pizzeria,16.708131,1.270847,15.437284,178.2572497,11.54718989,0.64989892,26,5.507656099
6,BNC07,2,Quattroki Restaurant,30.9163061,1.9236211,28.992685,291.7369563,10.06243321,0.54641415,55,4.117157942
7,BNC07,2,High School,9.9579328,1.7916758,8.166257,220.4091413,26.99022836,0.333267625,25,5.28148915
0,BNC07,3,Automobile shop,4.9680117,1.7730277,3.194984,59.94490746,18.76219332,0.354380669,14,4.611146728
1,BNC07,3,Police station ,23.0694636,1.6875406,21.381923,189.4816842,8.86177002,0.768217952,30,4.726528144
2,BNC07,3,Fire Station,19.4925217,1.2012587,18.291263,220.7865989,12.07060436,0.483957864,40,4.414502237
3,BNC07,3,Bank,8.7776787,1.2988557,7.478823,142.1736135,19.01015888,0.616243833,13,5.308724915
4,BNC07,3,Pawn Shop,8.7497416,1.2699526,7.479789,132.7977919,17.75421632,0.441897644,19,5.187676271
5,BNC07,3,Pizzeria,41.0828845,4.2503245,36.83256,382.2686154,10.37855135,0.559677507,73,4.75714149
6,BNC07,3,Quattroki Restaurant,9.3887061,1.2363391,8.152367,191.3982862,23.4776337,0.40265855,23,5.630363425
7,BNC07,3,High School,11.0819914,1.5624084,9.519583,207.1542563,21.76085406,0.460971733,22,5.536454886
0,BNC08,1,Automobile shop,15.6672667,6.7496587,8.917608,69.18608729,7.758368308,1.228454882,12,6.289644299
1,BNC08,1,Police station ,81.316576,3.130474,78.186102,662.3218898,8.471094898,0.783742775,103,5.938809995
2,BNC08,1,Fire Station,12.9373388,4.2431618,8.694177,135.5292693,15.58851048,0.572519667,16,5.954008115
3,BNC08,1,Bank,38.5194176,2.2637196,36.255698,313.94112,8.659083601,0.893942305,39,6.178372199
4,BNC08,1,Pawn Shop,25.2779089,4.1533699,21.124539,202.8754717,9.603782205,0.946870842,27,5.954657178
5,BNC08,1,Pizzeria,18.9167589,2.6110609,16.305698,126.4137404,7.75273407,1.012178688,17,5.275199593
6,BNC08,1,Quattroki Restaurant,193.107514,2.909751,190.197763,1825.672254,9.598810338,0.620047896,308,5.717211322
7,BNC08,1,High School,16.8056383,3.5625813,13.243057,262.3932969,19.81365004,0.506474286,30,5.892469289
0,BNC08,2,Automobile shop,16.5143167,4.8612547,11.653062,94.13042419,8.077741644,0.913850865,18,5.537083776
1,BNC08,2,Police station ,10.5487525,3.2220235,7.326729,113.8015035,15.53237516,0.928584773,12,5.662351197
2,BNC08,2,Fire Station,7.506717,1.631907,5.87481,135.7713016,23.1107562,0.3846876,16,5.813113111
3,BNC08,2,Bank,90.0889763,1.7362663,88.35271,904.2897379,10.23499718,0.592818495,149,5.575454283
4,BNC08,2,Pawn Shop,51.3878777,2.2570897,49.130788,538.742073,10.96546778,0.530191165,96,5.204241025
5,BNC08,2,Pizzeria,29.937009,3.902711,26.034298,352.6080892,13.54398299,0.521742222,55,5.790816606
6,BNC08,2,Quattroki Restaurant,21.2843612,1.7156822,19.568679,411.4613783,21.02652807,0.335720587,61,5.677040757
7,BNC08,2,High School,45.0830595,2.1382825,42.944777,639.3423985,14.88754729,0.459350891,97,5.702415291
0,BNC08,3,Automobile shop,14.5793367,4.3847507,10.194586,82.69948468,8.11209839,0.921956713,16,5.513298978
1,BNC08,3,Police station ,6.6727101,3.1112291,3.561481,107.1601248,30.08864143,0.3495264,11,5.425679302
2,BNC08,3,Fire Station,7.8966258,2.8692278,5.027398,136.7357396,27.19811313,0.3282362,16,5.925478783
3,BNC08,3,Bank,7.5142119,1.5627829,5.951429,128.9385068,21.66513401,0.654284556,10,5.506150707
4,BNC08,3,Pawn Shop,37.4295569,1.7428049,35.686752,358.2054543,10.03749106,0.59250124,59,5.470622281
5,BNC08,3,Pizzeria,14.8678472,2.3053562,12.562491,203.7346456,16.21769485,0.398286,32,5.268568468
6,BNC08,3,Quattroki Restaurant,34.6238791,1.5485201,33.075359,534.3070223,16.15423199,0.3709783,88,5.328082917
7,BNC08,3,High School,30.9231654,2.5978574,28.325308,440.6806429,15.55784117,0.459048506,65,5.467559009
0,BNC09,1,Automobile shop,32.4661067,8.9946257,23.471481,58.16077128,2.477933595,2.798705336,12,5.287342844
1,BNC09,1,Police station ,86.484026,4.208341,82.275685,222.7468953,2.707323498,2.942858897,30,5.962886535
2,BNC09,1,Fire Station,387.549516,6.673329,380.876187,1234.063181,3.240063893,2.16492354,177,6.732740339
3,BNC09,1,Bank,33.651989,2.451258,31.200731,135.6324461,4.347091934,2.794723778,10,6.2757141
4,BNC09,1,Pawn Shop,186.7085469,1.9852589,184.723288,557.1793368,3.016291789,2.228906389,83,6.308062732
5,BNC09,1,Pizzeria,49.2213441,5.1657261,44.055618,150.7635483,3.422118567,2.197314005,20,5.787424514
6,BNC09,1,Quattroki Restaurant,180.6927633,2.3123593,178.380404,520.9131447,2.920237498,2.10486378,86,5.257225107
7,BNC09,1,High School,26.9989959,3.9781149,23.020881,208.5404735,9.058752942,1.063355177,23,5.463039068
0,BNC09,2,Automobile shop,19.7310067,7.0439067,12.6871,57.29845298,4.51627661,1.4366299,14,4.407573306
1,BNC09,2,Police station ,35.1936921,1.8682581,33.325434,181.4648739,5.445236628,1.431760613,24,5.711385496
2,BNC09,2,Fire Station,63.9779739,2.9448459,61.033128,203.8935252,3.340702531,1.828819968,35,4.720214163
3,BNC09,2,Bank,23.2079433,3.1179423,20.090001,171.2796647,8.525617532,1.125020017,19,5.125780597
4,BNC09,2,Pawn Shop,50.943704,2.458125,48.485579,128.228371,2.644670305,1.724775333,28,3.150366648
5,BNC09,2,Pizzeria,66.1588532,7.5695772,58.589276,238.3642967,4.068394645,1.382820093,46,4.416071244
6,BNC09,2,Quattroki Restaurant,64.5817157,2.0832257,62.49849,353.9142313,5.662764514,1.28082032,50,5.758288706
7,BNC09,2,High School,15.958213,1.994722,13.963491,211.9067376,15.1757707,0.609025737,20,6.504872741
0,BNC09,3,Automobile shop,11.5499367,1.8775957,9.672341,63.97814455,6.614546008,0.608210335,18,3.763420268
1,BNC09,3,Police station ,33.4022886,2.0480106,31.354278,187.3173076,5.974218496,1.112803321,29,4.823351665
2,BNC09,3,Fire Station,61.3595819,1.7637169,59.595865,308.3925868,5.17473128,1.140418133,53,5.016090944
3,BNC09,3,Bank,13.4997712,2.9166072,10.583164,134.2915364,12.68916709,0.874719417,13,4.631741378
4,BNC09,3,Pawn Shop,156.7439507,1.6528497,155.091101,737.8687418,4.757647196,1.074127243,144,4.881974819
5,BNC09,3,Pizzeria,17.0485727,4.7569257,12.291647,151.2353885,12.3039157,0.755662795,22,5.360554411
6,BNC09,3,Quattroki Restaurant,67.6664564,1.8681884,65.798268,397.1130587,6.035311731,0.994511082,67,4.954298621
7,BNC09,3,High School,19.2424089,2.6792799,16.563129,208.9731808,12.6167695,0.745945364,23,5.450202391
0,BNC11,1,Automobile shop,27.3735567,10.0336867,17.33987,61.84143957,3.566430404,2.836307411,10,6.871271064
1,BNC11,1,Police station ,89.6166665,7.6388445,81.977822,445.8871845,5.439119674,1.545120886,58,6.945871113
2,BNC11,1,Fire Station,13.8468541,3.9029531,9.943901,141.1879808,14.19844997,0.82171525,13,7.071877391
3,BNC11,1,Bank,15.2912779,2.6040399,12.687238,135.5584366,10.68462943,1.579326,9,7.101146717
4,BNC11,1,Pawn Shop,58.2418104,2.6526074,55.589203,288.4699708,5.189316543,1.543017383,36,7.029455935
5,BNC11,1,Pizzeria,40.1174357,6.1246847,33.992751,227.2730074,6.685925695,1.300357885,27,7.198132444
6,BNC11,1,Quattroki Restaurant,108.9699987,6.3121147,102.657884,666.4225896,6.491684454,1.223684632,86,7.007502517
7,BNC11,1,High School,20.3121235,4.2083135,16.10381,235.4222777,14.61904219,0.79827135,21,7.185054671
0,BNC11,2,Automobile shop,12.9617167,4.2122707,8.749446,61.45359583,7.023712796,1.265817967,10,6.828177314
1,BNC11,2,Police station ,21.2704488,2.0073728,19.263076,202.7640858,10.5260492,0.950381181,22,7.161347702
2,BNC11,2,Fire Station,9.4028331,2.2293841,7.173449,135.6474515,18.90965581,0.544851077,14,6.895628431
3,BNC11,2,Bank,27.8465499,2.0070919,25.839458,190.8452803,7.385808183,1.608017687,17,6.917882915
4,BNC11,2,Pawn Shop,14.6385971,4.0763461,10.562251,105.5564577,9.993746376,1.483980233,10,7.09948974
5,BNC11,2,Pizzeria,18.5341971,2.1112161,16.422981,158.653924,9.660482711,0.959073882,18,6.962959779
6,BNC11,2,Quattroki Restaurant,25.5967064,4.1040814,21.492625,187.3004994,8.714640461,1.417918141,18,7.013377438
7,BNC11,2,High School,13.6737945,2.0418345,11.63196,205.6322711,17.6782134,0.7200595,17,7.125581663
0,BNC11,3,Automobile shop,7.3602567,2.1524197,5.207837,59.87804679,11.49768067,0.683556189,10,6.65311631
1,BNC11,3,Police station ,10.5829287,0.4445324,10.1383963,134.0491036,13.22192383,0.718145367,13,6.908775408
2,BNC11,3,Fire Station,7.4442226,1.5834146,5.860808,139.314893,23.77059494,0.443978615,14,6.907962295
3,BNC11,3,Bank,8.9164687,2.6805727,6.235896,128.2660897,20.56899115,0.883887286,8,6.947607151
4,BNC11,3,Pawn Shop,9.9650148,1.9932358,7.971779,102.389052,12.8439401,0.961902311,10,6.840960799
5,BNC11,3,Pizzeria,16.7358367,2.0141397,14.721697,161.5916947,10.97643123,0.859068471,18,7.086427541
6,BNC11,3,Quattroki Restaurant,14.7286445,2.0624075,12.666237,194.6132654,15.36472635,0.763919806,19,6.896582806
7,BNC11,3,High School,12.0760326,1.7085666,10.367466,203.9193007,19.66915548,0.641008187,17,7.121140928
0,BNC12,1,Automobile shop,64.1498667,9.8882867,54.26158,310.4310464,5.721010085,1.32258389,49,6.467313466
1,BNC12,1,Police station ,24.7564738,3.5555048,21.200969,195.4773228,9.220207001,1.101715562,22,6.540848826
2,BNC12,1,Fire Station,38.9646119,3.7283339,35.236278,433.7853317,12.31075915,0.660669705,59,6.552634608
3,BNC12,1,Bank,195.9684545,2.5626325,193.405822,1544.281055,7.98466685,0.854557416,228,6.438812695
4,BNC12,1,Pawn Shop,45.5611362,1.9164572,43.644679,554.2313316,12.69871481,0.537456851,80,6.505718809
5,BNC12,1,Pizzeria,13.5764397,4.0557287,9.520711,125.850202,13.21857181,0.673135857,15,6.042693556
6,BNC12,1,Quattroki Restaurant,8.4927502,2.4236962,6.069054,193.7606096,31.92599861,0.405704063,20,6.374583963
7,BNC12,1,High School,14.8191568,2.5346998,12.284457,237.8664245,19.36320217,0.504925833,25,6.105818905
0,BNC12,2,Automobile shop,11.4461467,3.2567687,8.189378,81.4341899,9.94387973,0.620810669,14,6.264168454
1,BNC12,2,Police station ,10.5855351,1.4514031,9.134132,154.5354964,16.91846542,0.645063007,16,6.289088115
2,BNC12,2,Fire Station,6.1702363,1.7130533,4.457183,141.7980581,31.81338036,0.420424307,15,6.606198593
3,BNC12,2,Bank,5.0077563,1.4453723,3.562384,132.5110573,37.19729745,0.388870778,10,5.840126064
4,BNC12,2,Pawn Shop,8.9787613,1.0416733,7.937088,128.5200539,16.19234332,0.518311831,17,5.585900016
5,BNC12,2,Pizzeria,10.6875165,1.4653405,9.222176,169.9709894,18.43068159,0.440244659,23,5.859132087
6,BNC12,2,Quattroki Restaurant,7.0759475,1.2975795,5.778368,191.679353,33.171884,0.341725447,20,6.312365594
7,BNC12,2,High School,8.5748992,0.1944426,8.3804566,208.6649162,24.89899133,0.35281303,21,5.854754834
0,BNC12,3,Automobile shop,5.3547337,1.6942407,3.660493,57.65985974,15.75193826,0.404555308,13,4.804988311
1,BNC12,3,Police station ,5.5552286,1.2778176,4.277411,123.0752424,28.77330291,0.349492667,13,5.865946009
2,BNC12,3,Fire Station,8.3469837,1.0762317,7.270752,156.0869739,21.46778957,0.442412706,19,6.019085152
3,BNC12,3,Bank,5.4374721,1.0835371,4.353935,128.7052213,29.56066668,0.53732025,9,5.980256395
4,BNC12,3,Pawn Shop,5.4928617,0.7430674,4.7497943,127.102402,26.75955926,0.341685707,16,5.807644032
5,BNC12,3,Pizzeria,7.5480431,1.5552591,5.992784,120.8581913,20.16728641,0.519221623,14,6.263805458
6,BNC12,3,Quattroki Restaurant,8.9096159,0.6596762,8.2499397,193.1347282,23.4104412,0.365613825,21,6.275151345
7,BNC12,3,High School,7.9233962,1.6044842,6.318912,220.6050297,34.91186927,0.26769213,24,5.497179554
0,BNC23,1,Automobile shop,23.9639867,12.3802267,11.58376,63.90168193,5.516488768,2.060937882,12,5.809243812
1,BNC23,1,Police station ,36.4018629,2.0832019,34.318661,214.6217702,6.253792077,1.154114674,32,5.17760252
2,BNC23,1,Fire Station,9.8473201,3.6181061,6.229214,146.7528277,23.55880336,0.382424812,17,5.836121501
3,BNC23,1,Bank,254.0276005,4.2962155,249.731385,1963.395763,7.862030488,0.817162255,309,6.113484177
4,BNC23,1,Pawn Shop,156.7391836,2.8884666,153.850717,809.9164422,5.264300732,1.110999604,141,5.511418762
5,BNC23,1,Pizzeria,20.4303283,6.8332553,13.597073,168.269342,12.37540918,0.6729254,21,6.403074125
6,BNC23,1,Quattroki Restaurant,24.5966491,7.1038371,17.492812,264.4795194,15.11932555,0.810549555,30,6.698221603
7,BNC23,1,High School,16.6457195,2.1599345,14.485785,320.761628,22.14319956,0.362257403,37,6.354378359
0,BNC23,2,Automobile shop,9.4305077,3.9933637,5.437144,60.82771803,11.18743922,0.716995142,13,5.068976502
1,BNC23,2,Police station ,9.8188667,1.5833957,8.235471,142.7638322,17.33523587,0.507806063,17,5.631101166
2,BNC23,2,Fire Station,5.8815899,2.1804799,3.70111,140.3532102,37.92192347,0.239778933,16,6.110154637
3,BNC23,2,Bank,10.7494859,3.5759389,7.173547,156.2938353,21.78752509,0.505290286,15,5.442927269
4,BNC23,2,Pawn Shop,77.4496706,2.9372776,74.512393,840.4912758,11.27988569,0.565363796,135,5.981533658
5,BNC23,2,Pizzeria,14.1387516,6.3473476,7.791404,138.522942,17.77894485,0.81729835,17,6.197613119
6,BNC23,2,Quattroki Restaurant,9.8537611,1.9235771,7.930184,186.6103195,23.53165065,0.431263205,21,5.800177022
7,BNC23,2,High School,8.9648746,1.8680786,7.096796,218.2683258,30.75589686,0.331001286,22,6.10270113
0,BNC23,3,Automobile shop,6.0144397,1.7855887,4.228851,60.69476938,14.35254384,0.403963058,13,5.057897449
1,BNC23,3,Police station ,4.8470408,2.3678958,2.479145,102.6933941,41.42290754,0.268496889,10,5.669320152
2,BNC23,3,Fire Station,8.4512099,1.4791119,6.972098,142.9771666,20.50705062,0.42861325,17,6.078032898
3,BNC23,3,Bank,10.7984849,3.1520659,7.646419,138.5439276,18.11879882,0.808740718,12,5.156440991
4,BNC23,3,Pawn Shop,14.7562295,3.0345035,11.721726,138.9160294,11.85115822,0.720977206,18,5.827162065
5,BNC23,3,Pizzeria,8.3819048,2.8541928,5.527712,131.110536,23.71877117,0.361624733,16,6.139991688
6,BNC23,3,Quattroki Restaurant,8.1384945,1.6316545,6.50684,191.1969779,29.38399866,0.340625595,22,5.569929659
7,BNC23,3,High School,7.715132,1.652948,6.062184,217.3328051,35.85057878,0.281631952,22,6.048030999
0,BNC26,1,Automobile shop,23.6029967,5.3118267,18.29117,63.60196284,3.477194889,2.448207189,10,7.06688476
1,BNC26,1,Police station ,62.1375035,2.4929925,59.644511,336.1997651,5.636725986,1.524344787,41,7.08901771
2,BNC26,1,Fire Station,13.8469132,2.9721532,10.87476,141.7445463,13.03426892,0.829577077,14,7.213570012
3,BNC26,1,Bank,20.3190991,2.1252091,18.19389,133.6628293,7.346577849,2.267381875,9,6.740489643
4,BNC26,1,Pawn Shop,27.9022367,4.8540507,23.048186,192.5534677,8.354387096,1.119825987,24,6.63336516
5,BNC26,1,Pizzeria,78.2138538,3.3401438,74.87371,413.8250982,5.526974664,1.374743942,56,6.649072041
6,BNC26,1,Quattroki Restaurant,18.3258176,2.8472806,15.478537,196.8581668,12.71813782,0.9119324,20,6.570196042
7,BNC26,1,High School,46.207629,4.951471,41.256158,318.5786721,7.72196655,1.183989919,38,6.113866044
0,BNC26,2,Automobile shop,11.5701667,2.5908927,8.979274,62.87216791,7.001921081,0.814659669,14,4.836320609
1,BNC26,2,Police station ,15.9646851,2.9515621,13.013123,137.1132572,10.5365374,0.922542143,15,5.913722235
2,BNC26,2,Fire Station,9.7773067,2.7780627,6.999244,132.0687715,18.86900522,0.493059643,15,6.076625206
3,BNC26,2,Bank,7.7638638,2.1111768,5.652687,131.7076605,23.30000944,0.621081,10,5.861541509
4,BNC26,2,Pawn Shop,16.124595,4.797799,11.326796,125.8907624,11.1144195,1.116035929,15,6.080952707
5,BNC26,2,Pizzeria,47.9854162,4.4582302,43.527186,289.4463858,6.649784018,1.257316367,37,6.934449723
6,BNC26,2,Quattroki Restaurant,11.6799753,1.6597583,10.020217,191.9499806,19.15626983,0.531650332,20,6.503672133
7,BNC26,2,High School,13.9022801,2.0139361,11.888344,211.057973,17.75335346,0.692406,18,6.998033331
0,BNC26,3,Automobile shop,6.2009777,1.8680707,4.332907,58.79218117,13.56876138,0.574060189,10,6.532464575
1,BNC26,3,Police station ,10.0403458,2.0971948,7.943151,121.3647312,15.27916708,0.654894417,13,6.016226778
2,BNC26,3,Fire Station,8.4797256,1.9384866,6.541239,135.4943984,20.71387368,0.496254692,14,6.777118267
3,BNC26,3,Bank,9.7707668,2.2215378,7.549229,135.6680092,17.97110794,0.936754375,9,6.948152466
4,BNC26,3,Pawn Shop,9.7216909,2.8817709,6.83992,89.40633373,13.0712543,0.955953414,8,6.777170021
5,BNC26,3,Pizzeria,10.6665368,2.3475208,8.319016,125.1957486,15.04934582,0.686396083,13,7.172060518
6,BNC26,3,Quattroki Restaurant,8.2704627,1.2638687,7.006594,188.6719488,26.92776959,0.400078428,19,6.630872219
7,BNC26,3,High School,8.6108882,1.5764632,7.034425,204.7643405,29.10889525,0.432734125,17,7.07732887
0,BNC27,1,Automobile shop,156.2020667,5.1070237,151.095043,817.9635227,5.413569542,1.108609382,139,5.927271904
1,BNC27,1,Police station ,29.2220142,3.9933442,25.22867,185.2680276,7.343551111,1.178214914,22,5.926875917
2,BNC27,1,Fire Station,46.3047194,0.2985136,46.0062058,399.0133964,8.673034201,0.924966982,50,7.060332826
3,BNC27,1,Bank,32.3258273,3.0762743,29.249553,225.6502315,7.714655725,1.211795042,25,6.024431638
4,BNC27,1,Pawn Shop,73.1860576,1.7914476,71.39461,561.9118235,7.870507641,0.846194686,85,6.114883092
5,BNC27,1,Pizzeria,39.3047106,2.4304716,36.874239,238.1710306,6.459008704,1.148806412,34,5.981536039
6,BNC27,1,Quattroki Restaurant,16.0137153,2.8057653,13.20795,191.0219654,14.46265055,0.733770538,22,5.832501217
7,BNC27,1,High School,13.5343884,5.9237154,7.610673,204.4919956,26.8691081,0.415883667,19,6.308693042
0,BNC27,2,Automobile shop,11.2172767,5.4743847,5.742892,58.57094113,10.19885819,1.03447817,11,5.857094113
1,BNC27,2,Police station ,12.3330924,2.5070514,9.826041,122.6908956,12.48629999,1.018858036,12,6.505823924
2,BNC27,2,Fire Station,12.3331081,2.5617831,9.771325,136.3643298,13.95556179,0.69163574,16,5.93920179
3,BNC27,2,Bank,45.8674509,1.7701149,44.097336,393.1004526,8.914380964,0.896332876,50,6.398579122
4,BNC27,2,Pawn Shop,14.2634628,1.5693568,12.694106,121.0106661,9.532823034,0.853107843,15,5.722207929
5,BNC27,2,Pizzeria,11.1041996,3.7153186,7.388881,122.1199777,16.52753342,0.703716373,16,5.627393064
6,BNC27,2,Quattroki Restaurant,15.8537412,1.5346402,14.319101,240.5143712,16.7967508,0.411605559,30,5.951895198
7,BNC27,2,High School,11.1039024,1.7082514,9.395651,231.7067639,24.66106542,0.440527381,22,6.629499064
0,BNC27,3,Automobile shop,5.9278067,1.2547677,4.673039,58.78892234,12.58044761,0.423465558,13,4.899076861
1,BNC27,3,Police station ,7.6529257,1.5148937,6.138032,121.9364775,19.86572854,0.50453275,13,6.045077477
2,BNC27,3,Fire Station,5.6946089,1.4033979,4.291211,141.1412312,32.89076934,0.361111393,16,6.262856906
3,BNC27,3,Bank,5.9096457,1.2357317,4.673914,140.6715001,30.09715199,0.47292677,11,6.030426586
4,BNC27,3,Pawn Shop,7.943867,1.353986,6.589881,124.403133,18.87790281,0.430987714,15,6.032088742
5,BNC27,3,Pizzeria,7.3612367,2.3474947,5.013742,118.8636196,23.70756605,0.503680746,14,6.163308046
6,BNC27,3,Quattroki Restaurant,9.9159995,0.9513197,8.9646798,184.2881635,20.55713842,0.3799049,25,4.901347799
7,BNC27,3,High School,10.5963527,1.8266857,8.769667,219.3223982,25.00920482,0.410764238,22,6.14899327
0,BNC28,1,Automobile shop,11.1127567,4.8411257,6.271631,58.93425952,9.396959024,1.338611838,9,7.36678244
1,BNC28,1,Police station ,35.1943198,2.4306458,32.763674,270.9688789,8.270405783,1.010791244,33,6.987836877
2,BNC28,1,Fire Station,8.541219,1.909151,6.632068,144.1072658,21.7288583,0.466791214,15,6.532451893
3,BNC28,1,Bank,7.4094662,1.9997372,5.409729,126.5006347,23.38391345,0.765790857,8,6.65614356
4,BNC28,1,Pawn Shop,26.3812569,1.6110289,24.770228,264.446429,10.6759788,0.722386239,34,6.846625665
5,BNC28,1,Pizzeria,30.5063886,3.9236386,26.58275,164.7891022,6.199099124,1.389268505,22,5.940218107
6,BNC28,1,Quattroki Restaurant,30.1730681,2.8681201,27.304948,328.8985862,12.04538409,0.726727327,41,6.484948038
7,BNC28,1,High School,39.3255237,4.7642107,34.561313,343.828728,9.948369959,1.008923176,39,6.619533815
0,BNC28,2,Automobile shop,10.7541967,4.5452887,6.208908,63.79425855,10.27463421,0.97887157,11,6.379425855
1,BNC28,2,Police station ,12.5756479,1.5415729,11.034075,181.481438,16.4473631,0.606553745,21,6.383867421
2,BNC28,2,Fire Station,8.2080185,2.4581355,5.749883,136.9163141,23.81201741,0.5213289,16,5.952756548
3,BNC28,2,Bank,6.3122356,1.6805556,4.63168,130.2699697,28.12585708,0.572048375,9,6.232303418
4,BNC28,2,Pawn Shop,25.8537723,1.8474923,24.00628,274.0071501,11.41397793,0.625037113,39,6.014256347
5,BNC28,2,Pizzeria,11.4098395,2.4028265,9.007013,127.7333542,14.18154433,0.572937821,15,6.135966926
6,BNC28,2,Quattroki Restaurant,9.6385065,1.6934875,7.945019,190.1709711,23.93587367,0.376173022,24,5.237107726
7,BNC28,2,High School,23.2911032,3.7706862,19.520417,304.8383881,15.6163871,0.520623784,38,5.716013718
0,BNC28,3,Automobile shop,6.4839767,1.6291187,4.854858,64.27670692,13.23966775,0.478792245,12,5.843336992
1,BNC28,3,Police station ,22.4717354,1.2708164,21.200919,269.4041526,12.7071922,0.573220686,38,5.760165781
2,BNC28,3,Fire Station,6.7705377,1.6182167,5.152321,134.9366149,26.18948138,0.3610855,15,6.355883635
3,BNC28,3,Bank,4.7706045,1.3401255,3.430479,124.0075755,36.14876393,0.421913,9,5.525722889
4,BNC28,3,Pawn Shop,144.9136319,1.2085669,143.705065,1305.490826,9.084515053,0.705837405,203,6.262330258
5,BNC28,3,Pizzeria,16.0272095,1.8055305,14.221679,242.917283,17.08077387,0.478218707,30,6.703003973
6,BNC28,3,Quattroki Restaurant,15.2498433,2.5557663,12.694077,201.2767663,15.85595915,0.673275515,21,6.47141331
7,BNC28,3,High School,9.908758,1.562265,8.346493,249.4873537,29.89127933,0.398183783,24,6.718865334
0,BNC29,1,Automobile shop,99.4081067,16.7087967,82.69931,491.3465928,5.941362664,1.217004334,81,6.14183241
1,BNC29,1,Police station ,64.0264983,4.5486353,59.477863,317.0319425,5.330251063,1.430944393,45,6.042899361
2,BNC29,1,Fire Station,10.7219453,4.1181753,6.60377,132.6725889,20.09043152,0.464606643,15,6.340580743
3,BNC29,1,Bank,25.9092138,1.7918398,24.117374,303.3083468,12.57634213,0.649023495,39,5.873141672
4,BNC29,1,Pawn Shop,49.0966971,4.0829701,45.013727,261.7158365,5.814133908,1.312463058,37,5.938593717
5,BNC29,1,Pizzeria,40.040842,1.92352,38.117322,382.0460177,10.02289767,0.634332726,63,5.389462456
6,BNC29,1,Quattroki Restaurant,38.4088272,2.2775442,36.131283,349.6754703,9.677914572,0.802640896,47,6.076876886
7,BNC29,1,High School,56.6863643,4.0973793,52.588985,608.7533927,11.57568249,0.669465678,84,6.239188865
0,BNC29,2,Automobile shop,6.7224307,2.0832877,4.639143,56.93204175,12.27210322,0.57779447,11,5.693204175
1,BNC29,2,Police station ,38.4921304,1.7710804,36.72105,273.9759042,7.461004089,0.914977703,40,5.725941113
2,BNC29,2,Fire Station,10.2149687,3.2362747,6.978694,135.5333414,19.42101794,0.458333733,16,5.86863019
3,BNC29,2,Bank,41.693593,1.757166,39.936427,361.2194608,9.044861745,0.839728143,50,5.751693105
4,BNC29,2,Pawn Shop,191.3714107,4.3055007,187.06591,1105.254253,5.908368086,0.999921268,190,5.600441775
5,BNC29,2,Pizzeria,14.0134798,5.3818138,8.631666,126.1556212,14.61544285,0.798639488,17,5.235513385
6,BNC29,2,Quattroki Restaurant,20.7773533,1.3475093,19.429844,209.0493851,10.75919009,0.782170572,26,5.63954611
7,BNC29,2,High School,30.9858369,3.3683359,27.617501,367.9775211,13.32407017,0.619819712,50,5.654609619
0,BNC29,3,Automobile shop,6.4240707,1.9383887,4.485682,59.03116118,13.15990772,0.503120427,12,5.366469198
1,BNC29,3,Police station ,22.1105435,1.6666375,20.443906,137.2884992,6.715375191,1.128860778,19,4.758758018
2,BNC29,3,Fire Station,8.7354253,2.8262283,5.909197,134.0851194,22.69092051,0.362420688,17,5.446872836
3,BNC29,3,Bank,71.0196885,1.9171055,69.102583,538.8417506,7.797707803,0.810332041,87,5.334445258
4,BNC29,3,Pawn Shop,50.7000251,5.5205251,45.1795,412.2212307,9.124076865,0.758542925,66,5.730837874
5,BNC29,3,Pizzeria,41.6869527,4.7084277,36.978525,481.8369429,13.03018287,0.487910817,79,5.667560443
6,BNC29,3,Quattroki Restaurant,46.5339343,1.4235523,45.110382,373.7369777,8.284943756,0.838499302,55,5.587974206
7,BNC29,3,High School,47.4716664,2.5213094,44.950357,560.057839,12.45947477,0.555701314,85,5.578667252
0,BNC30,1,Automobile shop,50.0046267,7.4638387,42.540788,122.3929091,2.877071979,2.683414928,19,6.799606062
1,BNC30,1,Police station ,23.6867022,4.0832722,19.60343,143.5340447,7.321884217,1.730704246,14,6.902122014
2,BNC30,1,Fire Station,46.1380177,5.6316767,40.506341,320.4134316,7.910204272,1.04947297,44,6.356678952
3,BNC30,1,Bank,12.4024526,3.8609666,8.541486,129.7097011,15.18584718,1.213223857,8,6.385821438
4,BNC30,1,Pawn Shop,16.7703428,2.7430008,14.027342,131.940395,9.405944118,0.915275738,17,5.772168843
5,BNC30,1,Pizzeria,28.124931,2.153033,25.971898,231.7983776,8.924968734,0.720503417,37,5.361164579
6,BNC30,1,Quattroki Restaurant,103.2196836,5.4088646,97.810819,812.017937,8.301923502,0.783112966,131,5.696002701
7,BNC30,1,High School,15.3469546,2.5971616,12.749793,234.0704261,18.35876286,0.52431675,25,5.947398182
0,BNC30,2,Automobile shop,15.0989667,7.8692407,7.229726,63.56513802,8.792191851,1.39389937,11,6.356513802
1,BNC30,2,Police station ,9.7080064,2.4864684,7.221538,125.0555684,17.31702699,0.548534615,14,5.556066127
2,BNC30,2,Fire Station,21.319386,4.590135,16.729251,232.0647121,13.87179331,0.500021606,34,5.523523872
3,BNC30,2,Bank,18.59668,4.29836,14.29832,168.7904326,11.80491362,0.946343867,16,5.782926577
4,BNC30,2,Pawn Shop,25.7912404,3.3196254,22.471615,257.1345824,11.44263919,0.566967614,44,4.99851053
5,BNC30,2,Pizzeria,18.2845327,7.8403587,10.444174,118.3566347,11.33231165,0.796497385,14,5.930112883
6,BNC30,2,Quattroki Restaurant,13.7981945,2.2292695,11.568925,194.069893,16.77510166,0.567780595,22,5.854007053
7,BNC30,2,High School,11.2432819,2.6874719,8.55581,234.9887744,27.46540355,0.420601556,26,5.810665192
0,BNC30,3,Automobile shop,7.1188057,4.1122657,3.00654,55.15756748,18.34586185,0.692229633,10,6.128618609
1,BNC30,3,Police station ,8.3538401,1.7292541,6.624586,114.5337874,17.28919927,0.595315182,12,5.971895325
2,BNC30,3,Fire Station,15.8746989,5.4859609,10.388738,136.5898093,13.14787314,0.570263778,19,4.919646516
3,BNC30,3,Bank,13.2079164,5.6870544,7.520862,150.0557054,19.9519291,0.619608583,13,5.881800821
4,BNC30,3,Pawn Shop,8.5967282,1.9998182,6.59691,129.6139772,19.64768008,0.426500247,18,5.112099569
5,BNC30,3,Pizzeria,10.6175936,2.5276576,8.089936,118.859786,14.69230238,0.570897786,15,5.715737817
6,BNC30,3,Quattroki Restaurant,10.4160215,1.7638445,8.652177,185.7787018,21.4719026,0.431194659,23,5.306234962
7,BNC30,3,High School,9.2428763,2.8125743,6.430302,202.1731327,31.44069013,0.314677,21,5.579869353
0,BNC31,1,Automobile shop,39.9517867,9.6118467,30.33994,82.06082243,2.704712746,2.912667225,13,6.838401869
1,BNC31,1,Police station ,65.3598083,8.4235083,56.9363,235.2343828,4.13153617,2.27047848,26,7.11872742
2,BNC31,1,Fire Station,53.3670861,4.7569661,48.61012,306.0831691,6.29669643,1.387029624,38,7.035354226
3,BNC31,1,Bank,47.6445761,10.7357161,36.90886,303.1751511,8.214156467,1.424231441,33,6.949284857
4,BNC31,1,Pawn Shop,27.9851013,7.2424883,20.742613,145.9893623,7.038137493,1.60506395,15,7.033154374
5,BNC31,1,Pizzeria,55.929125,5.284868,50.644257,329.6788474,6.509698571,1.237426439,42,7.031662596
6,BNC31,1,Quattroki Restaurant,14.8125607,2.4518527,12.360708,189.1628262,15.30355916,0.803483806,18,7.066347458
7,BNC31,1,High School,125.8303981,5.2568291,120.573569,673.1867752,5.583203523,1.474741227,85,6.939343934
0,BNC31,2,Automobile shop,13.2585167,3.5223427,9.736174,63.37744416,6.509481462,1.210127856,10,7.04193824
1,BNC31,2,Police station ,39.5409225,2.0965295,37.444393,256.1825917,6.841680989,1.256190242,32,6.598771973
2,BNC31,2,Fire Station,36.3675954,7.2428944,29.124701,159.7461208,5.484901658,1.9853198,19,6.339468992
3,BNC31,2,Bank,35.9159587,3.2359997,32.679959,316.4408967,9.683026123,0.901365686,37,6.566562908
4,BNC31,2,Pawn Shop,39.2980063,2.2849063,37.0131,231.5907543,6.25699426,1.243276477,31,6.142875976
5,BNC31,2,Pizzeria,17.3259292,4.6526222,12.673307,134.7619433,10.6335263,0.967908308,14,6.830418714
6,BNC31,2,Quattroki Restaurant,15.6802805,1.6735405,14.00674,189.3463011,13.51822773,0.777281676,18,7.015770268
7,BNC31,2,High School,90.9425925,3.9167875,87.025805,611.531985,7.027018998,1.188698153,76,6.946723705
0,BNC31,3,Automobile shop,9.4279157,2.8926737,6.535242,62.80780859,9.610632413,0.806433522,10,6.978645399
1,BNC31,3,Police station ,34.2144343,5.2014613,29.012973,229.6351806,7.914913809,1.261518742,27,6.877359851
2,BNC31,3,Fire Station,18.0760506,4.2709716,13.805079,141.8935508,10.27835848,1.324227508,14,6.774534076
3,BNC31,3,Bank,13.5622371,2.5208591,11.041378,128.1553227,11.60682323,1.373242125,9,6.056945338
4,BNC31,3,Pawn Shop,49.0202254,7.3948714,41.625354,286.6795045,6.887136733,1.302690928,37,6.885140408
5,BNC31,3,Pizzeria,29.0688483,1.8264003,27.242448,156.8984691,5.759338115,1.667500665,18,6.60703285
6,BNC31,3,Quattroki Restaurant,12.8397763,2.8469223,9.992854,194.3372242,19.44761969,0.708379135,18,7.06696646
7,BNC31,3,High School,17.9787676,2.7361066,15.242661,210.2109016,13.79095826,0.880771471,18,7.067182578
0,BNC32,1,Automobile shop,20.8399067,6.6668747,14.173032,62.32185234,4.397213832,2.142510411,10,6.924650261
1,BNC32,1,Police station ,110.4560219,4.4861209,105.969901,797.0036177,7.521037674,0.882394832,121,6.192859316
2,BNC32,1,Fire Station,16.2772809,4.3194059,11.957875,139.0622136,11.62934163,0.7902752,16,6.238330141
3,BNC32,1,Bank,32.8466781,3.3193201,29.527358,289.2738444,9.79680757,0.846971488,34,6.312654992
4,BNC32,1,Pawn Shop,73.4429888,3.0000228,70.442966,459.195502,6.518684945,1.021862417,70,6.015523826
5,BNC32,1,Pizzeria,75.2141047,5.9723237,69.241781,320.9051285,4.634559132,1.422214151,52,5.520376762
6,BNC32,1,Quattroki Restaurant,312.0132073,5.7081253,306.305082,1692.135162,5.524345697,1.062001252,292,5.564071628
7,BNC32,1,High School,54.7548189,4.1248819,50.629937,576.1502271,11.37963547,0.65818717,83,5.899248141
0,BNC32,2,Automobile shop,39.1199367,5.8083947,33.311542,194.670768,5.84394346,1.155945203,34,5.899114182
1,BNC32,2,Police station ,31.3327908,4.3752468,26.957544,250.318219,9.28564631,0.796981709,36,5.661712801
2,BNC32,2,Fire Station,14.2845584,5.3127604,8.971798,136.3691,15.19975149,0.874417525,17,5.653744104
3,BNC32,2,Bank,29.1594168,12.5554468,16.60397,157.983409,9.514797306,1.7435162,15,5.579571937
4,BNC32,2,Pawn Shop,54.9777264,6.8329834,48.144743,289.9140496,6.021717668,1.18880487,44,5.755928214
5,BNC32,2,Pizzeria,27.7007665,7.3957285,20.305038,126.1569825,6.213087733,1.346729933,16,5.753445689
6,BNC32,2,Quattroki Restaurant,130.5181348,4.2914748,126.22666,817.210401,6.474150556,1.040061942,125,6.034751639
7,BNC32,2,High School,11.1731692,2.1801622,8.993007,231.957128,25.79305543,0.384010174,24,5.968586719
0,BNC32,3,Automobile shop,21.0916667,6.4667087,14.624958,63.33054228,4.330305925,1.850005155,12,5.757322025
1,BNC32,3,Police station ,24.9508285,5.1806835,19.770145,128.8159898,6.515682601,1.063076269,14,5.932064464
2,BNC32,3,Fire Station,9.5136513,4.5279173,4.985734,138.1788437,27.71484473,0.325274067,16,5.954017472
3,BNC32,3,Bank,16.5341372,9.0206152,7.513522,125.8024883,16.74347774,1.558080025,9,5.848617099
4,BNC32,3,Pawn Shop,53.7556857,4.1040807,49.651605,437.2756543,8.806878534,0.722226353,71,5.712146918
5,BNC32,3,Pizzeria,92.8028214,9.3333154,83.469506,640.6866076,7.675696651,0.874850566,106,5.694054771
6,BNC32,3,Quattroki Restaurant,56.6592029,1.8483079,54.810895,331.9038891,6.055436407,1.336647712,43,6.174698347
7,BNC32,3,High School,42.360096,2.25713,40.102966,565.1002685,14.09123376,0.493276,85,5.627606536
0,BNC33,1,Automobile shop,19.0421567,7.8976957,11.144461,64.98722302,5.831347341,1.950777078,10,7.220802558
1,BNC33,1,Police station ,49.8745304,3.0423584,46.832172,312.1066771,6.664364767,1.191049037,39,6.831817567
2,BNC33,1,Fire Station,9.6387101,3.1737601,6.46495,137.7406282,21.30575305,0.531871333,13,7.077335252
3,BNC33,1,Bank,42.2766944,6.0068984,36.269796,299.2249043,8.249974835,1.120684038,38,5.913228959
4,BNC33,1,Pawn Shop,13.7286146,7.6317446,6.09687,87.57034946,14.36316494,1.728117371,8,6.554659804
5,BNC33,1,Pizzeria,26.7077381,4.2777291,22.430009,129.2542197,5.76255764,1.830862079,15,6.556810398
6,BNC33,1,Quattroki Restaurant,229.8574156,6.8194846,223.037931,1461.825594,6.554156899,0.848790714,268,5.21465106
7,BNC33,1,High School,13.2432364,3.8542684,9.388968,243.7147565,25.957566,0.469157978,28,5.590474886
0,BNC33,2,Automobile shop,8.0218707,3.4945397,4.527331,61.1545192,13.50785246,0.671820245,12,5.559501745
1,BNC33,2,Police station ,8.9787305,2.3402675,6.638463,126.7383786,19.09152444,0.503678385,14,5.769478596
2,BNC33,2,Fire Station,6.2429871,1.9792921,4.263695,139.5678574,32.7340153,0.29757,15,6.502767174
3,BNC33,2,Bank,52.9845264,1.7640184,51.220508,429.552579,8.386339686,0.716643893,72,4.918282794
4,BNC33,2,Pawn Shop,14.7300682,7.0770662,7.653002,136.9246889,17.89163114,0.793313178,19,5.06266164
5,BNC33,2,Pizzeria,12.4995425,4.4236695,8.075873,126.8876737,15.71194516,0.728731344,17,5.026729665
6,BNC33,2,Quattroki Restaurant,8.7704177,1.6527057,7.117712,192.9961089,27.1149084,0.418093353,20,6.493865826
7,BNC33,2,High School,9.1733736,1.9793006,7.194073,207.2855325,28.8133763,0.35269525,21,5.772149514
0,BNC33,3,Automobile shop,6.5932707,1.8984087,4.694862,60.08227892,12.79745367,0.59541067,11,6.008227892
1,BNC33,3,Police station ,8.0971264,1.5766024,6.520524,122.6256633,18.80610566,0.576367031,14,5.445890452
2,BNC33,3,Fire Station,6.6458219,2.1382699,4.507552,138.5037104,30.72703552,0.339780308,14,6.843211476
3,BNC33,3,Bank,15.4511084,7.4028474,8.048261,127.2221802,15.80741233,0.724785273,12,4.332090484
4,BNC33,3,Pawn Shop,7.4095449,3.6178969,3.791648,87.55794915,23.09232006,0.811656113,9,5.981183228
5,BNC33,3,Pizzeria,11.5136516,5.0349466,6.478705,123.4631012,19.05675613,0.49143,14,6.339738576
6,BNC33,3,Quattroki Restaurant,7.5267948,1.5349178,5.991877,191.3291641,31.93142384,0.397838929,18,7.238383645
7,BNC33,3,High School,9.8272918,1.8205388,8.006753,204.4321054,25.53246058,0.437849889,19,6.221421032
0,BNC34,1,Automobile shop,19.7232867,4.4181367,15.30515,62.83427833,4.105433683,1.909800078,10,6.981586481
1,BNC34,1,Police station ,49.4779731,2.6170651,46.860908,207.1859495,4.421296093,2.123107864,23,7.095258224
2,BNC34,1,Fire Station,15.9720264,3.0556954,12.916331,138.564896,10.72788363,0.970003185,14,7.0011725
3,BNC34,1,Bank,29.0897774,8.2081994,20.881578,143.6840521,6.880900099,3.132696489,10,7.051909092
4,BNC34,1,Pawn Shop,15.7215613,5.1802973,10.541264,100.0852516,9.494615792,1.473073788,9,7.049524982
5,BNC34,1,Pizzeria,42.5130561,2.1666651,40.346391,229.4509348,5.687025012,1.428300468,29,6.837425401
6,BNC34,1,Quattroki Restaurant,75.8733096,4.9653936,70.907916,564.2267922,7.95717635,1.030521258,73,6.81047706
7,BNC34,1,High School,16.2143045,2.6656435,13.548661,218.0340839,16.09266657,0.745786056,19,6.773694259
0,BNC34,2,Automobile shop,10.5196967,2.9367807,7.582916,66.79115859,8.808110045,0.854191791,12,6.071923509
1,BNC34,2,Police station ,65.4159307,2.7925467,62.623384,434.6128856,6.940105402,1.099044029,59,6.56764639
2,BNC34,2,Fire Station,11.4094401,2.5973471,8.812093,140.5709448,15.95204962,0.622474071,15,6.577491761
3,BNC34,2,Bank,10.7217403,2.2569773,8.464763,132.7697733,15.68499594,1.264789788,9,6.665290066
4,BNC34,2,Pawn Shop,34.7072351,5.5691111,29.138124,205.434886,7.050381349,1.159714927,27,6.351980225
5,BNC34,2,Pizzeria,72.449865,4.340455,68.10941,505.008855,7.414670822,0.936054219,74,6.376488053
6,BNC34,2,Quattroki Restaurant,13.9437915,4.0553275,9.888464,193.0990874,19.52771304,0.680923342,20,6.290294258
7,BNC34,2,High School,12.2843992,1.9864072,10.297992,212.2789915,20.61362949,0.617379432,20,6.401859105
0,BNC34,3,Automobile shop,8.0032797,2.4827227,5.520557,63.04690848,11.42038901,0.70868747,11,6.304690848
1,BNC34,3,Police station ,23.0136518,1.8407438,21.172908,188.4208802,8.899149811,1.10170054,21,6.794997359
2,BNC34,3,Fire Station,9.1318113,2.2363823,6.895429,135.0385311,19.58377515,0.523452769,14,6.787080508
3,BNC34,3,Bank,14.4786147,3.0140217,11.464593,130.7693692,11.40636822,1.426169,9,6.496969291
4,BNC34,3,Pawn Shop,19.2777407,4.0210047,15.256736,145.5281159,9.538614019,1.049398629,18,6.18940661
5,BNC34,3,Pizzeria,27.3745291,1.7985021,25.576027,222.7265224,8.708409731,0.787970753,33,5.697816508
6,BNC34,3,Quattroki Restaurant,15.700922,2.257034,13.443888,192.955387,14.35264761,0.613638368,20,6.567377227
7,BNC34,3,High School,10.9718433,2.1529233,8.81892,208.401451,23.63117604,0.548594312,18,6.829275214
0,BNC35,1,Automobile shop,151.4562667,9.3266107,142.129656,320.129114,2.252373805,2.872122896,52,6.277041452
1,BNC35,1,Police station ,48.1790703,4.3331123,43.845958,203.6849722,4.645467484,2.028676578,24,6.698934629
2,BNC35,1,Fire Station,77.0609281,2.7640571,74.296871,265.0342781,3.567233378,2.314930531,33,6.776560125
3,BNC35,1,Bank,43.519655,3.12452,40.395135,164.7486695,4.078428492,3.075115333,13,6.804337233
4,BNC35,1,Pawn Shop,86.0532154,2.4168174,83.636398,333.6837948,3.989695908,1.971400265,44,6.786534151
5,BNC35,1,Pizzeria,42.1938237,5.5695107,36.624313,156.6517705,4.277261679,2.240699206,19,6.487344954
6,BNC35,1,Quattroki Restaurant,58.5403784,14.6387284,43.90165,197.5928782,4.500807559,3.012046758,20,6.415872747
7,BNC35,1,High School,42.8667197,2.8403187,40.026401,226.182603,5.650835383,1.876289435,21,6.697174938
0,BNC35,2,Automobile shop,21.7395867,3.8514627,17.888124,60.46115235,3.379960489,2.161714967,10,6.717905817
1,BNC35,2,Police station ,28.2977789,3.1457989,25.15198,133.2869061,5.299260978,1.481772762,14,6.382491884
2,BNC35,2,Fire Station,22.9994094,4.4724254,18.526984,137.3841204,7.415352675,1.470359293,16,6.090978604
3,BNC35,2,Bank,14.6668147,2.4240667,12.242748,139.9099907,11.4279891,1.523571411,10,6.44964247
4,BNC35,2,Pawn Shop,29.4297665,2.1527495,27.277017,130.5069463,4.784502145,1.894347567,16,5.967893372
5,BNC35,2,Pizzeria,45.0754916,4.8473306,40.228161,226.673036,5.634685514,1.496995986,30,6.492902651
6,BNC35,2,Quattroki Restaurant,24.5064735,3.3612665,21.145207,189.132725,8.94447262,1.339898735,18,6.715125638
7,BNC35,2,High School,30.6033829,2.8057629,27.79762,217.0308988,7.807535278,1.448285842,20,6.576634813
0,BNC35,3,Automobile shop,16.3244967,2.6932807,13.631216,62.10167358,4.555842529,1.52811797,11,6.210167358
1,BNC35,3,Police station ,23.9921818,4.7846478,19.207534,122.4823769,6.37678824,2.084556345,12,6.621151681
2,BNC35,3,Fire Station,18.075878,3.416781,14.659097,138.6723981,9.459818576,1.176816929,15,6.684785329
3,BNC35,3,Bank,12.8748525,2.6319645,10.242888,132.1970609,12.90622927,1.27335275,9,6.396408881
4,BNC35,3,Pawn Shop,27.8808961,1.7636821,26.117214,133.0045415,5.092600671,1.71573094,16,6.138047206
5,BNC35,3,Pizzeria,38.7978379,3.7709019,35.026936,231.9910028,6.623217138,1.297386928,30,6.567223073
6,BNC35,3,Quattroki Restaurant,25.1588729,3.7984789,21.360394,194.1074053,9.087257719,1.209310345,21,6.083133433
7,BNC35,3,High School,25.8257571,3.4307101,22.395047,207.3342028,9.258038299,1.277722374,20,6.0695856
0,BNC36,1,Automobile shop,38.0077467,6.7029077,31.304839,119.8751414,3.829284712,2.167473688,18,7.051478906
1,BNC36,1,Police station ,31.3462682,8.1872352,23.159033,133.8679986,5.780379456,2.098402727,12,7.05818773
2,BNC36,1,Fire Station,18.9023178,5.7083238,13.193994,137.2534358,10.4027208,1.337412062,14,6.997860233
3,BNC36,1,Bank,17.2288105,3.0203055,14.208505,147.5107508,10.38186289,1.37786955,11,6.851194805
4,BNC36,1,Pawn Shop,205.1906867,3.5763287,201.614358,962.0112192,4.771541217,1.516161863,135,6.856040898
5,BNC36,1,Pizzeria,19.6945792,3.9449472,15.749632,125.3884501,7.961357451,1.405972477,14,6.331729956
6,BNC36,1,Quattroki Restaurant,81.2123999,21.2424999,59.9699,348.332483,5.808455292,1.86230714,43,6.696568669
7,BNC36,1,High School,17.8051739,7.2854609,10.519713,213.7815939,20.3219987,0.577556611,19,6.611606375
0,BNC36,2,Automobile shop,15.5451267,7.5108157,8.034311,62.81350371,7.818156866,1.515091189,10,6.97927819
1,BNC36,2,Police station ,63.0816861,2.0834861,60.9982,412.8973672,6.769009039,1.094315734,57,6.443612316
2,BNC36,2,Fire Station,11.0275465,2.2292465,8.7983,139.1114656,15.81117552,0.669633,14,6.943206014
3,BNC36,2,Bank,15.6872413,2.0415403,13.645701,154.8372351,11.34696086,1.390769118,12,6.495888246
4,BNC36,2,Pawn Shop,55.1583364,4.2845864,50.87375,349.199036,6.864031764,1.119972726,47,6.642160784
5,BNC36,2,Pizzeria,12.8540385,1.8266085,11.02743,140.6078262,12.75073396,0.780812571,15,6.827502223
6,BNC36,2,Quattroki Restaurant,85.5194598,4.7987508,80.720709,461.2313895,5.713916481,1.409025097,61,6.429382028
7,BNC36,2,High School,10.2772667,1.6042297,8.673037,208.2261784,24.00845038,0.503394882,18,6.872588375
0,BNC36,3,Automobile shop,7.3060147,1.7785937,5.527421,62.91739119,11.38277529,0.65276027,11,6.291739119
1,BNC36,3,Police station ,16.6384349,1.3887759,15.249659,127.9808844,8.392376798,1.263874833,13,6.498170297
2,BNC36,3,Fire Station,7.5343368,1.5546058,5.979731,127.4317543,21.31061653,0.491327,13,7.037705694
3,BNC36,3,Bank,6.465058,1.652125,4.812933,134.6687137,27.98059182,0.5946825,9,6.917714067
4,BNC36,3,Pawn Shop,14.6868226,6.2497066,8.437116,95.55924369,11.32605545,1.591944825,9,6.849646373
5,BNC36,3,Pizzeria,9.9029951,2.0973351,7.80566,130.1813471,16.67781419,0.593475154,14,6.960051737
6,BNC36,3,Quattroki Restaurant,38.1651492,6.2014792,31.96367,316.3307149,9.896570541,0.995306978,38,6.47783629
7,BNC36,3,High School,11.1810874,1.6607484,9.520339,207.0745215,21.75075084,0.553072118,18,6.550414815
0,BNC37,1,Automobile shop,27.5702667,10.2862367,17.28403,64.19422658,3.71407748,2.722325189,10,7.132691842
1,BNC37,1,Police station ,54.4776919,3.2361459,51.241546,305.6323901,5.964542718,1.449732942,37,7.023697234
2,BNC37,1,Fire Station,14.2146273,3.1110473,11.10358,137.9552034,12.42438956,0.847193615,14,6.893971633
3,BNC37,1,Bank,37.9922248,2.8750318,35.117193,268.6524302,7.650168114,1.247219286,29,6.728550794
4,BNC37,1,Pawn Shop,74.1441525,2.2151015,71.929051,601.927944,8.368356535,0.882953428,84,6.733492602
5,BNC37,1,Pizzeria,40.9573158,2.7011978,38.256118,298.6860015,7.807535556,1.004226918,40,6.670756817
6,BNC37,1,Quattroki Restaurant,28.5200327,3.1525187,25.367514,357.6075256,14.09706625,0.620398807,44,6.625361417
7,BNC37,1,High School,58.5124759,3.0210609,55.491415,617.3321732,11.12482306,0.734458576,79,6.734121691
0,BNC37,2,Automobile shop,12.7832467,7.0613217,5.721925,62.73893373,10.96465503,1.239010522,10,6.970992637
1,BNC37,2,Police station ,48.9850323,2.5767513,46.408281,360.022091,7.75771227,0.989131267,47,6.715832029
2,BNC37,2,Fire Station,28.5827046,1.5763986,27.006306,246.7995408,9.138589364,0.979170521,29,6.986853183
3,BNC37,2,Bank,69.8106549,3.7220119,66.088643,483.3319288,7.313388608,1.148048219,60,6.827525551
4,BNC37,2,Pawn Shop,53.6372679,1.8885399,51.748728,411.6052309,7.953919774,0.970234794,55,6.769490996
5,BNC37,2,Pizzeria,57.6584476,1.8609836,55.797464,395.6177426,7.09024594,1.088881012,53,6.831026772
6,BNC37,2,Quattroki Restaurant,14.6803325,5.0417715,9.638561,192.089565,19.92927834,0.722225639,19,6.778519352
7,BNC37,2,High School,46.3669823,2.5140193,43.852963,587.2311879,13.39091244,0.620638712,73,6.874592246
0,BNC37,3,Automobile shop,11.1802867,1.7084377,9.471849,62.40025322,6.587969595,1.078034522,10,6.933361469
1,BNC37,3,Police station ,38.5127313,2.1736583,36.339073,340.7659629,9.377398342,0.88983684,43,6.843433187
2,BNC37,3,Fire Station,22.7148621,1.8673081,20.847554,252.1742791,12.09610869,0.737770537,31,6.882850972
3,BNC37,3,Bank,38.0611896,1.8750606,36.186129,321.8921719,8.89545748,0.993451246,36,6.791976035
4,BNC37,3,Pawn Shop,34.1035902,1.4446992,32.658891,274.6991679,8.411160314,0.967342741,35,6.771240812
5,BNC37,3,Pizzeria,28.6938055,1.4998945,27.193911,395.2643129,14.53503002,0.528844745,54,6.695142514
6,BNC37,3,Quattroki Restaurant,19.0966616,1.9998396,17.096822,235.6848926,13.78530423,0.730852442,25,6.768805032
7,BNC37,3,High School,23.2770807,2.2431387,21.033942,350.7607051,16.67593764,0.592083887,39,6.806751814
0,BNC50,1,Automobile shop,19.0156167,3.1898327,15.825784,61.98038589,3.916418036,1.80082687,11,6.198038589
1,BNC50,1,Police station ,46.1449737,2.6876487,43.457325,228.2687789,5.252711227,1.219524289,38,4.788389442
2,BNC50,1,Fire Station,18.7705568,3.7919318,14.978625,145.2749727,9.698818995,0.991415,16,5.991504744
3,BNC50,1,Bank,282.5878729,7.2637229,275.32415,1192.953256,4.332904527,1.242996137,226,4.947228987
4,BNC50,1,Pawn Shop,28.5619138,3.0900968,25.471817,150.273384,5.899594206,1.264171276,22,5.212091442
5,BNC50,1,Pizzeria,18.5206718,4.5209248,13.999747,119.70341,8.550398092,0.9263266,16,5.272688723
6,BNC50,1,Quattroki Restaurant,20.888464,4.673605,16.214859,205.9600471,12.70193266,0.833925833,25,5.736376028
7,BNC50,1,High School,18.124197,2.000322,16.123875,239.2343289,14.83727261,0.672526038,27,5.691756316
0,BNC50,2,Automobile shop,12.1507167,2.4633907,9.687326,67.1240747,6.929061198,0.886426973,12,6.102188609
1,BNC50,2,Police station ,14.2775366,1.7985426,12.478994,179.8198165,14.4098007,0.540295264,26,4.905397763
2,BNC50,2,Fire Station,8.5763089,1.4170009,7.159308,139.4610569,19.47968392,0.440548,17,5.343071321
3,BNC50,2,Bank,8.5832027,1.6736437,6.909559,129.6057589,18.75745744,0.6840339,11,5.016228982
4,BNC50,2,Pawn Shop,10.8191509,3.1178689,7.701282,99.91363218,12.97363636,0.856033082,12,5.086526913
5,BNC50,2,Pizzeria,12.1183205,2.7153595,9.402961,123.2162788,13.10398701,0.619936267,16,5.4768953
6,BNC50,2,Quattroki Restaurant,8.7359056,1.4166836,7.319222,189.6809326,25.91545011,0.363059618,23,5.432547408
7,BNC50,2,High School,8.1178684,1.3612394,6.756629,208.7144369,30.89032074,0.348661842,20,6.18107067
0,BNC50,3,Automobile shop,4.5545087,1.4080907,3.146418,57.44191762,18.25628941,0.363557245,12,5.221992511
1,BNC50,3,Police station ,6.3818509,1.0069989,5.374852,120.8466403,22.48371496,0.406412,14,5.490285345
2,BNC50,3,Fire Station,6.6665326,1.3544306,5.312102,134.8655364,25.38835595,0.422720507,16,6.020378238
3,BNC50,3,Bank,4.604217,1.159009,3.445208,125.3741322,36.39087457,0.539012,9,5.636507873
4,BNC50,3,Pawn Shop,6.937366,0.9723632,5.9650028,94.9556913,15.91880079,0.5542123,11,5.706840587
5,BNC50,3,Pizzeria,8.2355471,1.8057181,6.429829,124.1818844,19.31340389,0.487617308,14,6.21515512
6,BNC50,3,Quattroki Restaurant,9.4448297,1.5772817,7.867548,184.3367502,23.43001278,0.384806085,21,5.700538344
7,BNC50,3,High School,6.7152409,1.3961189,5.319122,213.3396881,40.10806446,0.273177474,20,6.471744838
0,BNC51,1,Automobile shop,17.3628367,6.3844597,10.978377,61.68341061,5.618627472,1.673113967,10,6.85371229
1,BNC51,1,Police station ,21.4092101,6.4794751,14.929735,128.834248,8.629372724,1.717775645,12,7.116687849
2,BNC51,1,Fire Station,19.5136533,3.4506463,16.063007,164.0136315,10.21064309,0.937955471,18,6.826766974
3,BNC51,1,Bank,130.6851293,2.9098443,127.775285,895.0516833,7.004888961,1.103423485,117,7.003504747
4,BNC51,1,Pawn Shop,13.8955592,3.0489422,10.846617,134.1128264,12.36448437,0.982895785,14,6.824598191
5,BNC51,1,Pizzeria,18.9027037,5.4166347,13.486069,123.3865699,9.149187202,1.116930667,13,6.960234414
6,BNC51,1,Quattroki Restaurant,79.9431721,3.2639571,76.679215,504.1782371,6.575161693,1.230145034,63,6.973904801
7,BNC51,1,High School,17.444075,2.833461,14.610614,207.3846395,14.19410844,0.981835063,17,7.212504795
0,BNC51,2,Automobile shop,8.3094097,3.2750237,5.034386,60.68203343,12.05351227,0.815980078,10,6.742448159
1,BNC51,2,Police station ,10.9441972,1.6392102,9.304987,128.0010561,13.75617785,0.838965,12,6.976019241
2,BNC51,2,Fire Station,11.8610102,2.7153802,9.14563,144.2804159,15.77588596,0.646356143,15,6.946410226
3,BNC51,2,Bank,37.0826518,3.5139198,33.568732,295.6034988,8.805917923,1.163740542,32,6.936648227
4,BNC51,2,Pawn Shop,11.8328063,2.6735063,9.1593,133.3564591,14.55967805,0.842949408,14,7.140815551
5,BNC51,2,Pizzeria,15.9583268,4.1737068,11.78462,130.8115211,11.10019,0.899535385,14,6.987493512
6,BNC51,2,Quattroki Restaurant,12.4508423,1.5069043,10.943938,195.4377635,17.85808395,0.665218076,18,7.149792886
7,BNC51,2,High School,11.7984728,1.6382058,10.160267,204.0211657,20.0802957,0.664838925,17,6.991030146
0,BNC51,3,Automobile shop,5.3565657,1.6897387,3.666827,55.70806374,15.19244397,0.516439411,10,6.18978486
1,BNC51,3,Police station ,8.965076,1.437799,7.527277,125.1324928,16.62387245,0.677359455,12,6.993899512
2,BNC51,3,Fire Station,6.2492348,1.7503318,4.498903,134.2777932,29.84678558,0.367885833,13,7.07703431
3,BNC51,3,Bank,8.4241485,1.5563115,6.867837,127.4777014,18.56155023,0.974595714,8,6.800494303
4,BNC51,3,Pawn Shop,7.0483411,1.1806941,5.867647,133.4328271,22.74043191,0.520782931,14,7.016471812
5,BNC51,3,Pizzeria,8.3406329,1.7224529,6.61818,123.3023697,18.63085768,0.544313333,13,6.964985169
6,BNC51,3,Quattroki Restaurant,8.3259416,1.2086856,7.117256,193.3051245,27.16006345,0.433322918,18,7.12308285
7,BNC51,3,High School,8.7496637,1.3889837,7.36068,208.377745,28.30957806,0.4881131,18,6.906917786
0,BNC52,1,Automobile shop,39.7989567,7.6609057,32.138051,277.6996142,8.640835568,0.84245695,47,6.036948134
1,BNC52,1,Police station ,17.0410344,1.4305784,15.610456,216.3801762,13.86123354,0.575295285,27,6.206827781
2,BNC52,1,Fire Station,23.7219069,2.5626879,21.159219,264.814304,12.51531562,0.675839291,35,6.334052853
3,BNC52,1,Bank,59.7836241,1.7708211,58.012803,671.146424,11.56893633,0.618478748,96,6.17929925
4,BNC52,1,Pawn Shop,48.1798644,1.2432074,46.936657,468.9710236,9.991572761,0.660313231,72,6.01673279
5,BNC52,1,Pizzeria,12.1316802,2.1388522,9.992828,134.7544383,13.48511535,0.6592188,16,6.168991537
6,BNC52,1,Quattroki Restaurant,20.5346148,3.7778008,16.756814,223.9383881,13.36401944,0.744107178,28,5.667421434
7,BNC52,1,High School,9.4303369,1.9237999,7.506537,207.4825364,27.64024695,0.434626412,18,6.507223908
0,BNC52,2,Automobile shop,6.1865217,1.7145487,4.471973,61.74750497,13.80766498,0.57347517,11,6.174750497
1,BNC52,2,Police station ,7.0134911,1.2015631,5.811928,118.5033831,20.38968533,0.5738318,11,6.456401222
2,BNC52,2,Fire Station,9.0691855,2.4651235,6.604062,137.4348644,20.8106563,0.464788429,15,6.26816124
3,BNC52,2,Bank,7.3402896,3.1944846,4.145805,138.2024884,33.3355014,0.453799556,10,6.177938713
4,BNC52,2,Pawn Shop,74.8187417,1.3055047,73.513237,830.5038812,11.29733794,0.579163336,128,6.20701742
5,BNC52,2,Pizzeria,7.5485169,1.8195969,5.72892,125.9496591,21.98488704,0.470529167,13,6.717983882
6,BNC52,2,Quattroki Restaurant,8.2077358,1.0553398,7.152396,186.2987721,26.04704383,0.405521878,19,6.464129178
7,BNC52,2,High School,8.2288183,1.4305973,6.798221,202.4082264,29.77370497,0.392926529,18,6.539804669
0,BNC52,3,Automobile shop,4.8304987,1.3863827,3.444116,59.29135125,17.21525966,0.471796411,10,6.587927917
1,BNC52,3,Police station ,5.2138856,1.0137706,4.200115,117.058225,27.87024283,0.4131009,11,6.371219149
2,BNC52,3,Fire Station,6.7300766,1.5913816,5.138695,134.2344125,26.12227667,0.4539384,15,6.310894672
3,BNC52,3,Bank,5.9512462,1.5696342,4.381612,127.7497189,29.15587207,0.540792875,9,5.932740011
4,BNC52,3,Pawn Shop,7.5414681,1.6804341,5.861034,105.4123285,17.98527845,0.559633592,13,5.409741993
5,BNC52,3,Pizzeria,6.6671701,1.2222011,5.444969,124.0759448,22.78726377,0.464823623,14,6.295223152
6,BNC52,3,Quattroki Restaurant,7.832949,1.033721,6.799228,176.977123,26.02900256,0.394240278,19,5.909739853
7,BNC52,3,High School,7.7359315,1.1597995,6.576132,192.8131127,29.32014027,0.429121559,18,5.969483364
0,NAV054,1,Automobile shop,18.9945067,4.4738527,14.520654,87.44732734,6.022271954,1.036526981,17,5.465457959
1,NAV054,1,Police station ,33.0546188,2.9790198,30.075599,341.1648785,11.34357718,0.56558926,58,4.958068458
2,NAV054,1,Fire Station,30.0760085,3.9167665,26.159242,316.5601188,12.10127261,0.451608346,66,4.187563679
3,NAV054,1,Bank,75.741788,2.652867,73.088921,697.8161753,9.547495923,0.521776567,142,4.38119103
4,NAV054,1,Pawn Shop,13.138494,3.375062,9.763432,137.2650439,14.05909765,0.578269591,23,4.12528222
5,NAV054,1,Pizzeria,33.4579152,1.7779002,31.680015,331.372881,10.4599976,0.51629079,62,4.75099749
6,NAV054,1,Quattroki Restaurant,223.5587828,4.4236608,219.135122,1860.650071,8.490880211,0.522674071,422,4.250223218
7,NAV054,1,High School,11.8113322,4.1738202,7.637512,209.5748938,27.44020485,0.311370958,25,4.980574169
0,NAV054,2,Automobile shop,6.7680177,2.1981947,4.569823,59.00923128,12.91280456,0.350014159,18,3.471131251
1,NAV054,2,Police station ,14.6802187,1.6667537,13.013465,209.3488262,16.08709334,0.390273226,35,4.620600203
2,NAV054,2,Fire Station,8.9881595,1.8194615,7.168698,144.5492052,20.16394124,0.379586477,23,4.31887167
3,NAV054,2,Bank,116.9562031,1.7709571,115.185246,1112.51752,9.65850713,0.42555185,267,3.883102474
4,NAV054,2,Pawn Shop,7.5277326,2.0002756,5.527457,108.5863654,19.64490458,0.467128738,14,4.622320629
5,NAV054,2,Pizzeria,7.5763621,1.7569251,5.819437,125.9931373,21.65039973,0.2840296,21,4.247666925
6,NAV054,2,Quattroki Restaurant,9.2288659,1.7431459,7.48572,193.5165397,25.85142641,0.3602499,22,5.740348058
7,NAV054,2,High School,7.7636471,2.8127211,4.950926,215.0925297,43.44490903,0.24060935,21,6.132802918
0,NAV054,3,Automobile shop,7.2280107,1.5396777,5.688333,64.83077912,11.39714906,0.403749131,14,4.986983009
1,NAV054,3,Police station ,6.7913252,1.4790792,5.312246,123.3703967,23.22377327,0.32507525,17,4.150233582
2,NAV054,3,Fire Station,6.992902,2.194714,4.798188,137.9559639,28.75167958,0.335876357,15,6.611973033
3,NAV054,3,Bank,6.2984505,1.5278295,4.770621,135.3299797,28.36737182,0.4701217,11,5.52900001
4,NAV054,3,Pawn Shop,7.7773696,1.6040856,6.173284,108.3555802,17.55234008,0.593425418,12,5.921807161
5,NAV054,3,Pizzeria,6.4861876,2.4862226,3.999965,123.6553878,30.91411746,0.300805769,14,6.307570373
6,NAV054,3,Quattroki Restaurant,7.2635645,1.5765075,5.687057,192.6876749,33.88179069,0.354915972,19,6.757526593
7,NAV054,3,High School,7.604132,1.652862,5.95127,204.9590793,34.43955313,0.343106529,18,6.67908603
0,NAV055,1,Automobile shop,13.3046267,4.9363147,8.368312,61.79622748,7.384551087,1.20063467,11,6.179622748
1,NAV055,1,Police station ,36.9987763,2.5138463,34.48493,196.0446264,5.684936186,1.182173034,30,4.952372993
2,NAV055,1,Fire Station,82.2763883,5.2569623,77.019426,545.7369555,7.085705306,0.724598431,113,4.460391024
3,NAV055,1,Bank,91.1299539,3.4932579,87.636696,617.9898279,7.051724405,0.75820616,119,4.513913192
4,NAV055,1,Pawn Shop,153.4549195,5.9790785,147.475841,1030.641531,6.98854486,0.7061101,215,4.585217738
5,NAV055,1,Pizzeria,23.7771602,4.4851292,19.292031,126.0382116,6.533174845,1.064850389,19,4.793997237
6,NAV055,1,Quattroki Restaurant,22.5545501,1.9441251,20.610425,187.2883325,9.087067953,0.704958934,30,4.096101122
7,NAV055,1,High School,8.8113486,2.4166316,6.394717,206.157615,32.23873941,0.271109826,24,5.095020754
0,NAV055,2,Automobile shop,6.4733537,1.9254427,4.547911,56.68251981,12.46341888,0.414230208,14,4.360193832
1,NAV055,2,Police station ,10.292266,3.028143,7.264123,114.1237386,15.71060107,0.6508918,16,4.319980094
2,NAV055,2,Fire Station,39.4014336,4.6175996,34.783834,394.4441882,11.33987094,0.498155216,78,4.386281524
3,NAV055,2,Bank,8.8888125,2.7085235,6.180289,129.7016019,20.98633283,0.50808075,13,4.113370657
4,NAV055,2,Pawn Shop,9.0758581,2.6661921,6.409666,88.07514343,13.74098798,0.75202771,11,4.686719793
5,NAV055,2,Pizzeria,7.9095703,1.7498103,6.15976,119.012339,19.32093767,0.355377824,18,4.653567556
6,NAV055,2,Quattroki Restaurant,12.3675245,1.4167815,10.950743,184.3273123,16.83240236,0.414378574,28,4.299378819
7,NAV055,2,High School,9.2216638,1.3887718,7.832892,208.3470461,26.59899385,0.283204593,28,4.362028234
0,NAV055,3,Automobile shop,8.4175927,2.9318807,5.485712,56.15999487,10.23750333,0.431839276,18,3.30352911
1,NAV055,3,Police station ,14.055341,7.847236,6.208105,112.1313029,18.06208221,0.406691933,16,4.170922771
2,NAV055,3,Fire Station,27.9086484,3.6525734,24.256075,269.2354741,11.09971313,0.533879537,52,4.394766555
3,NAV055,3,Bank,10.1595139,3.1667329,6.992781,123.9019163,17.71854664,0.575779167,13,3.692301956
4,NAV055,3,Pawn Shop,6.6708259,3.0251129,3.645713,80.21497705,22.00254849,0.504157809,12,3.759798297
5,NAV055,3,Pizzeria,8.8887522,2.0418552,6.846897,117.6010751,17.17582069,0.353430737,20,4.177728515
6,NAV055,3,Quattroki Restaurant,10.7217744,1.3958454,9.325929,172.0258352,18.44597307,0.350218121,29,3.714567574
7,NAV055,3,High School,10.0621028,1.4305388,8.631564,201.6794629,23.36534409,0.312604963,28,4.127375044
0,NAV056,1,Automobile shop,16.2270367,7.5616917,8.665345,58.41288904,6.740976735,1.395807064,12,5.31026264
1,NAV056,1,Police station ,60.2701541,2.1816471,58.088507,364.6804348,6.278013563,0.788389055,75,4.229489071
2,NAV056,1,Fire Station,13.4021562,1.9435372,11.458619,138.5660777,12.09273802,0.807184512,17,5.702903653
3,NAV056,1,Bank,14.9024454,2.9861164,11.916329,160.2765216,13.45015915,0.787437933,16,5.315800627
4,NAV056,1,Pawn Shop,45.8044039,2.8959029,42.908501,280.3307321,6.533221286,0.85165269,53,4.465612696
5,NAV056,1,Pizzeria,95.5263174,6.7086014,88.817716,769.0176479,8.658381261,0.563740698,165,4.449459511
6,NAV056,1,Quattroki Restaurant,352.3807464,3.5961674,348.784579,2251.318619,6.454753893,0.706341999,494,4.41696968
7,NAV056,1,High School,24.402516,3.291581,21.110935,397.01847,18.80629494,0.389612721,62,4.989483414
0,NAV056,2,Automobile shop,6.1020207,2.2958567,3.806164,55.97874489,14.70739172,0.649428078,10,6.219860543
1,NAV056,2,Police station ,11.2357703,1.8264633,9.409307,127.146642,13.51285934,0.626406715,14,5.988983146
2,NAV056,2,Fire Station,7.2913795,1.6517745,5.639605,133.6223344,23.69356266,0.345567875,17,5.510099352
3,NAV056,2,Bank,28.2840961,1.6737381,26.610358,309.5895965,11.6341763,0.654268312,43,5.423980701
4,NAV056,2,Pawn Shop,29.2838365,2.3325675,26.951269,317.7230239,11.78879644,0.513104311,54,5.125502527
5,NAV056,2,Pizzeria,10.1317761,2.9098461,7.22193,122.1730291,16.91695005,0.572735721,15,5.890931216
6,NAV056,2,Quattroki Restaurant,17.304943,1.382346,15.922597,254.526098,15.98521259,0.435891903,32,6.030927025
7,NAV056,2,High School,24.3470252,1.6114812,22.735544,368.6423842,16.21436391,0.367827986,60,4.686591716
0,NAV056,3,Automobile shop,6.1733207,1.4792807,4.69404,59.76333584,12.73174831,0.55703717,11,5.976333584
1,NAV056,3,Police station ,8.0897393,2.9727643,5.116975,110.183955,21.53302585,0.60747383,11,5.674923696
2,NAV056,3,Fire Station,6.6116223,1.3758413,5.235781,134.4936281,25.68740521,0.283953111,19,4.754779575
3,NAV056,3,Bank,17.7631233,2.1387503,15.624373,163.9732922,10.49471183,0.908904371,18,5.0081088
4,NAV056,3,Pawn Shop,35.8883037,3.3679367,32.520367,350.1507451,10.76712157,0.573785257,62,4.961755235
5,NAV056,3,Pizzeria,10.3135193,1.5416543,8.771865,143.8295664,16.39669174,0.418092538,22,4.910386622
6,NAV056,3,Quattroki Restaurant,38.4295288,1.3884598,37.041069,468.7448998,12.65473466,0.441191409,86,4.69708168
7,NAV056,3,High School,17.6799625,2.5066875,15.173275,365.6506848,24.09833637,0.32214923,51,5.3676342
0,NAV061,1,Automobile shop,27.1342967,17.4117167,9.72258,69.21783079,7.11928632,2.44605167,11,6.921783079
1,NAV061,1,Police station ,19.5549743,8.8955373,10.659437,105.7982606,9.92531412,1.515826714,8,6.809870919
2,NAV061,1,Fire Station,138.7962874,7.7430434,131.053244,452.9971072,3.456588279,2.29430282,60,6.962929234
3,NAV061,1,Bank,49.2770383,12.0345283,37.24251,261.4646751,7.020597568,1.866191858,27,6.977937669
4,NAV061,1,Pawn Shop,86.7416028,6.7500618,79.991541,375.5603935,4.695001357,1.6479212,50,6.680039613
5,NAV061,1,Pizzeria,194.9207853,21.8538253,173.06696,944.1876427,5.45562043,1.421041951,137,6.668347917
6,NAV061,1,Quattroki Restaurant,230.6552398,17.4300598,213.22518,1416.157609,6.641605877,1.061885801,213,6.347508775
7,NAV061,1,High School,42.8182445,15.3675845,27.45066,429.4094893,15.64295683,0.81013729,51,6.7658375
0,NAV061,2,Automobile shop,9.1273407,4.4817907,4.64555,59.71603178,12.85445895,0.9192953,10,6.635114642
1,NAV061,2,Police station ,25.4440171,7.8333931,17.610624,196.6076189,11.16414835,1.058058368,23,6.669439372
2,NAV061,2,Fire Station,8.7216978,3.6179038,5.103794,134.2141244,26.29693212,0.385725231,14,6.881309923
3,NAV061,2,Bank,15.9648628,2.7638078,13.201055,173.4589376,13.13977842,0.936026357,15,6.489681814
4,NAV061,2,Pawn Shop,19.9230805,5.9162805,14.0068,103.9270971,7.419760195,1.692021389,10,6.637070835
5,NAV061,2,Pizzeria,36.7558482,7.8186212,28.937227,251.7246162,8.69898889,0.960945829,35,6.232744988
6,NAV061,2,Quattroki Restaurant,33.3464957,7.0902757,26.25622,177.5767347,6.763225426,1.533321285,21,5.511486705
7,NAV061,2,High School,40.5408401,2.7357031,37.805137,434.7907538,11.50083794,0.761499335,52,6.728874984
0,NAV061,3,Automobile shop,6.0788397,2.1485397,3.9303,60.30050554,15.34246891,0.555845189,10,6.700056171
1,NAV061,3,Police station ,7.0208359,3.6736869,3.347149,101.7517791,30.39953678,0.411457375,9,6.38124562
2,NAV061,3,Fire Station,5.6317864,2.1798844,3.451902,132.7028399,38.44339726,0.258559538,14,6.651149397
3,NAV061,3,Bank,20.5760214,6.9026084,13.673413,159.1639514,11.64039669,1.454296867,13,6.522421813
4,NAV061,3,Pawn Shop,38.589506,2.590266,35.99924,292.9036694,8.136384808,0.972725077,40,6.46505473
5,NAV061,3,Pizzeria,7.0974049,2.5557499,4.541655,127.5031831,28.07416748,0.342383077,14,6.84378634
6,NAV061,3,Quattroki Restaurant,88.6095152,5.3264352,83.28308,546.4597402,6.561473713,1.026359545,84,5.739370403
7,NAV061,3,High School,61.5474619,11.0627119,50.48475,598.9310243,11.86360286,0.755447649,81,6.313448403