,Participant,Block_num,X,Z,Target_Name
24705,BNC01,1,0.0,-4.1,Bank
24775,BNC01,1,1.412221,0.4824697,Bank
24933,BNC01,1,2.753719,5.548587,Bank
25003,BNC01,1,8.553064,8.105585,Bank
25141,BNC01,1,15.1762,9.702353,Bank
25230,BNC01,1,21.62392,10.69154,Bank
25486,BNC01,1,28.10411,11.12786,Bank
25918,BNC01,1,33.91084,10.36399,Bank
26374,BNC01,1,34.393,10.21057,Bank
26456,BNC01,1,34.91179,10.05337,Bank
26541,BNC01,1,35.4705,9.886235,Bank
26602,BNC01,1,34.88925,2.961265,Bank
26680,BNC01,1,33.61407,-4.057169,Bank
26970,BNC01,1,32.60417,-11.20239,Bank
27188,BNC01,1,31.33235,-18.29146,Bank
27265,BNC01,1,30.22007,-25.12287,Bank
27349,BNC01,1,30.11435,-32.15316,Bank
27598,BNC01,1,30.41465,-39.27418,Bank
27659,BNC01,1,31.05953,-45.65596,Bank
27861,BNC01,1,30.49772,-52.35662,Bank
27943,BNC01,1,23.95315,-51.96974,Bank
28005,BNC01,1,17.14754,-52.60814,Bank
28159,BNC01,1,10.34243,-53.53736,Bank
28303,BNC01,1,3.985641,-53.60015,Bank
28376,BNC01,1,-2.687574,-53.62097,Bank
28543,BNC01,1,-9.759892,-53.1974,Bank
28636,BNC01,1,-16.71638,-52.21144,Bank
28713,BNC01,1,-23.57791,-50.82724,Bank
28813,BNC01,1,-30.05116,-48.0196,Bank
28920,BNC01,1,-34.19217,-42.16351,Bank
29222,BNC01,1,-34.56928,-35.25359,Bank
29296,BNC01,1,-35.52555,-28.43653,Bank
29364,BNC01,1,-35.35876,-21.61154,Bank
29423,BNC01,1,-35.44661,-14.58426,Bank
29540,BNC01,1,-35.25235,-7.520337,Bank
29692,BNC01,1,-35.3221,-0.411955,Bank
29899,BNC01,1,-35.48388,6.28381,Bank
29986,BNC01,1,-39.94567,11.07271,Bank
30060,BNC01,1,-46.03005,13.09692,Bank
30118,BNC01,1,-52.37804,13.68883,Bank
30240,BNC01,1,-58.59814,14.52152,Bank
30351,BNC01,1,-64.79076,16.85227,Bank
30441,BNC01,1,-67.85605,22.74732,Bank
30490,BNC01,1,-69.39236,29.34784,Bank
30547,BNC01,1,-69.94759,36.16908,Bank
30834,BNC01,1,-69.64024,43.01545,Bank
30950,BNC01,1,-68.42698,48.64399,Bank
31011,BNC01,1,-68.42297,55.19918,Bank
31067,BNC01,1,-68.68396,61.94054,Bank
31187,BNC01,1,-68.61639,68.93301,Bank
31316,BNC01,1,-66.05165,74.72947,Bank
31415,BNC01,1,-59.95506,77.87714,Bank
31565,BNC01,1,-52.95178,77.55464,Bank
31633,BNC01,1,-45.86038,77.35913,Bank
31990,BNC01,1,-38.72862,77.30417,Bank
32335,BNC01,1,-32.44254,75.09235,Bank
32407,BNC01,1,-33.85281,68.66771,Bank
32497,BNC01,1,-34.31593,61.93018,Bank
32588,BNC01,1,-34.48382,55.16692,Bank
32742,BNC01,1,-34.18016,48.44382,Bank
32852,BNC01,1,-28.32867,45.76893,Bank
32974,BNC01,1,-22.24376,43.72374,Bank
33064,BNC01,1,-16.04616,42.49376,Bank
33118,BNC01,1,-9.657013,41.65458,Bank
33199,BNC01,1,-3.247764,41.10979,Bank
33275,BNC01,1,3.298181,40.81589,Bank
33401,BNC01,1,10.0146,40.77872,Bank
33459,BNC01,1,16.50883,39.3356,Bank
33592,BNC01,1,23.10192,39.45797,Bank
33712,BNC01,1,29.73955,37.62992,Bank
33863,BNC01,1,31.60401,30.68954,Bank
33937,BNC01,1,36.05771,25.34286,Bank
34194,BNC01,1,38.93848,18.84444,Bank
34546,BNC01,1,44.18583,14.74778,Bank
34685,BNC01,1,38.26583,12.77514,Bank
34801,BNC01,1,31.99362,12.17682,Bank
35162,BNC01,1,25.58432,11.09,Bank
35254,BNC01,1,30.169,6.064613,Bank
35403,BNC01,1,31.48665,-0.5406193,Bank
35637,BNC01,1,33.12154,-6.962523,Bank
35862,BNC01,1,30.74364,-12.9617,Bank
35961,BNC01,1,24.93641,-16.73189,Bank
36042,BNC01,1,17.81618,-16.73309,Bank
36267,BNC01,1,10.74371,-16.21849,Bank
36567,BNC01,1,4.443871,-16.23727,Bank
36683,BNC01,1,-0.1884282,-18.45116,Bank
36789,BNC01,1,-6.591609,-17.78632,Bank
36871,BNC01,1,-13.04354,-17.43622,Bank
36982,BNC01,1,-19.43229,-16.97646,Bank
37208,BNC01,1,-25.90338,-17.5889,Bank
37296,BNC01,1,-31.98535,-16.97857,Bank
37358,BNC01,1,-37.53535,-19.00524,Bank
37961,BNC01,1,-41.09588,-23.68384,Bank
38105,BNC01,1,-39.76163,-17.45527,Bank
38208,BNC01,1,-37.61697,-11.36583,Bank
38299,BNC01,1,-36.89015,-4.90715,Bank
38460,BNC01,1,-36.63844,1.650766,Bank
38613,BNC01,1,-37.30653,7.72026,Bank
38966,BNC01,1,-35.62003,13.91181,Bank
39048,BNC01,1,-29.21565,11.93029,Bank
39167,BNC01,1,-22.44593,11.40903,Bank
39230,BNC01,1,-15.47262,11.48239,Bank
39478,BNC01,1,-8.428379,11.76116,Bank
39683,BNC01,1,-1.288517,11.33221,Bank
40057,BNC01,1,5.763361,10.69244,Bank
40209,BNC01,1,3.83106,16.63211,Bank
40280,BNC01,1,3.262852,23.50257,Bank
40384,BNC01,1,2.334491,30.18373,Bank
40502,BNC01,1,-1.492728,36.01478,Bank
40591,BNC01,1,-7.531713,39.23475,Bank
40674,BNC01,1,-14.08747,40.79983,Bank
40756,BNC01,1,-20.86692,41.65362,Bank
40917,BNC01,1,-27.55508,43.00045,Bank
41054,BNC01,1,-32.96255,46.7738,Bank
41357,BNC01,1,-33.98504,53.67734,Bank
42111,BNC01,1,-38.6949,51.3414,Bank
42365,BNC01,1,-45.05432,49.36823,Bank
42616,BNC01,1,-51.11052,47.70038,Bank
42706,BNC01,1,-44.65612,44.5442,Bank
42963,BNC01,1,-37.95456,42.87548,Bank
43081,BNC01,1,-35.75119,36.27791,Bank
43178,BNC01,1,-35.83567,29.3119,Bank
43314,BNC01,1,-35.70053,22.39251,Bank
43399,BNC01,1,-30.90519,17.3923,Bank
43572,BNC01,1,-24.70181,14.6629,Bank
43689,BNC01,1,-18.04699,13.27005,Bank
43750,BNC01,1,-11.18305,12.21857,Bank
43979,BNC01,1,-4.345927,11.41279,Bank
44404,BNC01,1,2.332481,11.5528,Bank
44487,BNC01,1,8.516253,9.966513,Bank
44562,BNC01,1,15.08916,9.110166,Bank
44645,BNC01,1,21.72432,9.278604,Bank
44938,BNC01,1,28.26763,9.710885,Bank
45787,BNC01,1,34.25306,8.668489,Bank
45959,BNC01,1,34.45475,15.86418,Bank
23375,BNC02,1,0.0,-4.1,Bank
23439,BNC02,1,0.2060973,2.533155,Bank
23649,BNC02,1,0.306848,6.243895,Bank
23824,BNC02,1,5.21317,7.759212,Bank
23877,BNC02,1,11.47057,9.301252,Bank
23947,BNC02,1,17.79027,10.57505,Bank
24060,BNC02,1,23.70278,11.18377,Bank
24534,BNC02,1,29.34767,11.13159,Bank
24591,BNC02,1,31.73713,14.90366,Bank
24691,BNC02,1,33.37758,18.77411,Bank
17275,BNC03,1,0.0,-4.1,Bank
17527,BNC03,1,0.277554,2.57003,Bank
17830,BNC03,1,-0.9967397,9.565419,Bank
17906,BNC03,1,5.919299,8.719902,Bank
17964,BNC03,1,12.88477,9.089689,Bank
18017,BNC03,1,19.80822,9.893563,Bank
18082,BNC03,1,26.69201,11.01786,Bank
18258,BNC03,1,33.49953,12.5457,Bank
18345,BNC03,1,34.57362,19.54169,Bank
18415,BNC03,1,36.08124,26.57691,Bank
18475,BNC03,1,36.46467,33.79452,Bank
18556,BNC03,1,35.65468,41.04016,Bank
18613,BNC03,1,33.70342,48.09792,Bank
18682,BNC03,1,31.89025,55.17709,Bank
18784,BNC03,1,30.374,62.29358,Bank
18904,BNC03,1,28.37868,69.17796,Bank
19045,BNC03,1,24.22079,75.12045,Bank
19130,BNC03,1,16.95717,75.62318,Bank
19195,BNC03,1,9.705602,75.77527,Bank
19443,BNC03,1,2.457551,76.05006,Bank
19480,BNC03,1,-4.711536,76.15498,Bank
19518,BNC03,1,-11.88691,76.29948,Bank
19557,BNC03,1,-19.05862,76.27618,Bank
19610,BNC03,1,-26.23262,76.16183,Bank
19848,BNC03,1,-33.41501,75.83762,Bank
19911,BNC03,1,-33.5604,68.49698,Bank
19968,BNC03,1,-34.02074,61.16604,Bank
20013,BNC03,1,-34.95395,53.89193,Bank
20143,BNC03,1,-36.36284,46.69186,Bank
20194,BNC03,1,-43.54523,46.49809,Bank
20236,BNC03,1,-50.73123,46.07475,Bank
20273,BNC03,1,-57.92344,45.82902,Bank
20423,BNC03,1,-65.12321,45.57491,Bank
20516,BNC03,1,-66.76993,38.45545,Bank
20563,BNC03,1,-68.84365,31.45761,Bank
20791,BNC03,1,-70.95176,24.49131,Bank
20860,BNC03,1,-68.28225,17.98035,Bank
21004,BNC03,1,-65.7524,11.29152,Bank
21060,BNC03,1,-58.47519,11.47147,Bank
21103,BNC03,1,-51.30888,10.94991,Bank
21141,BNC03,1,-44.19825,9.787805,Bank
21339,BNC03,1,-37.15548,8.521291,Bank
21375,BNC03,1,-36.62802,1.491331,Bank
21408,BNC03,1,-35.73706,-5.518743,Bank
21702,BNC03,1,-34.57999,-12.49576,Bank
21744,BNC03,1,-27.4765,-13.5632,Bank
21792,BNC03,1,-20.39994,-14.73411,Bank
21832,BNC03,1,-13.3575,-16.01537,Bank
21924,BNC03,1,-6.366993,-17.50567,Bank
22012,BNC03,1,0.4457664,-19.50495,Bank
22103,BNC03,1,7.333962,-21.24338,Bank
22141,BNC03,1,14.45659,-20.49828,Bank
22181,BNC03,1,21.56797,-19.61873,Bank
22989,BNC03,1,28.70695,-18.76581,Bank
23126,BNC03,1,31.32879,-11.92089,Bank
23198,BNC03,1,38.33718,-12.45093,Bank
23244,BNC03,1,45.32369,-12.85501,Bank
23287,BNC03,1,52.32227,-12.81416,Bank
23417,BNC03,1,59.27436,-12.55105,Bank
23477,BNC03,1,61.59457,-5.800297,Bank
23607,BNC03,1,63.23263,1.154502,Bank
23693,BNC03,1,62.36577,8.184933,Bank
24007,BNC03,1,61.70417,15.18723,Bank
24134,BNC03,1,63.02563,22.12013,Bank
24191,BNC03,1,63.9785,29.15532,Bank
24372,BNC03,1,65.02988,36.17698,Bank
24448,BNC03,1,57.77048,36.19662,Bank
24540,BNC03,1,51.02182,38.727,Bank
24613,BNC03,1,44.37167,41.63034,Bank
24911,BNC03,1,37.67552,44.4459,Bank
24984,BNC03,1,36.01994,51.31132,Bank
25529,BNC03,1,32.40117,57.38765,Bank
25604,BNC03,1,31.87805,50.33766,Bank
25822,BNC03,1,30.80345,43.422,Bank
25903,BNC03,1,23.8199,43.3096,Bank
25967,BNC03,1,16.87542,42.4518,Bank
26294,BNC03,1,9.91679,43.60101,Bank
26793,BNC03,1,2.884239,42.65437,Bank
26916,BNC03,1,2.993342,35.39071,Bank
27108,BNC03,1,3.257379,28.11249,Bank
27263,BNC03,1,2.281745,20.93855,Bank
28008,BNC03,1,2.139455,13.81799,Bank
28061,BNC03,1,-4.773376,14.71439,Bank
28128,BNC03,1,-11.7998,14.72828,Bank
28162,BNC03,1,-18.91047,14.70659,Bank
28377,BNC03,1,-26.0077,14.648,Bank
28632,BNC03,1,-33.0265,13.33212,Bank
28682,BNC03,1,-33.52981,20.27168,Bank
28732,BNC03,1,-33.80289,27.24151,Bank
28766,BNC03,1,-34.75947,34.14159,Bank
28803,BNC03,1,-35.53353,41.06757,Bank
30264,BNC03,1,-36.26534,48.00815,Bank
30749,BNC03,1,-30.38702,44.58374,Bank
30783,BNC03,1,-23.32749,45.15314,Bank
30820,BNC03,1,-16.26963,45.62607,Bank
30881,BNC03,1,-9.197793,46.17232,Bank
31325,BNC03,1,-2.098085,46.31468,Bank
31366,BNC03,1,4.922523,45.51693,Bank
31404,BNC03,1,11.93028,44.59922,Bank
31484,BNC03,1,18.88783,43.36284,Bank
31539,BNC03,1,25.7784,41.81161,Bank
32011,BNC03,1,32.69868,40.32693,Bank
32103,BNC03,1,31.88539,33.48936,Bank
32152,BNC03,1,33.92197,26.7986,Bank
32435,BNC03,1,35.87289,20.11053,Bank
32638,BNC03,1,34.03624,13.46263,Bank
33103,BNC03,1,31.16843,7.196821,Bank
33216,BNC03,1,30.54028,0.8181118,Bank
33346,BNC03,1,30.52079,-5.559951,Bank
33560,BNC03,1,30.77579,-12.14421,Bank
33641,BNC03,1,25.97935,-17.20226,Bank
33681,BNC03,1,19.30699,-19.14732,Bank
33715,BNC03,1,12.56698,-20.83384,Bank
33801,BNC03,1,5.817668,-22.4794,Bank
33978,BNC03,1,-1.051446,-23.56237,Bank
34017,BNC03,1,1.246883,-30.2419,Bank
34052,BNC03,1,3.302687,-36.99009,Bank
34088,BNC03,1,4.748331,-43.89318,Bank
34371,BNC03,1,5.891247,-50.7951,Bank
34408,BNC03,1,-1.166063,-50.96646,Bank
34452,BNC03,1,-8.164667,-51.40263,Bank
34493,BNC03,1,-15.17629,-52.05438,Bank
34524,BNC03,1,-22.17325,-52.98037,Bank
34751,BNC03,1,-29.13125,-54.11541,Bank
34788,BNC03,1,-30.58044,-47.21801,Bank
34827,BNC03,1,-32.70418,-40.46346,Bank
34858,BNC03,1,-34.69334,-33.85468,Bank
35021,BNC03,1,-36.48848,-27.24335,Bank
35251,BNC03,1,-43.42238,-25.29823,Bank
35281,BNC03,1,-49.79979,-21.88097,Bank
35404,BNC03,1,-56.32977,-18.70521,Bank
35521,BNC03,1,-62.32608,-14.93968,Bank
35558,BNC03,1,-63.91195,-7.959007,Bank
35800,BNC03,1,-65.93617,-1.070658,Bank
35840,BNC03,1,-67.75393,5.840832,Bank
35880,BNC03,1,-69.53683,12.75635,Bank
36105,BNC03,1,-71.1773,19.71552,Bank
36149,BNC03,1,-70.3574,26.62797,Bank
36187,BNC03,1,-69.94759,33.42015,Bank
36222,BNC03,1,-69.80354,40.23442,Bank
36451,BNC03,1,-69.77187,47.03313,Bank
36489,BNC03,1,-62.90662,46.44579,Bank
36704,BNC03,1,-56.13971,45.53113,Bank
36745,BNC03,1,-61.40822,49.36971,Bank
36787,BNC03,1,-66.73538,53.21892,Bank
36896,BNC03,1,-71.28178,57.8653,Bank
36931,BNC03,1,-70.62715,64.80803,Bank
37036,BNC03,1,-69.9162,71.70151,Bank
37250,BNC03,1,-63.43991,74.04189,Bank
37301,BNC03,1,-56.75906,75.97349,Bank
37342,BNC03,1,-49.5617,75.86929,Bank
37392,BNC03,1,-42.3582,75.91256,Bank
37535,BNC03,1,-35.12934,76.44913,Bank
37595,BNC03,1,-28.12435,77.04434,Bank
37643,BNC03,1,-21.10477,77.46758,Bank
37683,BNC03,1,-14.09203,77.4942,Bank
37722,BNC03,1,-7.085057,77.59096,Bank
37756,BNC03,1,-0.08715177,77.72761,Bank
37937,BNC03,1,6.91917,77.78645,Bank
37979,BNC03,1,13.65154,75.84941,Bank
38032,BNC03,1,20.43824,74.44018,Bank
38264,BNC03,1,27.2425,72.96731,Bank
38419,BNC03,1,34.13278,73.3133,Bank
38479,BNC03,1,41.07786,73.77695,Bank
38518,BNC03,1,48.01499,74.22289,Bank
38559,BNC03,1,54.93985,74.57457,Bank
38681,BNC03,1,61.82616,74.88745,Bank
38920,BNC03,1,64.23334,68.32258,Bank
39166,BNC03,1,66.55184,61.83188,Bank
39313,BNC03,1,67.15128,55.20065,Bank
39363,BNC03,1,67.29813,48.54338,Bank
39454,BNC03,1,67.22632,41.82471,Bank
39496,BNC03,1,67.64286,35.10862,Bank
39712,BNC03,1,68.18834,28.3658,Bank
39830,BNC03,1,65.09849,22.89792,Bank
40227,BNC03,1,63.4249,16.72933,Bank
40291,BNC03,1,56.86447,14.66642,Bank
40341,BNC03,1,50.17069,12.70685,Bank
40395,BNC03,1,43.41104,10.95828,Bank
40459,BNC03,1,36.51537,10.01698,Bank
40793,BNC03,1,29.59358,9.8676,Bank
41052,BNC03,1,32.68579,3.611915,Bank
41634,BNC03,1,27.04405,7.533054,Bank
41700,BNC03,1,30.03542,1.012785,Bank
41883,BNC03,1,32.51848,-5.72978,Bank
41990,BNC03,1,30.23848,-12.43289,Bank
42152,BNC03,1,25.26002,-17.3777,Bank
42219,BNC03,1,18.34038,-17.5154,Bank
42292,BNC03,1,11.60214,-15.92986,Bank
42355,BNC03,1,4.664437,-17.29019,Bank
42630,BNC03,1,-1.985587,-19.93582,Bank
42909,BNC03,1,-8.6408,-17.50858,Bank
43012,BNC03,1,-15.17063,-19.76719,Bank
43102,BNC03,1,-21.69878,-22.34304,Bank
43162,BNC03,1,-28.41984,-24.44873,Bank
43751,BNC03,1,-34.79967,-27.48654,Bank
43832,BNC03,1,-34.57208,-20.65302,Bank
43877,BNC03,1,-32.50832,-14.19846,Bank
44016,BNC03,1,-30.45888,-7.685204,Bank
44116,BNC03,1,-32.67168,-1.255696,Bank
44318,BNC03,1,-32.69859,5.490306,Bank
44661,BNC03,1,-27.941,9.554266,Bank
44760,BNC03,1,-21.2085,9.766001,Bank
44803,BNC03,1,-14.40048,9.80375,Bank
44847,BNC03,1,-7.518206,9.723169,Bank
45689,BNC03,1,-0.6834235,9.358323,Bank
45744,BNC03,1,-1.199262,2.496629,Bank
46262,BNC03,1,-1.5163,-4.432315,Bank
46321,BNC03,1,0.1735702,-11.09678,Bank
47255,BNC03,1,0.3372671,-17.89589,Bank
47416,BNC03,1,-0.3282172,-24.56144,Bank
47465,BNC03,1,-7.21664,-23.7747,Bank
47501,BNC03,1,-14.13593,-23.10266,Bank
47597,BNC03,1,-21.01678,-22.20372,Bank
47630,BNC03,1,-27.97545,-22.00907,Bank
48006,BNC03,1,-34.91592,-21.91472,Bank
48065,BNC03,1,-34.84967,-15.23088,Bank
48105,BNC03,1,-34.23067,-8.502404,Bank
48138,BNC03,1,-32.83879,-1.856198,Bank
48173,BNC03,1,-31.11011,4.693861,Bank
48203,BNC03,1,-29.55951,11.16526,Bank
48393,BNC03,1,-28.44759,17.72471,Bank
48443,BNC03,1,-34.41391,14.60939,Bank
48481,BNC03,1,-40.91606,12.26783,Bank
48565,BNC03,1,-47.7439,10.96263,Bank
48624,BNC03,1,-54.3702,13.38756,Bank
48712,BNC03,1,-61.01877,15.72842,Bank
48972,BNC03,1,-68.03452,15.58549,Bank
49244,BNC03,1,-67.8049,22.46354,Bank
49315,BNC03,1,-68.45235,29.37237,Bank
49367,BNC03,1,-69.53537,36.10558,Bank
49543,BNC03,1,-69.06687,42.96375,Bank
49585,BNC03,1,-62.1645,43.45119,Bank
49618,BNC03,1,-55.19606,43.36981,Bank
49651,BNC03,1,-48.25477,42.84378,Bank
49681,BNC03,1,-41.27165,42.2525,Bank
49978,BNC03,1,-34.22366,41.96218,Bank
50014,BNC03,1,-27.52838,40.79115,Bank
50109,BNC03,1,-20.80608,39.98811,Bank
50531,BNC03,1,-13.95861,39.63169,Bank
50605,BNC03,1,-7.751431,40.1228,Bank
50763,BNC03,1,-1.459102,40.71163,Bank
50897,BNC03,1,5.1104,42.12194,Bank
50954,BNC03,1,11.69909,40.98307,Bank
51134,BNC03,1,18.36562,40.23199,Bank
51197,BNC03,1,24.96412,38.92554,Bank
51443,BNC03,1,31.49673,37.4909,Bank
51495,BNC03,1,31.55319,44.43999,Bank
51549,BNC03,1,31.87061,51.36479,Bank
51855,BNC03,1,32.3023,58.24826,Bank
51901,BNC03,1,32.82485,51.66002,Bank
52011,BNC03,1,33.43197,44.90292,Bank
52092,BNC03,1,34.68165,37.98475,Bank
52144,BNC03,1,35.57592,31.08221,Bank
52196,BNC03,1,36.29847,24.16381,Bank
52345,BNC03,1,36.94249,17.27961,Bank
52385,BNC03,1,43.89114,16.20054,Bank
53070,BNC03,1,50.82321,15.04786,Bank
53107,BNC03,1,56.76501,12.48118,Bank
53730,BNC03,1,62.36332,9.303087,Bank
53769,BNC03,1,62.9722,3.683823,Bank
53855,BNC03,1,63.97135,-2.009587,Bank
53965,BNC03,1,63.01794,-8.260066,Bank
54242,BNC03,1,61.37629,-14.24599,Bank
54368,BNC03,1,54.75192,-12.00087,Bank
54415,BNC03,1,47.89325,-11.39935,Bank
54454,BNC03,1,41.13164,-11.86001,Bank
54714,BNC03,1,34.30927,-12.59915,Bank
54770,BNC03,1,32.95697,-19.61357,Bank
54809,BNC03,1,31.77349,-26.6976,Bank
55211,BNC03,1,30.86225,-33.82557,Bank
55247,BNC03,1,28.94151,-27.01386,Bank
55345,BNC03,1,26.62678,-20.37531,Bank
55381,BNC03,1,19.60113,-21.3094,Bank
55418,BNC03,1,12.54211,-22.03298,Bank
55454,BNC03,1,5.468194,-22.91881,Bank
55764,BNC03,1,-1.616258,-23.761,Bank
55924,BNC03,1,-8.576035,-22.87989,Bank
55985,BNC03,1,-14.32265,-18.94579,Bank
56152,BNC03,1,-20.43356,-15.45893,Bank
56398,BNC03,1,-27.53505,-16.27596,Bank
56827,BNC03,1,-31.59432,-10.60521,Bank
56872,BNC03,1,-33.07738,-4.030781,Bank
56913,BNC03,1,-34.2725,2.925718,Bank
57021,BNC03,1,-35.73056,9.794188,Bank
57143,BNC03,1,-37.69263,16.61837,Bank
57244,BNC03,1,-36.70065,23.62091,Bank
57288,BNC03,1,-36.30278,30.78436,Bank
57328,BNC03,1,-36.41543,37.84698,Bank
57538,BNC03,1,-36.71397,44.78937,Bank
57775,BNC03,1,-34.91341,51.60192,Bank
57958,BNC03,1,-35.71533,58.68439,Bank
58050,BNC03,1,-35.19361,65.72794,Bank
58414,BNC03,1,-33.92633,72.6729,Bank
58486,BNC03,1,-40.19316,75.63002,Bank
58903,BNC03,1,-46.69768,77.92255,Bank
58950,BNC03,1,-39.5942,77.40693,Bank
58987,BNC03,1,-32.43014,76.89189,Bank
59021,BNC03,1,-25.31598,76.59969,Bank
59054,BNC03,1,-18.16383,76.42073,Bank
59180,BNC03,1,-11.06135,76.46271,Bank
59245,BNC03,1,-3.919414,76.53098,Bank
59283,BNC03,1,3.160772,76.26219,Bank
59328,BNC03,1,10.27552,75.90498,Bank
59364,BNC03,1,17.39223,75.49544,Bank
59402,BNC03,1,24.48835,75.04221,Bank
60179,BNC03,1,31.55131,74.65012,Bank
60238,BNC03,1,31.28025,67.77408,Bank
60282,BNC03,1,31.23672,60.83629,Bank
60319,BNC03,1,31.0808,53.92364,Bank
60359,BNC03,1,31.57863,47.0406,Bank
61217,BNC03,1,32.10976,40.25006,Bank
61268,BNC03,1,32.88702,33.12537,Bank
61504,BNC03,1,33.81072,26.01143,Bank
32333,BNC04,1,0.0,-4.1,Bank
32508,BNC04,1,0.4690319,-9.212832,Bank
32751,BNC04,1,2.048986,-14.93279,Bank
32933,BNC04,1,8.134013,-16.61749,Bank
33037,BNC04,1,14.49413,-17.18539,Bank
33135,BNC04,1,20.78564,-17.1209,Bank
33273,BNC04,1,27.12221,-17.18657,Bank
33382,BNC04,1,33.36052,-17.1517,Bank
33490,BNC04,1,39.67443,-16.85439,Bank
33612,BNC04,1,46.02253,-16.89333,Bank
33726,BNC04,1,52.48942,-17.51106,Bank
33887,BNC04,1,58.84523,-17.53635,Bank
34732,BNC04,1,64.93779,-19.58161,Bank
34834,BNC04,1,65.50939,-26.20729,Bank
34905,BNC04,1,65.34528,-32.43688,Bank
34985,BNC04,1,65.91731,-38.96308,Bank
35179,BNC04,1,66.44291,-45.54636,Bank
35345,BNC04,1,63.36868,-51.35126,Bank
35427,BNC04,1,57.244,-53.1073,Bank
35623,BNC04,1,50.9197,-54.92744,Bank
35743,BNC04,1,44.88048,-56.32883,Bank
36093,BNC04,1,38.65577,-57.67385,Bank
36191,BNC04,1,32.56013,-58.10103,Bank
36267,BNC04,1,27.17013,-57.93847,Bank
36355,BNC04,1,21.17057,-57.96286,Bank
36487,BNC04,1,14.98503,-57.98244,Bank
36732,BNC04,1,8.740445,-57.93811,Bank
37273,BNC04,1,2.392462,-56.39754,Bank
37369,BNC04,1,3.454719,-49.57629,Bank
37469,BNC04,1,2.535368,-42.88951,Bank
37570,BNC04,1,2.251059,-36.21114,Bank
37807,BNC04,1,0.806408,-29.54338,Bank
37977,BNC04,1,-4.173986,-25.125,Bank
38088,BNC04,1,-10.79663,-23.77851,Bank
38198,BNC04,1,-17.07799,-21.40479,Bank
38336,BNC04,1,-23.32703,-18.87784,Bank
38723,BNC04,1,-29.81591,-17.25183,Bank
38903,BNC04,1,-34.57726,-12.97682,Bank
38995,BNC04,1,-34.5448,-6.713962,Bank
39258,BNC04,1,-35.21637,-0.2775645,Bank
39373,BNC04,1,-36.07565,6.278934,Bank
39533,BNC04,1,-36.28229,13.00263,Bank
39636,BNC04,1,-37.02123,19.6438,Bank
39978,BNC04,1,-37.4288,26.25002,Bank
40103,BNC04,1,-37.84891,32.84737,Bank
40368,BNC04,1,-38.02953,39.65087,Bank
40689,BNC04,1,-40.2506,45.83056,Bank
40796,BNC04,1,-33.96654,45.03278,Bank
40935,BNC04,1,-27.63941,45.02119,Bank
41027,BNC04,1,-21.42715,44.0183,Bank
41137,BNC04,1,-15.54615,43.08858,Bank
41256,BNC04,1,-9.306903,42.45403,Bank
41986,BNC04,1,-3.38155,43.50113,Bank
42085,BNC04,1,3.154193,42.49654,Bank
42173,BNC04,1,9.604018,41.18959,Bank
42297,BNC04,1,16.28249,41.51266,Bank
42479,BNC04,1,22.91547,42.09058,Bank
42838,BNC04,1,29.38494,43.87145,Bank
42941,BNC04,1,31.30094,37.42575,Bank
43118,BNC04,1,33.57922,30.99342,Bank
43405,BNC04,1,33.50824,24.23885,Bank
15222,BNC05,1,0.0,-4.1,Bank
15348,BNC05,1,0.8558467,2.903934,Bank
16056,BNC05,1,0.9063115,9.996437,Bank
16181,BNC05,1,8.021929,9.594616,Bank
16304,BNC05,1,15.03226,9.160415,Bank
16536,BNC05,1,22.09399,9.645075,Bank
16702,BNC05,1,28.99494,10.68146,Bank
17876,BNC05,1,35.74353,12.54834,Bank
17979,BNC05,1,42.71962,11.32498,Bank
18252,BNC05,1,49.68977,11.27124,Bank
18383,BNC05,1,56.81285,12.22031,Bank
18680,BNC05,1,62.897,15.9999,Bank
18816,BNC05,1,66.10305,22.41213,Bank
18898,BNC05,1,68.02278,29.25413,Bank
18993,BNC05,1,69.49509,36.1645,Bank
19318,BNC05,1,70.5834,43.1016,Bank
19617,BNC05,1,69.23804,49.96507,Bank
19840,BNC05,1,63.70451,45.66765,Bank
19928,BNC05,1,57.30801,42.53897,Bank
20094,BNC05,1,50.24876,41.63426,Bank
20338,BNC05,1,43.17079,40.79268,Bank
20498,BNC05,1,36.3433,39.25716,Bank
21071,BNC05,1,30.07106,36.05886,Bank
21287,BNC05,1,23.23611,38.61972,Bank
21779,BNC05,1,16.23312,37.38243,Bank
21920,BNC05,1,22.91397,39.88926,Bank
22179,BNC05,1,29.15862,36.75687,Bank
22487,BNC05,1,31.92364,30.67089,Bank
24554,BNC07,1,0.0,-4.1,Bank
24709,BNC07,1,-0.1122065,-8.718745,Bank
24732,BNC07,1,-0.8821604,-13.16856,Bank
25564,BNC07,1,-1.349266,-16.83876,Bank
25601,BNC07,1,-8.441911,-16.03895,Bank
25643,BNC07,1,-15.56033,-15.6376,Bank
25673,BNC07,1,-22.6082,-15.37727,Bank
25717,BNC07,1,-29.65063,-15.2414,Bank
25842,BNC07,1,-36.50776,-15.11273,Bank
25954,BNC07,1,-43.48216,-14.80024,Bank
26544,BNC07,1,-50.56396,-14.37606,Bank
26573,BNC07,1,-43.83302,-15.6506,Bank
26707,BNC07,1,-36.93814,-16.84178,Bank
26829,BNC07,1,-37.0582,-10.94153,Bank
26880,BNC07,1,-37.13675,-5.279997,Bank
26985,BNC07,1,-37.38873,0.5612462,Bank
27154,BNC07,1,-38.29389,6.040578,Bank
27761,BNC07,1,-43.238,9.682598,Bank
28053,BNC07,1,-36.20856,10.10892,Bank
28081,BNC07,1,-35.80563,16.10824,Bank
28121,BNC07,1,-35.36244,22.08653,Bank
28413,BNC07,1,-34.66259,28.00499,Bank
28462,BNC07,1,-35.62844,33.39175,Bank
28879,BNC07,1,-35.93179,38.45872,Bank
28910,BNC07,1,-40.25739,42.93825,Bank
29515,BNC07,1,-44.87346,47.20882,Bank
29898,BNC07,1,-40.3031,47.54828,Bank
30045,BNC07,1,-39.17452,51.92844,Bank
30098,BNC07,1,-38.2111,56.67575,Bank
30194,BNC07,1,-36.90457,61.03239,Bank
30249,BNC07,1,-36.02363,65.2897,Bank
30384,BNC07,1,-35.58708,70.13206,Bank
30917,BNC07,1,-37.4239,73.55315,Bank
30958,BNC07,1,-31.53687,74.74034,Bank
31003,BNC07,1,-25.51588,75.22704,Bank
31109,BNC07,1,-19.46214,75.11024,Bank
31340,BNC07,1,-13.58794,75.13665,Bank
31409,BNC07,1,-9.046865,74.82964,Bank
31493,BNC07,1,-3.889396,74.43988,Bank
31517,BNC07,1,1.957277,74.5919,Bank
31547,BNC07,1,7.845613,74.96954,Bank
31610,BNC07,1,13.78789,75.18324,Bank
31663,BNC07,1,19.36886,74.96252,Bank
31901,BNC07,1,24.6781,74.49833,Bank
32094,BNC07,1,28.375,70.25046,Bank
32142,BNC07,1,28.66598,64.4904,Bank
32232,BNC07,1,28.64195,58.51374,Bank
32329,BNC07,1,28.18876,52.39597,Bank
33135,BNC07,1,27.27578,46.67669,Bank
33195,BNC07,1,30.42536,43.24412,Bank
33259,BNC07,1,35.35358,41.32641,Bank
33749,BNC07,1,40.30423,40.09533,Bank
33851,BNC07,1,37.52663,34.86235,Bank
33919,BNC07,1,35.81305,29.31718,Bank
16106,BNC08,1,0.0,-4.1,Bank
16192,BNC08,1,-0.1233272,1.65105,Bank
16259,BNC08,1,0.1910245,7.088173,Bank
16540,BNC08,1,0.1536682,12.29036,Bank
16581,BNC08,1,-5.988871,12.79051,Bank
16623,BNC08,1,-12.34615,13.02545,Bank
16665,BNC08,1,-18.65825,13.17638,Bank
16707,BNC08,1,-25.01906,13.1537,Bank
16745,BNC08,1,-31.35388,12.9889,Bank
16795,BNC08,1,-37.5936,12.76861,Bank
16834,BNC08,1,-43.8614,12.41631,Bank
16896,BNC08,1,-50.17049,12.0767,Bank
16960,BNC08,1,-56.42942,11.73112,Bank
17100,BNC08,1,-62.53829,11.31559,Bank
17718,BNC08,1,-65.80284,6.353278,Bank
17773,BNC08,1,-61.0521,9.771366,Bank
17858,BNC08,1,-55.99886,13.11219,Bank
17939,BNC08,1,-50.44063,13.78709,Bank
18022,BNC08,1,-44.73729,14.07284,Bank
18419,BNC08,1,-38.75665,14.67005,Bank
18646,BNC08,1,-33.01072,14.30914,Bank
18704,BNC08,1,-33.29349,20.98516,Bank
18758,BNC08,1,-33.63531,27.63745,Bank
18839,BNC08,1,-33.75463,34.20843,Bank
19111,BNC08,1,-34.16607,40.72308,Bank
19433,BNC08,1,-34.86489,47.29136,Bank
19528,BNC08,1,-28.73729,45.74105,Bank
19574,BNC08,1,-22.43372,45.05454,Bank
19633,BNC08,1,-16.14009,44.43972,Bank
19704,BNC08,1,-9.959989,43.97765,Bank
20058,BNC08,1,-3.88882,43.6343,Bank
20098,BNC08,1,2.257059,43.15243,Bank
20152,BNC08,1,8.650583,42.81577,Bank
20196,BNC08,1,15.07915,42.95421,Bank
20277,BNC08,1,21.35588,43.22118,Bank
20358,BNC08,1,27.57657,42.88091,Bank
20875,BNC08,1,33.63605,42.48741,Bank
21174,BNC08,1,34.426,36.36229,Bank
21327,BNC08,1,34.10207,29.75665,Bank
72994,BNC09,1,0.0,-4.1,Bank
74149,BNC09,1,-0.4765463,-3.544417,Bank
74285,BNC09,1,-0.1805937,3.4154,Bank
75501,BNC09,1,-0.6424702,10.30914,Bank
75612,BNC09,1,6.348809,9.420492,Bank
75741,BNC09,1,13.32868,8.696151,Bank
75916,BNC09,1,20.31891,8.509255,Bank
76376,BNC09,1,27.21335,8.978779,Bank
77242,BNC09,1,34.0066,10.27485,Bank
77485,BNC09,1,33.72293,17.25945,Bank
19141,BNC11,1,0.0,-4.1,Bank
19232,BNC11,1,0.6870176,2.914083,Bank
19916,BNC11,1,1.435778,9.945367,Bank
20011,BNC11,1,8.608785,9.990674,Bank
20102,BNC11,1,15.76511,10.33965,Bank
20214,BNC11,1,22.89721,11.00514,Bank
20442,BNC11,1,29.77751,12.66234,Bank
20775,BNC11,1,36.84485,13.09851,Bank
20968,BNC11,1,35.01023,19.88653,Bank
18678,BNC12,1,0.0,-4.1,Bank
18908,BNC12,1,-0.1448199,2.775931,Bank
19009,BNC12,1,-3.78891,8.170521,Bank
19113,BNC12,1,-10.26095,9.080337,Bank
19148,BNC12,1,-16.56155,11.34955,Bank
19181,BNC12,1,-22.72189,14.10779,Bank
19336,BNC12,1,-28.73472,17.24167,Bank
19424,BNC12,1,-31.17832,23.51787,Bank
19577,BNC12,1,-32.64827,30.15108,Bank
19674,BNC12,1,-34.10115,36.74015,Bank
19768,BNC12,1,-36.91315,42.74944,Bank
19813,BNC12,1,-43.46051,43.89158,Bank
19845,BNC12,1,-50.17576,45.15567,Bank
19884,BNC12,1,-56.7341,46.97486,Bank
19907,BNC12,1,-63.22459,49.22137,Bank
20029,BNC12,1,-69.44376,52.08895,Bank
20062,BNC12,1,-69.22544,58.8132,Bank
20092,BNC12,1,-68.73789,65.50537,Bank
20229,BNC12,1,-67.841,72.26058,Bank
20483,BNC12,1,-62.46647,75.86153,Bank
20558,BNC12,1,-56.11583,76.58868,Bank
20763,BNC12,1,-50.06009,77.24081,Bank
20814,BNC12,1,-43.69333,77.35705,Bank
20928,BNC12,1,-37.47835,77.21829,Bank
21035,BNC12,1,-32.17725,76.41174,Bank
21068,BNC12,1,-25.61786,76.81021,Bank
21103,BNC12,1,-18.89717,77.10448,Bank
21132,BNC12,1,-12.18884,77.50172,Bank
21161,BNC12,1,-5.45215,77.79172,Bank
21189,BNC12,1,1.292417,77.73696,Bank
21230,BNC12,1,7.910165,77.59055,Bank
21261,BNC12,1,14.57529,77.15282,Bank
21324,BNC12,1,21.0426,76.47482,Bank
21360,BNC12,1,27.27572,76.32075,Bank
21393,BNC12,1,33.79528,76.08949,Bank
21426,BNC12,1,40.26495,75.96368,Bank
21457,BNC12,1,46.72292,75.69749,Bank
21497,BNC12,1,52.97232,75.40633,Bank
21556,BNC12,1,59.02869,74.672,Bank
21612,BNC12,1,64.46355,71.46152,Bank
21826,BNC12,1,69.66865,67.78296,Bank
21864,BNC12,1,69.25785,60.99948,Bank
21943,BNC12,1,68.77429,54.36909,Bank
22006,BNC12,1,68.0684,47.90653,Bank
22041,BNC12,1,67.14812,41.30064,Bank
22070,BNC12,1,66.40456,34.55849,Bank
22129,BNC12,1,65.61658,27.76404,Bank
22186,BNC12,1,64.5098,21.1416,Bank
22352,BNC12,1,64.22722,14.48424,Bank
22378,BNC12,1,64.6592,7.800941,Bank
22421,BNC12,1,65.29887,1.052141,Bank
22466,BNC12,1,65.98023,-5.771634,Bank
22791,BNC12,1,66.56227,-12.55186,Bank
22833,BNC12,1,59.77593,-12.99467,Bank
22874,BNC12,1,52.94181,-13.84058,Bank
22976,BNC12,1,46.16573,-14.84745,Bank
23042,BNC12,1,39.4649,-16.19161,Bank
23182,BNC12,1,34.77913,-20.93457,Bank
23268,BNC12,1,32.01414,-27.12781,Bank
23408,BNC12,1,32.01168,-33.70846,Bank
23442,BNC12,1,31.17758,-40.26246,Bank
23487,BNC12,1,29.39665,-46.76493,Bank
23601,BNC12,1,26.09411,-52.70086,Bank
23648,BNC12,1,19.36801,-52.85127,Bank
23837,BNC12,1,12.82306,-52.71128,Bank
23911,BNC12,1,6.046979,-53.24458,Bank
24255,BNC12,1,-0.7931552,-53.2614,Bank
24296,BNC12,1,-7.523422,-53.30882,Bank
24361,BNC12,1,-14.34622,-52.99355,Bank
24416,BNC12,1,-20.8432,-51.21664,Bank
24478,BNC12,1,-27.19774,-49.0618,Bank
24561,BNC12,1,-33.0878,-45.9873,Bank
24894,BNC12,1,-35.41992,-39.81015,Bank
24941,BNC12,1,-34.62226,-33.04959,Bank
24981,BNC12,1,-34.99219,-26.36092,Bank
25085,BNC12,1,-36.43358,-19.94913,Bank
25284,BNC12,1,-35.60198,-13.40346,Bank
25324,BNC12,1,-36.31866,-6.741553,Bank
25518,BNC12,1,-37.34926,-0.1726204,Bank
25571,BNC12,1,-36.37805,6.442854,Bank
25645,BNC12,1,-35.98764,13.31842,Bank
25792,BNC12,1,-35.54081,20.18612,Bank
25856,BNC12,1,-34.41864,26.0984,Bank
25958,BNC12,1,-33.35065,32.30859,Bank
26360,BNC12,1,-31.51145,37.53449,Bank
26997,BNC12,1,-34.50425,42.34679,Bank
27113,BNC12,1,-40.54937,44.77992,Bank
27184,BNC12,1,-46.80615,45.16544,Bank
27224,BNC12,1,-53.25359,44.92907,Bank
27261,BNC12,1,-59.60698,44.76819,Bank
27723,BNC12,1,-65.88292,44.40315,Bank
27958,BNC12,1,-68.91057,40.33617,Bank
28040,BNC12,1,-70.04651,34.41386,Bank
28097,BNC12,1,-70.62998,28.23025,Bank
28157,BNC12,1,-70.67446,21.93637,Bank
28216,BNC12,1,-70.15983,15.67077,Bank
28474,BNC12,1,-69.13978,9.449863,Bank
28568,BNC12,1,-67.72787,3.814611,Bank
28618,BNC12,1,-66.62406,-2.164344,Bank
28660,BNC12,1,-65.57517,-8.230247,Bank
28793,BNC12,1,-64.31079,-14.08053,Bank
29051,BNC12,1,-58.18391,-15.81445,Bank
29147,BNC12,1,-51.92378,-17.53788,Bank
29222,BNC12,1,-46.36887,-20.82769,Bank
29263,BNC12,1,-39.80214,-20.64469,Bank
29380,BNC12,1,-33.32643,-20.02587,Bank
29428,BNC12,1,-26.71432,-19.56233,Bank
29469,BNC12,1,-20.03166,-19.6706,Bank
29501,BNC12,1,-13.30134,-19.76527,Bank
29624,BNC12,1,-6.739673,-20.06893,Bank
29707,BNC12,1,-4.809819,-25.88721,Bank
29928,BNC12,1,-2.584545,-31.56001,Bank
30144,BNC12,1,-0.8285456,-37.62102,Bank
30192,BNC12,1,1.328541,-31.94582,Bank
30226,BNC12,1,2.867346,-25.99764,Bank
30311,BNC12,1,4.961168,-20.15198,Bank
30414,BNC12,1,10.38548,-17.8934,Bank
30490,BNC12,1,16.80122,-18.66451,Bank
30548,BNC12,1,22.89711,-20.01986,Bank
30695,BNC12,1,29.01514,-20.81497,Bank
30753,BNC12,1,29.2769,-26.94081,Bank
30907,BNC12,1,29.39267,-33.25253,Bank
30947,BNC12,1,30.15808,-39.02662,Bank
31021,BNC12,1,31.21624,-44.89146,Bank
31070,BNC12,1,36.01167,-49.24807,Bank
31131,BNC12,1,41.68216,-52.44655,Bank
31214,BNC12,1,48.00461,-53.06226,Bank
31254,BNC12,1,53.99623,-52.5774,Bank
31295,BNC12,1,59.86086,-51.28112,Bank
31349,BNC12,1,64.24776,-47.47972,Bank
31874,BNC12,1,65.97445,-41.53314,Bank
31924,BNC12,1,65.53362,-35.21704,Bank
31970,BNC12,1,65.2681,-28.78474,Bank
32185,BNC12,1,65.06202,-22.40119,Bank
32453,BNC12,1,64.35272,-16.11397,Bank
32498,BNC12,1,64.97705,-9.678349,Bank
32533,BNC12,1,64.9726,-3.176691,Bank
32562,BNC12,1,65.12518,3.379887,Bank
32890,BNC12,1,65.36226,9.953645,Bank
33214,BNC12,1,65.13001,16.13634,Bank
33282,BNC12,1,64.37225,22.39875,Bank
33322,BNC12,1,64.38391,28.86153,Bank
33360,BNC12,1,64.34815,35.24017,Bank
33492,BNC12,1,63.94209,41.58374,Bank
33588,BNC12,1,58.01748,41.55411,Bank
33619,BNC12,1,51.79939,41.79997,Bank
33659,BNC12,1,45.47694,42.29792,Bank
33782,BNC12,1,39.14898,43.48854,Bank
33909,BNC12,1,35.50661,48.79009,Bank
34176,BNC12,1,34.62373,55.10838,Bank
34304,BNC12,1,33.76178,61.22907,Bank
34485,BNC12,1,32.37347,67.29006,Bank
34525,BNC12,1,27.35795,71.51167,Bank
34684,BNC12,1,22.21025,75.81086,Bank
34744,BNC12,1,15.72165,76.39845,Bank
34781,BNC12,1,9.221221,76.71207,Bank
34901,BNC12,1,2.678866,77.7644,Bank
35309,BNC12,1,-3.903753,77.36593,Bank
35351,BNC12,1,-10.666,77.63289,Bank
35386,BNC12,1,-17.49776,77.2596,Bank
35421,BNC12,1,-24.30275,76.74294,Bank
35573,BNC12,1,-31.02722,76.22325,Bank
35754,BNC12,1,-37.63443,76.48058,Bank
35791,BNC12,1,-44.22419,76.68348,Bank
35834,BNC12,1,-50.85405,76.79519,Bank
35872,BNC12,1,-57.48315,76.59232,Bank
36014,BNC12,1,-64.09662,76.41241,Bank
36105,BNC12,1,-66.17291,70.2631,Bank
36144,BNC12,1,-67.5705,63.79673,Bank
36228,BNC12,1,-68.8556,57.33811,Bank
36301,BNC12,1,-68.50307,51.01975,Bank
36602,BNC12,1,-68.43274,44.71695,Bank
36704,BNC12,1,-62.00886,46.55704,Bank
37173,BNC12,1,-55.53402,47.51427,Bank
37354,BNC12,1,-50.43896,45.47769,Bank
37492,BNC12,1,-44.57716,44.73626,Bank
37838,BNC12,1,-38.88055,43.49072,Bank
37950,BNC12,1,-37.60197,49.54622,Bank
38039,BNC12,1,-37.19703,55.72714,Bank
38430,BNC12,1,-37.24947,62.04949,Bank
38484,BNC12,1,-35.65353,56.51181,Bank
38535,BNC12,1,-34.51677,50.74688,Bank
38690,BNC12,1,-33.53489,44.96945,Bank
38762,BNC12,1,-28.03937,42.32527,Bank
38932,BNC12,1,-21.73386,42.0977,Bank
39258,BNC12,1,-15.33259,42.82207,Bank
39376,BNC12,1,-9.409662,41.15052,Bank
39520,BNC12,1,-3.413823,39.39512,Bank
39911,BNC12,1,-0.3265643,34.26591,Bank
40042,BNC12,1,-0.5313517,28.95257,Bank
40570,BNC12,1,1.867137,23.49685,Bank
40676,BNC12,1,0.6154779,17.63732,Bank
41045,BNC12,1,-2.929265,14.02165,Bank
41147,BNC12,1,-9.224175,13.16301,Bank
41285,BNC12,1,-15.68611,13.33672,Bank
41359,BNC12,1,-21.7922,12.26684,Bank
41484,BNC12,1,-27.86131,10.27577,Bank
41535,BNC12,1,-34.10529,10.15794,Bank
41678,BNC12,1,-40.33503,10.29074,Bank
41770,BNC12,1,-46.62881,10.60141,Bank
41813,BNC12,1,-52.87695,10.23116,Bank
41958,BNC12,1,-59.12322,9.975675,Bank
41995,BNC12,1,-52.63988,10.6429,Bank
42033,BNC12,1,-46.16439,11.18375,Bank
42134,BNC12,1,-39.74341,11.54299,Bank
42275,BNC12,1,-33.29411,10.35808,Bank
42352,BNC12,1,-34.25368,3.741117,Bank
42398,BNC12,1,-35.39582,-2.794961,Bank
42494,BNC12,1,-35.66973,-9.290644,Bank
43205,BNC12,1,-34.50969,-15.53189,Bank
43256,BNC12,1,-27.94793,-16.66988,Bank
43294,BNC12,1,-21.29251,-17.50694,Bank
43330,BNC12,1,-14.71148,-18.3407,Bank
43488,BNC12,1,-8.135706,-18.88741,Bank
43733,BNC12,1,-1.759622,-20.69445,Bank
44316,BNC12,1,-2.139473,-27.22328,Bank
44462,BNC12,1,3.76019,-23.80376,Bank
44781,BNC12,1,2.336351,-17.19897,Bank
44847,BNC12,1,8.947109,-18.40193,Bank
44905,BNC12,1,15.60309,-19.28668,Bank
44972,BNC12,1,22.22687,-20.09549,Bank
45472,BNC12,1,28.69941,-22.02705,Bank
45570,BNC12,1,30.49797,-15.50149,Bank
45722,BNC12,1,32.21069,-9.106714,Bank
46066,BNC12,1,32.243,-2.619494,Bank
46147,BNC12,1,33.01186,3.786969,Bank
46231,BNC12,1,33.84667,10.07214,Bank
46529,BNC12,1,34.92226,15.97181,Bank
10675,BNC23,1,0.0,-4.1,Bank
10713,BNC23,1,0.5773145,1.608999,Bank
10748,BNC23,1,0.6587067,7.34849,Bank
10778,BNC23,1,0.8112808,13.04384,Bank
10807,BNC23,1,1.132736,18.81816,Bank
11006,BNC23,1,1.446641,24.59268,Bank
11214,BNC23,1,0.7772619,30.48567,Bank
11303,BNC23,1,0.5709855,36.0277,Bank
11593,BNC23,1,0.8949066,41.53133,Bank
11623,BNC23,1,6.407939,42.5491,Bank
11652,BNC23,1,12.27182,43.23761,Bank
11681,BNC23,1,18.1274,43.70147,Bank
11711,BNC23,1,24.06744,43.52658,Bank
11794,BNC23,1,29.91408,43.08874,Bank
11842,BNC23,1,35.90293,42.67879,Bank
11873,BNC23,1,42.04971,42.35527,Bank
11938,BNC23,1,48.22902,42.07324,Bank
11997,BNC23,1,54.41653,41.68156,Bank
12159,BNC23,1,60.61076,41.08465,Bank
12581,BNC23,1,65.19554,37.6331,Bank
12621,BNC23,1,68.51674,42.49808,Bank
12652,BNC23,1,70.26604,47.92877,Bank
12820,BNC23,1,71.72506,53.42901,Bank
12856,BNC23,1,70.97658,59.41523,Bank
12886,BNC23,1,70.03606,65.45352,Bank
12915,BNC23,1,68.79975,71.43206,Bank
13044,BNC23,1,67.40719,77.30134,Bank
13069,BNC23,1,60.99429,77.24244,Bank
13101,BNC23,1,54.66298,77.12584,Bank
13134,BNC23,1,48.50704,77.399,Bank
13162,BNC23,1,42.41766,77.77981,Bank
13249,BNC23,1,36.28062,78.07056,Bank
13280,BNC23,1,30.14163,78.1059,Bank
13310,BNC23,1,24.09545,78.13115,Bank
13338,BNC23,1,18.01208,78.1362,Bank
13367,BNC23,1,11.89012,78.14281,Bank
13463,BNC23,1,5.728411,78.1031,Bank
13495,BNC23,1,-0.4079629,78.08084,Bank
13528,BNC23,1,-6.549568,78.07814,Bank
13557,BNC23,1,-12.69642,78.0857,Bank
13589,BNC23,1,-18.80667,78.07728,Bank
13625,BNC23,1,-24.90028,78.06039,Bank
13797,BNC23,1,-30.98629,78.0388,Bank
14322,BNC23,1,-37.24904,78.09261,Bank
14359,BNC23,1,-36.13658,71.24816,Bank
14399,BNC23,1,-35.14436,64.53795,Bank
14432,BNC23,1,-34.63563,57.87115,Bank
14651,BNC23,1,-34.31174,51.12225,Bank
15179,BNC23,1,-34.83714,44.25996,Bank
15278,BNC23,1,-35.36325,38.10919,Bank
15649,BNC23,1,-35.71427,32.03484,Bank
15712,BNC23,1,-35.72927,26.06051,Bank
15791,BNC23,1,-36.12956,20.05213,Bank
16070,BNC23,1,-36.46309,13.87626,Bank
16105,BNC23,1,-41.67895,12.61909,Bank
16135,BNC23,1,-47.4576,11.92101,Bank
16165,BNC23,1,-53.29751,11.51751,Bank
16196,BNC23,1,-59.25617,11.43836,Bank
16440,BNC23,1,-65.27063,11.50352,Bank
16687,BNC23,1,-69.98181,13.54429,Bank
16778,BNC23,1,-71.23414,7.746416,Bank
16814,BNC23,1,-71.71886,1.56111,Bank
16849,BNC23,1,-71.88352,-4.498688,Bank
16985,BNC23,1,-71.63736,-10.54289,Bank
17204,BNC23,1,-69.64474,-16.04825,Bank
17239,BNC23,1,-64.00085,-17.95636,Bank
17276,BNC23,1,-58.34816,-19.35943,Bank
17416,BNC23,1,-52.55907,-20.5329,Bank
17449,BNC23,1,-46.38684,-20.80503,Bank
17579,BNC23,1,-40.42481,-21.01908,Bank
17609,BNC23,1,-39.25524,-26.85287,Bank
17637,BNC23,1,-38.06049,-32.85165,Bank
17667,BNC23,1,-36.46716,-38.84401,Bank
17696,BNC23,1,-34.64933,-44.90327,Bank
17722,BNC23,1,-32.34233,-50.81252,Bank
17807,BNC23,1,-29.24644,-56.38129,Bank
17839,BNC23,1,-23.45219,-56.52808,Bank
17867,BNC23,1,-17.7337,-56.07587,Bank
17894,BNC23,1,-12.04643,-55.49355,Bank
17923,BNC23,1,-6.38953,-54.80361,Bank
17955,BNC23,1,-0.6569299,-54.20517,Bank
17984,BNC23,1,5.010879,-53.80843,Bank
18150,BNC23,1,10.71774,-53.49996,Bank
18179,BNC23,1,16.68613,-53.50652,Bank
18208,BNC23,1,22.61588,-53.57218,Bank
18239,BNC23,1,28.46796,-53.75209,Bank
18385,BNC23,1,34.42938,-53.94257,Bank
18531,BNC23,1,40.20884,-54.65636,Bank
18561,BNC23,1,46.33103,-54.89506,Bank
18594,BNC23,1,52.38882,-54.84781,Bank
18623,BNC23,1,58.45328,-54.56741,Bank
18649,BNC23,1,64.47532,-53.81901,Bank
18748,BNC23,1,70.57246,-52.67519,Bank
18865,BNC23,1,70.99567,-46.33195,Bank
19070,BNC23,1,70.45796,-40.37521,Bank
19102,BNC23,1,69.93053,-34.64789,Bank
19129,BNC23,1,69.59465,-28.86368,Bank
19314,BNC23,1,69.23434,-23.05772,Bank
19430,BNC23,1,68.56982,-17.17266,Bank
19859,BNC23,1,68.19325,-11.341,Bank
19926,BNC23,1,61.53162,-13.28976,Bank
19991,BNC23,1,55.5827,-13.98365,Bank
20069,BNC23,1,49.5382,-14.84997,Bank
20181,BNC23,1,43.59985,-15.59596,Bank
20282,BNC23,1,37.67056,-16.39801,Bank
20369,BNC23,1,31.74894,-17.02125,Bank
20843,BNC23,1,25.85518,-17.5271,Bank
20924,BNC23,1,19.92002,-17.22632,Bank
21017,BNC23,1,14.02488,-17.64819,Bank
21104,BNC23,1,8.15035,-17.9666,Bank
21631,BNC23,1,2.171731,-18.09441,Bank
21689,BNC23,1,-3.48974,-18.75351,Bank
21754,BNC23,1,-9.119598,-19.19588,Bank
21811,BNC23,1,-14.92019,-19.41915,Bank
21871,BNC23,1,-20.72842,-19.46009,Bank
21977,BNC23,1,-26.62872,-19.57503,Bank
22592,BNC23,1,-32.56114,-20.34647,Bank
22659,BNC23,1,-34.31358,-15.00346,Bank
22835,BNC23,1,-36.44919,-9.624743,Bank
23083,BNC23,1,-37.21414,-4.038223,Bank
23161,BNC23,1,-37.21068,1.186517,Bank
23487,BNC23,1,-36.89114,6.543087,Bank
23646,BNC23,1,-36.52871,11.54084,Bank
23710,BNC23,1,-36.74448,16.61766,Bank
23788,BNC23,1,-36.65181,21.80901,Bank
23945,BNC23,1,-36.11702,27.03702,Bank
24026,BNC23,1,-35.69016,31.84927,Bank
24179,BNC23,1,-35.44652,36.9397,Bank
24762,BNC23,1,-35.49026,42.08057,Bank
24830,BNC23,1,-41.16731,43.85677,Bank
24871,BNC23,1,-46.9775,45.66631,Bank
24915,BNC23,1,-52.76682,47.39574,Bank
25099,BNC23,1,-58.62965,49.02354,Bank
25204,BNC23,1,-64.37314,48.9972,Bank
25586,BNC23,1,-69.47007,47.96218,Bank
25684,BNC23,1,-71.57292,42.37419,Bank
25718,BNC23,1,-71.58025,36.8085,Bank
25860,BNC23,1,-71.39565,31.27361,Bank
26088,BNC23,1,-70.58267,25.736,Bank
26117,BNC23,1,-70.81969,32.35022,Bank
26146,BNC23,1,-71.35423,38.91311,Bank
26173,BNC23,1,-71.72867,45.62929,Bank
26200,BNC23,1,-71.90195,52.37494,Bank
26230,BNC23,1,-72.04401,59.16909,Bank
26260,BNC23,1,-71.77388,65.89144,Bank
26288,BNC23,1,-71.20853,72.48598,Bank
26428,BNC23,1,-70.58554,79.10204,Bank
26506,BNC23,1,-64.96989,78.43511,Bank
26606,BNC23,1,-59.18105,79.38496,Bank
26716,BNC23,1,-53.25402,79.56123,Bank
26842,BNC23,1,-47.24209,78.97905,Bank
26935,BNC23,1,-41.3117,78.28256,Bank
27598,BNC23,1,-35.34737,77.99716,Bank
27640,BNC23,1,-29.86006,78.05411,Bank
27676,BNC23,1,-24.39329,78.41637,Bank
27753,BNC23,1,-18.89026,78.86263,Bank
27958,BNC23,1,-13.24992,79.22661,Bank
28076,BNC23,1,-8.305995,78.86812,Bank
28333,BNC23,1,-3.301549,78.43129,Bank
28644,BNC23,1,1.803389,77.90083,Bank
28723,BNC23,1,3.314001,73.12817,Bank
28760,BNC23,1,3.418447,67.8864,Bank
28793,BNC23,1,3.111396,62.89979,Bank
28823,BNC23,1,2.958232,57.52796,Bank
28857,BNC23,1,2.798817,52.20279,Bank
28895,BNC23,1,2.380253,46.76587,Bank
29161,BNC23,1,1.608036,41.2729,Bank
29487,BNC23,1,0.5102696,35.92808,Bank
29518,BNC23,1,0.8947915,30.1153,Bank
29900,BNC23,1,0.758013,24.37525,Bank
29992,BNC23,1,0.6814307,18.86433,Bank
30145,BNC23,1,0.08312301,13.62413,Bank
30341,BNC23,1,1.204157,8.242875,Bank
30427,BNC23,1,7.143435,8.879261,Bank
30502,BNC23,1,12.99833,9.374578,Bank
30583,BNC23,1,18.88914,9.888988,Bank
30678,BNC23,1,24.74999,10.18618,Bank
30999,BNC23,1,30.74937,10.37902,Bank
31135,BNC23,1,36.236,10.94619,Bank
31209,BNC23,1,41.89056,11.60814,Bank
31299,BNC23,1,47.547,11.97179,Bank
31585,BNC23,1,53.27114,12.06302,Bank
31754,BNC23,1,58.81329,12.27308,Bank
32152,BNC23,1,64.0556,14.81517,Bank
32180,BNC23,1,67.04363,20.94029,Bank
32215,BNC23,1,69.52814,27.00755,Bank
32248,BNC23,1,70.73302,33.47159,Bank
32387,BNC23,1,71.31122,40.05783,Bank
32525,BNC23,1,69.70626,46.35838,Bank
32701,BNC23,1,67.84729,52.70562,Bank
32733,BNC23,1,68.4557,59.05888,Bank
32764,BNC23,1,68.88736,65.49759,Bank
32846,BNC23,1,69.11022,72.08749,Bank
32959,BNC23,1,67.05728,78.47163,Bank
32990,BNC23,1,60.75837,78.58661,Bank
33021,BNC23,1,54.2645,78.37736,Bank
33050,BNC23,1,47.65706,78.03432,Bank
33078,BNC23,1,41.0363,77.68502,Bank
33110,BNC23,1,34.50658,77.19373,Bank
33137,BNC23,1,27.92641,76.69307,Bank
33228,BNC23,1,21.27647,75.98299,Bank
33255,BNC23,1,14.54589,75.19434,Bank
33286,BNC23,1,7.833304,74.43058,Bank
33313,BNC23,1,1.124336,73.62325,Bank
33674,BNC23,1,-5.628155,72.68125,Bank
33706,BNC23,1,-3.377525,65.96177,Bank
33736,BNC23,1,-1.130724,59.21706,Bank
33767,BNC23,1,0.725081,52.436,Bank
33869,BNC23,1,2.296165,45.63879,Bank
33904,BNC23,1,2.948354,38.74411,Bank
33936,BNC23,1,3.200443,31.86502,Bank
33978,BNC23,1,3.391792,24.97672,Bank
34042,BNC23,1,3.354828,18.0676,Bank
34227,BNC23,1,3.111982,11.13672,Bank
34260,BNC23,1,2.265231,4.447145,Bank
34291,BNC23,1,1.342124,-2.162888,Bank
34409,BNC23,1,0.471566,-8.863367,Bank
34488,BNC23,1,-0.2905638,-15.58857,Bank
34662,BNC23,1,-1.288362,-22.35327,Bank
34695,BNC23,1,-2.04505,-28.86746,Bank
34973,BNC23,1,-2.364527,-35.36666,Bank
35007,BNC23,1,-2.124342,-41.95263,Bank
35041,BNC23,1,-1.735186,-48.46451,Bank
35500,BNC23,1,-1.696103,-54.93563,Bank
35774,BNC23,1,4.213424,-54.71992,Bank
35807,BNC23,1,-2.508242,-55.17236,Bank
35844,BNC23,1,-9.087805,-56.22972,Bank
35875,BNC23,1,-15.73557,-56.11942,Bank
35912,BNC23,1,-22.26171,-56.0574,Bank
36035,BNC23,1,-28.69748,-55.47247,Bank
36149,BNC23,1,-34.7688,-52.91759,Bank
36288,BNC23,1,-35.04594,-47.01562,Bank
36439,BNC23,1,-35.11386,-40.8972,Bank
36544,BNC23,1,-34.82522,-34.66015,Bank
36631,BNC23,1,-34.85407,-28.36762,Bank
36813,BNC23,1,-35.0344,-22.03431,Bank
37076,BNC23,1,-35.38187,-15.73609,Bank
37109,BNC23,1,-36.00023,-9.549891,Bank
37139,BNC23,1,-36.64527,-3.240803,Bank
37178,BNC23,1,-37.31597,3.149309,Bank
37271,BNC23,1,-38.04363,9.551962,Bank
37554,BNC23,1,-38.40153,15.96361,Bank
37587,BNC23,1,-37.16173,22.18132,Bank
37627,BNC23,1,-36.15579,28.53345,Bank
37659,BNC23,1,-35.04765,34.83798,Bank
38247,BNC23,1,-33.98368,41.1721,Bank
38374,BNC23,1,-35.14388,46.98161,Bank
38452,BNC23,1,-41.43846,45.88695,Bank
38537,BNC23,1,-47.71551,44.91143,Bank
38637,BNC23,1,-54.07819,44.56403,Bank
38723,BNC23,1,-60.46539,45.2679,Bank
38963,BNC23,1,-66.75473,46.86355,Bank
39008,BNC23,1,-67.37012,51.76237,Bank
39313,BNC23,1,-68.65218,56.83644,Bank
39378,BNC23,1,-67.57813,51.53403,Bank
39458,BNC23,1,-67.45329,45.89532,Bank
39487,BNC23,1,-61.40378,45.37934,Bank
39516,BNC23,1,-55.2748,45.57046,Bank
39548,BNC23,1,-49.12444,45.88282,Bank
39639,BNC23,1,-43.0182,46.20905,Bank
39949,BNC23,1,-36.78275,46.9247,Bank
39983,BNC23,1,-37.58593,53.54509,Bank
40036,BNC23,1,-38.07345,60.11235,Bank
40100,BNC23,1,-37.87116,66.58415,Bank
40640,BNC23,1,-37.22756,73.02802,Bank
41097,BNC23,1,-38.93765,77.40279,Bank
41125,BNC23,1,-32.17745,77.67583,Bank
41193,BNC23,1,-25.95234,79.07785,Bank
41225,BNC23,1,-19.39365,78.45483,Bank
41267,BNC23,1,-13.04702,77.60932,Bank
41390,BNC23,1,-6.754437,76.21779,Bank
41538,BNC23,1,-1.00602,73.57677,Bank
41566,BNC23,1,-0.8111177,67.66209,Bank
41596,BNC23,1,-0.7546284,61.62247,Bank
41672,BNC23,1,-0.8314692,55.50098,Bank
41747,BNC23,1,-0.8281838,49.32656,Bank
42054,BNC23,1,-0.3777097,43.21931,Bank
42241,BNC23,1,-0.3034635,37.25105,Bank
42315,BNC23,1,-1.292892,31.08183,Bank
42398,BNC23,1,-1.397513,24.81651,Bank
42485,BNC23,1,-1.059972,18.55406,Bank
43366,BNC23,1,-0.8763226,12.25423,Bank
43483,BNC23,1,5.714661,10.82823,Bank
43600,BNC23,1,12.28079,10.61586,Bank
43689,BNC23,1,18.7608,10.71929,Bank
43841,BNC23,1,25.21373,11.11937,Bank
44515,BNC23,1,31.59304,11.53467,Bank
44735,BNC23,1,37.83518,13.37605,Bank
44862,BNC23,1,38.32043,7.231915,Bank
44947,BNC23,1,36.08083,1.879273,Bank
44987,BNC23,1,35.05844,-3.933045,Bank
45078,BNC23,1,34.27504,-9.852976,Bank
45527,BNC23,1,34.01621,-15.90298,Bank
45596,BNC23,1,33.45092,-21.95632,Bank
45722,BNC23,1,32.18846,-28.19005,Bank
45795,BNC23,1,30.99814,-34.37821,Bank
45855,BNC23,1,30.998,-40.70617,Bank
45953,BNC23,1,32.02028,-46.99846,Bank
46184,BNC23,1,35.67038,-52.36119,Bank
46219,BNC23,1,34.99728,-45.47113,Bank
46246,BNC23,1,34.02967,-38.64289,Bank
46277,BNC23,1,32.81572,-31.85284,Bank
46308,BNC23,1,31.82388,-25.07613,Bank
46339,BNC23,1,31.16168,-18.27662,Bank
46371,BNC23,1,31.01507,-11.44793,Bank
46431,BNC23,1,31.17545,-4.554911,Bank
46469,BNC23,1,31.68299,2.362548,Bank
46501,BNC23,1,32.10698,9.288536,Bank
46633,BNC23,1,32.46824,16.24867,Bank
14592,BNC26,1,0.0,-4.1,Bank
14695,BNC26,1,0.2119353,3.100571,Bank
15898,BNC26,1,0.4283255,10.24851,Bank
15999,BNC26,1,7.505225,9.860723,Bank
16095,BNC26,1,14.62328,9.821379,Bank
16192,BNC26,1,21.6724,10.00199,Bank
16659,BNC26,1,28.67015,10.32027,Bank
17075,BNC26,1,32.77502,10.96306,Bank
17209,BNC26,1,33.2581,18.09875,Bank
33749,BNC27,1,0.0,-4.1,Bank
33886,BNC27,1,0.5411192,1.60173,Bank
34210,BNC27,1,1.008417,7.108421,Bank
34295,BNC27,1,7.355309,8.526869,Bank
34377,BNC27,1,13.94717,9.719151,Bank
34461,BNC27,1,20.4901,10.71242,Bank
34539,BNC27,1,26.81302,11.64667,Bank
34688,BNC27,1,32.87569,12.39337,Bank
34994,BNC27,1,38.70027,13.1396,Bank
35094,BNC27,1,44.56173,14.09824,Bank
35171,BNC27,1,50.91991,13.39344,Bank
35278,BNC27,1,57.18468,12.54595,Bank
35631,BNC27,1,62.90958,12.57578,Bank
36150,BNC27,1,65.80472,17.73576,Bank
36318,BNC27,1,66.25744,23.88664,Bank
36674,BNC27,1,61.26064,23.34815,Bank
36822,BNC27,1,65.55246,27.98487,Bank
36949,BNC27,1,65.07302,34.14687,Bank
37057,BNC27,1,60.89673,38.41115,Bank
37133,BNC27,1,55.26505,40.15527,Bank
37197,BNC27,1,49.72555,40.40732,Bank
37309,BNC27,1,44.02291,40.89692,Bank
37553,BNC27,1,38.62447,41.10204,Bank
37855,BNC27,1,34.36145,36.45918,Bank
37961,BNC27,1,33.99123,30.16051,Bank
8126,BNC28,1,0.0,-4.1,Bank
8178,BNC28,1,2.812473,0.4623355,Bank
8245,BNC28,1,4.011577,6.491556,Bank
8460,BNC28,1,6.770044,12.27032,Bank
8517,BNC28,1,13.84858,10.38446,Bank
8598,BNC28,1,21.08114,9.110937,Bank
8697,BNC28,1,27.89106,11.53564,Bank
8905,BNC28,1,32.56172,16.45684,Bank
25289,BNC29,1,0.0,-4.1,Bank
25340,BNC29,1,-0.8243318,1.896215,Bank
25386,BNC29,1,-1.045001,7.985571,Bank
25661,BNC29,1,-1.050467,13.9482,Bank
25729,BNC29,1,-6.887875,13.73242,Bank
25775,BNC29,1,-12.62423,13.43488,Bank
25814,BNC29,1,-18.56977,12.875,Bank
25849,BNC29,1,-24.49086,12.11965,Bank
25893,BNC29,1,-30.55953,11.66403,Bank
25977,BNC29,1,-36.63219,11.33053,Bank
26262,BNC29,1,-42.77906,11.26204,Bank
26315,BNC29,1,-48.71367,11.43809,Bank
26358,BNC29,1,-54.60037,11.47074,Bank
26404,BNC29,1,-60.37427,11.41776,Bank
26526,BNC29,1,-66.20317,11.87141,Bank
26659,BNC29,1,-68.07053,17.35635,Bank
26712,BNC29,1,-69.42432,22.8215,Bank
26855,BNC29,1,-70.41121,28.38939,Bank
26911,BNC29,1,-69.94582,33.74652,Bank
27006,BNC29,1,-69.65847,39.30033,Bank
27178,BNC29,1,-68.38629,44.72836,Bank
27230,BNC29,1,-62.72319,45.4169,Bank
27318,BNC29,1,-57.15737,46.02698,Bank
27356,BNC29,1,-51.13343,46.06673,Bank
27388,BNC29,1,-45.32222,45.70424,Bank
27415,BNC29,1,-39.6616,45.12005,Bank
27451,BNC29,1,-34.11657,44.47726,Bank
27483,BNC29,1,-28.77271,43.61528,Bank
27568,BNC29,1,-23.31911,42.64539,Bank
27607,BNC29,1,-17.25949,43.30773,Bank
27649,BNC29,1,-11.08622,43.67038,Bank
27686,BNC29,1,-4.942414,43.86102,Bank
27762,BNC29,1,1.199254,43.92917,Bank
27820,BNC29,1,7.143276,43.43267,Bank
27862,BNC29,1,13.3092,43.34404,Bank
27989,BNC29,1,19.4076,42.72287,Bank
28100,BNC29,1,25.05125,40.45745,Bank
28215,BNC29,1,29.41031,36.41402,Bank
28762,BNC29,1,32.37145,31.24169,Bank
17753,BNC30,1,0.0,-4.1,Bank
17890,BNC30,1,2.06269,2.098056,Bank
18081,BNC30,1,5.830739,6.705798,Bank
18168,BNC30,1,11.62415,8.847575,Bank
18240,BNC30,1,17.80301,10.35369,Bank
18338,BNC30,1,23.97321,11.4211,Bank
18853,BNC30,1,30.18914,11.72152,Bank
18983,BNC30,1,32.46843,18.54571,Bank
24342,BNC31,1,0.0,-4.1,Bank
24424,BNC31,1,0.7386122,3.045596,Bank
25109,BNC31,1,1.085647,10.19907,Bank
25188,BNC31,1,1.784661,17.32159,Bank
25297,BNC31,1,1.713344,24.47116,Bank
25426,BNC31,1,1.530576,31.60965,Bank
25635,BNC31,1,1.091684,38.73097,Bank
25696,BNC31,1,0.6343159,45.86011,Bank
25752,BNC31,1,0.5034369,52.97406,Bank
25907,BNC31,1,0.62031,60.06927,Bank
26064,BNC31,1,0.9342057,67.212,Bank
26298,BNC31,1,1.240114,72.98649,Bank
26515,BNC31,1,-5.337566,75.5422,Bank
26586,BNC31,1,-11.81207,76.83119,Bank
26656,BNC31,1,-18.46001,77.74716,Bank
26764,BNC31,1,-25.08321,78.39544,Bank
27031,BNC31,1,-31.68104,77.96388,Bank
27085,BNC31,1,-24.91886,78.10916,Bank
27132,BNC31,1,-18.13631,78.49593,Bank
27180,BNC31,1,-11.28849,78.72515,Bank
27845,BNC31,1,-4.387676,78.77481,Bank
27907,BNC31,1,2.452174,77.36015,Bank
27991,BNC31,1,9.470446,77.53001,Bank
28056,BNC31,1,16.43425,77.45856,Bank
28199,BNC31,1,23.42065,77.81783,Bank
28753,BNC31,1,30.40274,77.99532,Bank
28816,BNC31,1,30.84136,71.21618,Bank
28870,BNC31,1,31.73033,64.24197,Bank
28921,BNC31,1,32.55221,57.23034,Bank
28981,BNC31,1,33.42976,50.19201,Bank
29195,BNC31,1,34.51355,43.15728,Bank
29329,BNC31,1,34.36318,36.12433,Bank
29657,BNC31,1,34.11261,28.9904,Bank
21673,BNC32,1,0.0,-4.1,Bank
21801,BNC32,1,0.1682364,2.134965,Bank
21931,BNC32,1,0.5557809,8.40479,Bank
22400,BNC32,1,1.116679,14.54722,Bank
22454,BNC32,1,-5.370996,13.50772,Bank
22536,BNC32,1,-11.84411,12.82268,Bank
22608,BNC32,1,-18.30489,12.17937,Bank
22677,BNC32,1,-24.82686,11.77146,Bank
22819,BNC32,1,-31.29944,11.44643,Bank
22922,BNC32,1,-37.71515,11.29825,Bank
22986,BNC32,1,-43.94319,11.93188,Bank
23029,BNC32,1,-50.23259,12.3018,Bank
23196,BNC32,1,-56.55651,12.52683,Bank
23869,BNC32,1,-62.68073,13.29657,Bank
23898,BNC32,1,-56.13682,12.27605,Bank
23929,BNC32,1,-49.55454,11.75488,Bank
24024,BNC32,1,-42.97092,11.34795,Bank
24072,BNC32,1,-36.55817,11.27446,Bank
24117,BNC32,1,-30.1591,11.1731,Bank
24147,BNC32,1,-23.8829,11.18192,Bank
24174,BNC32,1,-17.64028,11.08055,Bank
24239,BNC32,1,-11.37546,10.921,Bank
24556,BNC32,1,-5.300864,10.61728,Bank
24595,BNC32,1,0.5303036,9.653355,Bank
24708,BNC32,1,6.354235,8.757719,Bank
24758,BNC32,1,12.50285,9.557073,Bank
24805,BNC32,1,18.57118,10.38538,Bank
24847,BNC32,1,24.5674,11.29548,Bank
25062,BNC32,1,30.57315,12.0116,Bank
25106,BNC32,1,36.81949,12.29758,Bank
25153,BNC32,1,42.92741,13.03751,Bank
25679,BNC32,1,48.93548,13.65225,Bank
25823,BNC32,1,42.41622,13.24737,Bank
25925,BNC32,1,37.9418,18.42507,Bank
12123,BNC33,1,0.0,-4.1,Bank
12373,BNC33,1,-0.6788149,-11.02776,Bank
12992,BNC33,1,2.806984,-15.10534,Bank
13062,BNC33,1,-4.055703,-15.67748,Bank
13141,BNC33,1,-10.47279,-16.25197,Bank
13209,BNC33,1,-16.83396,-16.7605,Bank
13287,BNC33,1,-23.12746,-17.29031,Bank
13392,BNC33,1,-29.08401,-17.83449,Bank
13904,BNC33,1,-34.86187,-18.41135,Bank
13976,BNC33,1,-35.54247,-25.12079,Bank
14066,BNC33,1,-36.33438,-31.54378,Bank
14147,BNC33,1,-36.79835,-37.80045,Bank
14231,BNC33,1,-35.87851,-43.26252,Bank
14309,BNC33,1,-32.37605,-47.46429,Bank
14390,BNC33,1,-27.67217,-50.71548,Bank
14488,BNC33,1,-23.10686,-53.10682,Bank
14562,BNC33,1,-17.99111,-54.46859,Bank
14652,BNC33,1,-12.94853,-55.31375,Bank
14726,BNC33,1,-7.789407,-55.89532,Bank
14801,BNC33,1,-2.611616,-56.22976,Bank
14874,BNC33,1,2.519122,-56.31438,Bank
14965,BNC33,1,7.710763,-56.39024,Bank
15053,BNC33,1,12.81457,-56.44652,Bank
15161,BNC33,1,17.68434,-56.36624,Bank
15277,BNC33,1,22.60235,-56.33509,Bank
15746,BNC33,1,27.47512,-56.33315,Bank
15785,BNC33,1,28.14021,-49.98741,Bank
15878,BNC33,1,29.34068,-43.28613,Bank
15973,BNC33,1,30.38242,-36.75144,Bank
16001,BNC33,1,31.30179,-30.43672,Bank
16037,BNC33,1,32.19473,-24.09225,Bank
16106,BNC33,1,33.01109,-17.65409,Bank
16168,BNC33,1,33.64956,-11.36856,Bank
16222,BNC33,1,34.22589,-5.07904,Bank
16322,BNC33,1,34.8347,1.173647,Bank
16619,BNC33,1,35.71924,7.319371,Bank
17106,BNC33,1,36.34933,12.84386,Bank
17346,BNC33,1,34.54886,19.22902,Bank
13368,BNC34,1,0.0,-4.1,Bank
13489,BNC34,1,-0.08750001,2.957811,Bank
14541,BNC34,1,0.2666011,9.857244,Bank
14719,BNC34,1,7.465116,8.906675,Bank
14840,BNC34,1,14.30346,10.53252,Bank
14997,BNC34,1,21.21816,10.22137,Bank
15109,BNC34,1,27.98798,11.67171,Bank
15308,BNC34,1,34.99367,11.47919,Bank
16190,BNC34,1,42.08171,11.97473,Bank
16375,BNC34,1,37.79155,17.82104,Bank
40240,BNC35,1,0.0,-4.1,Bank
41182,BNC35,1,-0.9963936,-10.19313,Bank
42668,BNC35,1,0.7451074,-16.79622,Bank
44424,BNC35,1,1.100716,-22.97388,Bank
44578,BNC35,1,7.74468,-21.08167,Bank
44727,BNC35,1,14.61803,-19.78552,Bank
44885,BNC35,1,21.43087,-18.29664,Bank
45196,BNC35,1,28.05778,-16.1433,Bank
45341,BNC35,1,30.30979,-9.558319,Bank
45487,BNC35,1,31.8678,-2.789445,Bank
45630,BNC35,1,32.77689,4.072827,Bank
45790,BNC35,1,34.46713,10.77853,Bank
46056,BNC35,1,35.85312,17.51134,Bank
13085,BNC36,1,0.0,-4.1,Bank
13201,BNC36,1,-0.3354657,1.995171,Bank
13333,BNC36,1,-1.154526,8.788461,Bank
13821,BNC36,1,-1.688154,15.54202,Bank
14097,BNC36,1,4.800044,12.84778,Bank
14213,BNC36,1,11.57111,11.20653,Bank
14337,BNC36,1,18.37206,11.68237,Bank
14463,BNC36,1,25.1352,12.6331,Bank
14587,BNC36,1,32.001,13.73,Bank
14992,BNC36,1,38.8909,14.83738,Bank
15131,BNC36,1,35.23867,21.06499,Bank
14219,BNC37,1,0.0,-4.1,Bank
14306,BNC37,1,1.137904,2.712197,Bank
14569,BNC37,1,3.390783,9.139666,Bank
14629,BNC37,1,9.930119,10.18208,Bank
14667,BNC37,1,16.69017,11.1519,Bank
14704,BNC37,1,23.42297,12.35657,Bank
14741,BNC37,1,30.16665,13.58713,Bank
14779,BNC37,1,36.90739,14.74083,Bank
15013,BNC37,1,43.64923,15.8414,Bank
15795,BNC37,1,50.29575,14.5448,Bank
15938,BNC37,1,56.74686,13.89782,Bank
16664,BNC37,1,62.76435,16.90828,Bank
16878,BNC37,1,63.99327,23.03213,Bank
16938,BNC37,1,65.32878,29.423,Bank
16999,BNC37,1,66.28943,35.83669,Bank
17037,BNC37,1,67.17052,42.33987,Bank
17156,BNC37,1,67.86717,48.81478,Bank
17499,BNC37,1,68.29312,55.07376,Bank
17898,BNC37,1,63.03773,51.24716,Bank
18001,BNC37,1,63.25852,44.376,Bank
18119,BNC37,1,62.36441,37.62019,Bank
18199,BNC37,1,64.33681,31.01925,Bank
18259,BNC37,1,64.86244,24.14913,Bank
18427,BNC37,1,64.64648,17.30641,Bank
18504,BNC37,1,58.77216,13.99428,Bank
18721,BNC37,1,52.53015,11.12711,Bank
18797,BNC37,1,46.19785,13.57052,Bank
19070,BNC37,1,39.35175,15.29397,Bank
19276,BNC37,1,35.08615,20.84188,Bank
13067,BNC50,1,0.0,-4.1,Bank
13233,BNC50,1,1.225514,-0.3499394,Bank
13413,BNC50,1,2.552368,4.155379,Bank
13637,BNC50,1,4.050918,8.944727,Bank
13740,BNC50,1,-0.6893198,11.5122,Bank
13847,BNC50,1,-5.986209,12.67834,Bank
13945,BNC50,1,-11.32499,13.43103,Bank
14050,BNC50,1,-17.06148,14.08892,Bank
14166,BNC50,1,-22.6085,14.51432,Bank
14291,BNC50,1,-28.07743,14.70052,Bank
14435,BNC50,1,-33.51487,14.06521,Bank
14667,BNC50,1,-39.0135,13.36509,Bank
14881,BNC50,1,-43.78675,13.16978,Bank
14999,BNC50,1,-48.52749,13.25599,Bank
15122,BNC50,1,-53.43577,13.33929,Bank
15578,BNC50,1,-58.53828,13.3472,Bank
16319,BNC50,1,-63.76463,11.89659,Bank
16416,BNC50,1,-57.98245,12.4214,Bank
16532,BNC50,1,-52.55714,12.7661,Bank
16655,BNC50,1,-47.60015,13.1087,Bank
16774,BNC50,1,-42.52892,12.81771,Bank
16956,BNC50,1,-37.64692,12.8821,Bank
17060,BNC50,1,-37.38186,17.16315,Bank
17163,BNC50,1,-37.10178,22.03354,Bank
17263,BNC50,1,-36.70292,26.92912,Bank
17382,BNC50,1,-36.30536,31.76992,Bank
17805,BNC50,1,-36.00962,36.65395,Bank
17983,BNC50,1,-36.73216,41.66367,Bank
18425,BNC50,1,-41.30172,43.6133,Bank
18543,BNC50,1,-39.77582,47.15892,Bank
18663,BNC50,1,-39.24963,51.50438,Bank
18797,BNC50,1,-38.58595,55.80493,Bank
18912,BNC50,1,-37.8052,60.12756,Bank
19015,BNC50,1,-37.239,63.93261,Bank
19118,BNC50,1,-36.24212,68.49812,Bank
19280,BNC50,1,-35.96933,72.85136,Bank
19768,BNC50,1,-39.85086,75.65474,Bank
19868,BNC50,1,-35.39413,76.73471,Bank
19980,BNC50,1,-30.24482,77.47179,Bank
20147,BNC50,1,-25.53,77.76715,Bank
20275,BNC50,1,-20.95684,77.69212,Bank
20388,BNC50,1,-16.47929,77.43668,Bank
20483,BNC50,1,-11.68696,77.78745,Bank
20606,BNC50,1,-6.606514,77.61089,Bank
20706,BNC50,1,-1.479571,77.38235,Bank
20821,BNC50,1,3.715782,76.88248,Bank
20905,BNC50,1,9.177385,77.32186,Bank
21015,BNC50,1,14.87683,77.73609,Bank
21146,BNC50,1,20.5691,77.76215,Bank
21453,BNC50,1,25.78002,77.72092,Bank
21537,BNC50,1,31.74557,77.67661,Bank
21612,BNC50,1,37.49502,77.82992,Bank
21685,BNC50,1,43.19823,77.63495,Bank
21769,BNC50,1,48.64572,77.14877,Bank
21868,BNC50,1,53.76588,76.56121,Bank
21950,BNC50,1,58.94193,76.05775,Bank
22070,BNC50,1,63.7275,74.9887,Bank
22497,BNC50,1,66.44669,71.10777,Bank
22679,BNC50,1,69.15592,66.69305,Bank
22771,BNC50,1,69.74883,61.34633,Bank
23055,BNC50,1,69.44843,55.74162,Bank
23207,BNC50,1,68.35232,50.48203,Bank
23322,BNC50,1,68.61213,45.23144,Bank
23479,BNC50,1,68.90169,39.99968,Bank
23582,BNC50,1,68.69003,35.11237,Bank
23667,BNC50,1,68.26682,30.30937,Bank
23767,BNC50,1,67.73844,25.51074,Bank
23899,BNC50,1,67.9067,21.02749,Bank
24261,BNC50,1,67.42661,16.59518,Bank
24365,BNC50,1,67.49551,12.43316,Bank
24467,BNC50,1,67.61962,7.757761,Bank
24585,BNC50,1,67.36443,3.043297,Bank
24735,BNC50,1,66.841,-1.700106,Bank
25063,BNC50,1,66.63961,-6.128561,Bank
25157,BNC50,1,66.83331,-10.82607,Bank
25253,BNC50,1,67.06978,-15.5688,Bank
25362,BNC50,1,66.90605,-20.23321,Bank
25492,BNC50,1,66.50095,-24.59257,Bank
25612,BNC50,1,65.8142,-28.45727,Bank
25773,BNC50,1,65.40749,-32.76795,Bank
25877,BNC50,1,65.09389,-37.43744,Bank
25969,BNC50,1,65.33517,-42.65819,Bank
26106,BNC50,1,65.16813,-47.54828,Bank
26467,BNC50,1,61.55373,-49.65982,Bank
26581,BNC50,1,56.69895,-52.10195,Bank
26698,BNC50,1,51.1439,-52.3683,Bank
26843,BNC50,1,45.65342,-51.9523,Bank
27309,BNC50,1,40.0582,-52.03062,Bank
27730,BNC50,1,35.31124,-50.38106,Bank
27855,BNC50,1,30.1327,-50.92593,Bank
27977,BNC50,1,24.77801,-52.35308,Bank
28161,BNC50,1,19.50942,-52.63453,Bank
28309,BNC50,1,14.23467,-52.56256,Bank
28540,BNC50,1,8.882823,-52.56195,Bank
28834,BNC50,1,5.414857,-50.28839,Bank
28952,BNC50,1,0.693952,-51.91114,Bank
29039,BNC50,1,-4.885044,-52.41756,Bank
29135,BNC50,1,-10.67265,-52.65276,Bank
29222,BNC50,1,-16.5248,-52.98777,Bank
29329,BNC50,1,-22.39453,-52.81045,Bank
29423,BNC50,1,-26.55653,-50.406,Bank
29561,BNC50,1,-30.5901,-46.84639,Bank
29966,BNC50,1,-32.63189,-43.00298,Bank
30091,BNC50,1,-34.13102,-38.87224,Bank
30239,BNC50,1,-35.30685,-34.55511,Bank
30407,BNC50,1,-35.33755,-30.2376,Bank
30871,BNC50,1,-33.22067,-27.0481,Bank
30969,BNC50,1,-34.26849,-22.51003,Bank
31072,BNC50,1,-34.63629,-17.64214,Bank
31187,BNC50,1,-35.36168,-12.6189,Bank
31400,BNC50,1,-35.82516,-7.371079,Bank
31523,BNC50,1,-36.12738,-3.067792,Bank
31638,BNC50,1,-36.17085,1.213369,Bank
31889,BNC50,1,-36.251,5.510189,Bank
32212,BNC50,1,-36.05575,9.639715,Bank
32317,BNC50,1,-31.99285,11.21839,Bank
32447,BNC50,1,-27.53379,12.12448,Bank
32551,BNC50,1,-22.94105,12.73505,Bank
32652,BNC50,1,-18.42723,12.978,Bank
32747,BNC50,1,-13.73799,12.15009,Bank
32862,BNC50,1,-8.8635,11.31151,Bank
33301,BNC50,1,-4.594945,10.0978,Bank
33449,BNC50,1,-0.5319802,10.27307,Bank
33713,BNC50,1,3.439256,10.44886,Bank
33968,BNC50,1,2.325899,15.33772,Bank
34079,BNC50,1,2.352235,20.25428,Bank
34180,BNC50,1,2.320969,25.03429,Bank
34289,BNC50,1,1.17869,29.96915,Bank
34471,BNC50,1,0.4428701,34.96423,Bank
34894,BNC50,1,1.935656,38.11123,Bank
35113,BNC50,1,-2.673399,38.95206,Bank
35230,BNC50,1,-7.337836,39.66025,Bank
35329,BNC50,1,-11.8464,40.43512,Bank
35435,BNC50,1,-16.65226,41.5368,Bank
35563,BNC50,1,-21.55394,42.76785,Bank
35686,BNC50,1,-26.53671,43.58838,Bank
36256,BNC50,1,-31.13261,44.60909,Bank
36401,BNC50,1,-33.48517,39.97065,Bank
37188,BNC50,1,-34.1875,34.88959,Bank
37718,BNC50,1,-30.58797,34.88925,Bank
37874,BNC50,1,-32.48099,39.73243,Bank
38214,BNC50,1,-34.76925,43.86005,Bank
38363,BNC50,1,-35.57846,47.62572,Bank
38969,BNC50,1,-36.19328,51.94961,Bank
39061,BNC50,1,-36.17759,56.18074,Bank
39156,BNC50,1,-35.86776,61.45277,Bank
39252,BNC50,1,-35.741,66.79543,Bank
39379,BNC50,1,-35.77156,71.78642,Bank
39499,BNC50,1,-38.55349,75.02435,Bank
40041,BNC50,1,-43.14846,76.53294,Bank
40152,BNC50,1,-49.06555,78.20363,Bank
40251,BNC50,1,-55.08349,77.57272,Bank
40348,BNC50,1,-61.01526,77.34789,Bank
40726,BNC50,1,-66.79867,76.98963,Bank
40827,BNC50,1,-66.97578,72.89117,Bank
40916,BNC50,1,-67.6643,68.10406,Bank
41002,BNC50,1,-68.66441,63.64075,Bank
41111,BNC50,1,-69.49596,59.18359,Bank
41165,BNC50,1,-69.73148,54.14937,Bank
41196,BNC50,1,-69.81705,49.0855,Bank
41248,BNC50,1,-69.98686,44.0161,Bank
41379,BNC50,1,-70.21674,39.14799,Bank
41501,BNC50,1,-70.75827,34.38424,Bank
41695,BNC50,1,-71.1461,29.6099,Bank
41861,BNC50,1,-70.74082,24.78333,Bank
42468,BNC50,1,-69.9099,19.89219,Bank
42632,BNC50,1,-68.9397,15.93609,Bank
43265,BNC50,1,-68.82983,10.76474,Bank
43397,BNC50,1,-68.5443,6.038387,Bank
43504,BNC50,1,-68.07188,0.5002908,Bank
43608,BNC50,1,-67.72718,-3.886724,Bank
43690,BNC50,1,-66.93089,-8.570263,Bank
43783,BNC50,1,-63.40523,-11.25129,Bank
44027,BNC50,1,-59.66565,-13.88951,Bank
44133,BNC50,1,-56.02148,-16.13801,Bank
44333,BNC50,1,-52.5231,-19.10958,Bank
44777,BNC50,1,-48.49122,-19.85202,Bank
44909,BNC50,1,-45.34956,-21.68702,Bank
45220,BNC50,1,-41.84003,-24.74445,Bank
45609,BNC50,1,-37.28749,-22.81004,Bank
45716,BNC50,1,-33.02957,-23.00085,Bank
45813,BNC50,1,-27.90224,-22.06548,Bank
45920,BNC50,1,-22.21742,-20.83676,Bank
46015,BNC50,1,-16.97813,-20.74464,Bank
46116,BNC50,1,-12.12167,-21.63218,Bank
46262,BNC50,1,-7.773629,-23.12207,Bank
46510,BNC50,1,-5.056693,-26.80819,Bank
46661,BNC50,1,-0.7165079,-23.79784,Bank
46775,BNC50,1,4.333397,-22.30523,Bank
46868,BNC50,1,10.09661,-21.16639,Bank
46953,BNC50,1,15.57197,-20.14737,Bank
47182,BNC50,1,21.36833,-19.57762,Bank
47328,BNC50,1,24.79795,-21.1592,Bank
47430,BNC50,1,27.17108,-25.69678,Bank
47548,BNC50,1,28.89443,-31.03023,Bank
47668,BNC50,1,30.73126,-36.08192,Bank
47760,BNC50,1,31.7635,-41.53874,Bank
47881,BNC50,1,33.05458,-46.55385,Bank
47967,BNC50,1,37.44611,-49.35802,Bank
48057,BNC50,1,42.99001,-50.73605,Bank
48346,BNC50,1,49.12134,-51.61928,Bank
48430,BNC50,1,53.69749,-52.54741,Bank
48547,BNC50,1,58.42933,-53.428,Bank
48679,BNC50,1,61.86906,-49.45069,Bank
48972,BNC50,1,64.63857,-44.75906,Bank
49059,BNC50,1,65.36018,-39.51057,Bank
49170,BNC50,1,66.24837,-34.32204,Bank
49321,BNC50,1,66.69769,-28.97117,Bank
49632,BNC50,1,64.81823,-24.26661,Bank
49746,BNC50,1,59.77412,-21.57519,Bank
49890,BNC50,1,55.04686,-18.29006,Bank
50167,BNC50,1,49.84358,-15.97207,Bank
50398,BNC50,1,44.6778,-15.6029,Bank
50481,BNC50,1,38.97947,-16.80829,Bank
50569,BNC50,1,33.06761,-17.70172,Bank
50693,BNC50,1,27.58826,-19.33256,Bank
51305,BNC50,1,22.32053,-20.16297,Bank
51447,BNC50,1,26.2675,-16.96161,Bank
51682,BNC50,1,29.72454,-13.98717,Bank
51807,BNC50,1,31.60592,-9.473986,Bank
52189,BNC50,1,32.35818,-4.476056,Bank
52281,BNC50,1,33.09557,-0.5257032,Bank
52359,BNC50,1,33.618,3.788689,Bank
52451,BNC50,1,34.53462,8.156679,Bank
52612,BNC50,1,35.36922,12.54915,Bank
52710,BNC50,1,33.82946,18.74286,Bank
8756,BNC51,1,0.0,-4.1,Bank
8873,BNC51,1,-2.19786,2.182117,Bank
9153,BNC51,1,-3.87539,8.379362,Bank
9234,BNC51,1,-9.820069,10.6028,Bank
9318,BNC51,1,-16.07738,12.13714,Bank
9407,BNC51,1,-22.58561,13.00483,Bank
9496,BNC51,1,-29.1569,13.61666,Bank
10113,BNC51,1,-35.79089,13.50849,Bank
10216,BNC51,1,-36.4967,20.44542,Bank
10396,BNC51,1,-36.32152,27.39903,Bank
10498,BNC51,1,-34.70512,32.65961,Bank
10598,BNC51,1,-36.19065,38.5751,Bank
11329,BNC51,1,-35.80053,44.50774,Bank
11411,BNC51,1,-28.74272,44.14281,Bank
11489,BNC51,1,-21.67895,44.31807,Bank
11586,BNC51,1,-14.60954,44.25158,Bank
11669,BNC51,1,-7.578758,44.74813,Bank
12376,BNC51,1,-0.5874883,45.49607,Bank
12459,BNC51,1,6.361959,44.49353,Bank
12538,BNC51,1,13.23345,42.98445,Bank
12646,BNC51,1,20.12366,41.62419,Bank
13346,BNC51,1,26.96801,43.05181,Bank
13582,BNC51,1,31.28984,37.48497,Bank
13648,BNC51,1,31.21465,44.6004,Bank
13712,BNC51,1,31.32499,51.73347,Bank
13777,BNC51,1,31.68471,58.85826,Bank
13842,BNC51,1,32.30375,65.95174,Bank
14010,BNC51,1,33.22541,72.97355,Bank
14096,BNC51,1,39.85734,75.41679,Bank
14183,BNC51,1,46.82906,76.37856,Bank
14267,BNC51,1,53.83165,76.41806,Bank
14347,BNC51,1,60.53415,74.43038,Bank
14450,BNC51,1,66.35643,70.66487,Bank
14825,BNC51,1,70.17262,64.92803,Bank
14898,BNC51,1,68.73038,57.82767,Bank
15012,BNC51,1,66.9606,50.77648,Bank
15108,BNC51,1,65.98264,43.58445,Bank
15359,BNC51,1,65.28979,36.39839,Bank
15425,BNC51,1,65.43275,29.11421,Bank
15519,BNC51,1,66.36542,21.8455,Bank
15594,BNC51,1,66.58263,14.506,Bank
15679,BNC51,1,66.99345,7.164128,Bank
15754,BNC51,1,67.106,-0.188808,Bank
15858,BNC51,1,66.99508,-7.525883,Bank
15919,BNC51,1,66.66904,-14.85531,Bank
15960,BNC51,1,66.68268,-22.1883,Bank
16005,BNC51,1,66.67297,-29.5254,Bank
16060,BNC51,1,66.54588,-36.86269,Bank
16145,BNC51,1,66.15195,-44.18443,Bank
16294,BNC51,1,64.11086,-51.22179,Bank
16363,BNC51,1,56.96532,-51.92484,Bank
16436,BNC51,1,49.8265,-52.35938,Bank
16520,BNC51,1,42.71196,-53.12351,Bank
16631,BNC51,1,35.61871,-53.54643,Bank
16898,BNC51,1,28.4485,-53.8338,Bank
16953,BNC51,1,21.35904,-53.15907,Bank
17055,BNC51,1,14.21225,-52.94579,Bank
17151,BNC51,1,7.067443,-53.3672,Bank
17631,BNC51,1,-0.08857054,-53.57814,Bank
17702,BNC51,1,-6.946145,-54.6935,Bank
17764,BNC51,1,-14.046,-54.63892,Bank
17837,BNC51,1,-21.19297,-53.73,Bank
18011,BNC51,1,-28.16494,-52.02835,Bank
18271,BNC51,1,-31.59253,-45.72484,Bank
18503,BNC51,1,-33.77118,-38.91903,Bank
18617,BNC51,1,-35.95668,-32.1345,Bank
18965,BNC51,1,-36.71261,-25.06836,Bank
19045,BNC51,1,-43.77181,-24.60072,Bank
19182,BNC51,1,-50.16171,-21.42723,Bank
19258,BNC51,1,-55.88722,-17.29071,Bank
19483,BNC51,1,-60.38606,-11.88318,Bank
19754,BNC51,1,-66.00987,-7.533741,Bank
19850,BNC51,1,-65.66783,-0.482975,Bank
20114,BNC51,1,-65.15736,6.531491,Bank
20242,BNC51,1,-59.58896,10.59456,Bank
20408,BNC51,1,-53.56919,13.77821,Bank
20498,BNC51,1,-46.83592,15.126,Bank
20605,BNC51,1,-39.92081,15.44687,Bank
21067,BNC51,1,-33.08939,14.71612,Bank
21153,BNC51,1,-33.27691,21.59084,Bank
21236,BNC51,1,-33.14477,28.40092,Bank
21441,BNC51,1,-32.78341,35.12411,Bank
21591,BNC51,1,-27.67985,39.77076,Bank
21660,BNC51,1,-20.89016,41.254,Bank
21745,BNC51,1,-14.04952,42.57084,Bank
22116,BNC51,1,-7.169386,43.26469,Bank
22269,BNC51,1,-1.705328,39.02872,Bank
22387,BNC51,1,0.2928133,32.43123,Bank
22468,BNC51,1,0.5066777,25.5759,Bank
23026,BNC51,1,0.4669899,18.70492,Bank
23134,BNC51,1,-5.968396,16.22518,Bank
23215,BNC51,1,-12.90275,15.53152,Bank
23289,BNC51,1,-19.8901,14.97011,Bank
23370,BNC51,1,-26.84681,14.47606,Bank
23548,BNC51,1,-33.68078,13.68759,Bank
23617,BNC51,1,-33.2247,6.618818,Bank
23693,BNC51,1,-33.84233,-0.488675,Bank
23773,BNC51,1,-34.96432,-7.555952,Bank
24159,BNC51,1,-36.24611,-14.59605,Bank
24267,BNC51,1,-29.20387,-15.38923,Bank
24343,BNC51,1,-22.23515,-16.647,Bank
24428,BNC51,1,-15.19584,-16.8706,Bank
24523,BNC51,1,-8.307656,-17.97107,Bank
24740,BNC51,1,-1.48502,-18.7453,Bank
24849,BNC51,1,5.571355,-18.0643,Bank
24960,BNC51,1,12.66692,-17.94313,Bank
25113,BNC51,1,19.74125,-18.32735,Bank
25254,BNC51,1,25.07685,-22.87593,Bank
25811,BNC51,1,29.09099,-28.59931,Bank
26003,BNC51,1,31.73246,-22.0046,Bank
26086,BNC51,1,32.91131,-15.00201,Bank
26172,BNC51,1,33.70035,-7.952927,Bank
26272,BNC51,1,34.38438,-0.8879347,Bank
26547,BNC51,1,35.03769,6.174043,Bank
26636,BNC51,1,34.19421,13.2024,Bank
26794,BNC51,1,33.72236,20.25601,Bank
27155,BNC51,1,33.5441,26.48304,Bank
11793,BNC52,1,0.0,-4.1,Bank
11948,BNC52,1,0.1206149,-10.77921,Bank
12261,BNC52,1,4.516412,-14.96265,Bank
12324,BNC52,1,5.202058,-21.72912,Bank
12594,BNC52,1,2.960277,-28.22982,Bank
12733,BNC52,1,3.357283,-21.6384,Bank
12788,BNC52,1,2.012278,-15.20121,Bank
12841,BNC52,1,1.217321,-8.415237,Bank
12904,BNC52,1,1.062084,-1.636212,Bank
12977,BNC52,1,-0.3075655,4.981946,Bank
13107,BNC52,1,-3.064237,10.69707,Bank
13236,BNC52,1,-1.207586,14.63796,Bank
13294,BNC52,1,-7.419878,14.33403,Bank
13354,BNC52,1,-13.42092,13.53023,Bank
13410,BNC52,1,-19.52333,12.47351,Bank
13619,BNC52,1,-26.05973,12.9271,Bank
13681,BNC52,1,-31.17895,10.06774,Bank
13749,BNC52,1,-37.56618,10.67998,Bank
13802,BNC52,1,-44.00547,10.14946,Bank
13876,BNC52,1,-50.55601,10.72602,Bank
13934,BNC52,1,-56.86724,11.70971,Bank
14125,BNC52,1,-62.67144,11.10646,Bank
14181,BNC52,1,-67.50697,13.36287,Bank
14457,BNC52,1,-70.93708,18.73558,Bank
14575,BNC52,1,-71.35477,24.84377,Bank
14629,BNC52,1,-71.57413,30.63734,Bank
14689,BNC52,1,-71.14677,36.68574,Bank
14774,BNC52,1,-69.62772,42.3216,Bank
14836,BNC52,1,-63.13504,43.63508,Bank
14904,BNC52,1,-56.68087,44.4474,Bank
14965,BNC52,1,-50.15823,45.30232,Bank
15032,BNC52,1,-43.9411,46.00369,Bank
15198,BNC52,1,-38.30326,44.94431,Bank
15328,BNC52,1,-37.16377,51.58902,Bank
15381,BNC52,1,-36.79834,57.66658,Bank
15439,BNC52,1,-36.78727,64.25826,Bank
15489,BNC52,1,-36.76286,70.6517,Bank
15589,BNC52,1,-38.28441,76.62124,Bank
15712,BNC52,1,-41.62293,78.19384,Bank
15766,BNC52,1,-35.67587,78.35835,Bank
15822,BNC52,1,-29.29417,77.91463,Bank
15860,BNC52,1,-22.6268,77.90958,Bank
15898,BNC52,1,-16.1456,77.95913,Bank
16037,BNC52,1,-9.771351,77.95913,Bank
16094,BNC52,1,-3.294253,77.69113,Bank
16204,BNC52,1,1.08891,78.04729,Bank
16263,BNC52,1,6.7207,78.22389,Bank
16311,BNC52,1,12.68186,77.85286,Bank
16360,BNC52,1,18.81456,77.55222,Bank
16421,BNC52,1,24.99878,78.10366,Bank
16683,BNC52,1,30.97087,77.99938,Bank
16773,BNC52,1,36.923,78.66071,Bank
16822,BNC52,1,43.21326,78.87431,Bank
16864,BNC52,1,49.79397,78.78594,Bank
16912,BNC52,1,56.2838,77.86478,Bank
16947,BNC52,1,62.14479,74.93264,Bank
17034,BNC52,1,66.716,70.81805,Bank
17110,BNC52,1,68.85303,65.02608,Bank
17282,BNC52,1,69.88909,59.14991,Bank
17341,BNC52,1,68.26352,53.03478,Bank
17396,BNC52,1,66.31005,47.05632,Bank
17462,BNC52,1,65.60728,41.05306,Bank
17520,BNC52,1,65.94441,35.14228,Bank
17582,BNC52,1,66.21734,29.16549,Bank
17652,BNC52,1,66.46619,23.11505,Bank
17743,BNC52,1,64.56552,17.59352,Bank
17930,BNC52,1,62.21668,13.9093,Bank
18301,BNC52,1,59.24668,12.71135,Bank
18354,BNC52,1,61.63165,7.211696,Bank
18403,BNC52,1,62.75116,1.324147,Bank
18454,BNC52,1,63.9249,-4.582139,Bank
18577,BNC52,1,65.0627,-10.33561,Bank
18625,BNC52,1,66.74336,-15.38827,Bank
18671,BNC52,1,67.64279,-22.10621,Bank
18731,BNC52,1,67.70649,-28.89455,Bank
18779,BNC52,1,66.81732,-35.43076,Bank
18829,BNC52,1,65.72504,-42.00553,Bank
18873,BNC52,1,64.67947,-48.47666,Bank
18958,BNC52,1,62.2485,-54.17734,Bank
19012,BNC52,1,56.58835,-56.89123,Bank
19093,BNC52,1,50.46315,-56.97452,Bank
19177,BNC52,1,44.45298,-55.71777,Bank
19231,BNC52,1,38.72258,-55.35938,Bank
19282,BNC52,1,32.66504,-55.71197,Bank
19484,BNC52,1,26.75649,-55.78773,Bank
19593,BNC52,1,28.87552,-49.62981,Bank
19636,BNC52,1,29.45924,-43.23864,Bank
19670,BNC52,1,31.20471,-36.61014,Bank
19704,BNC52,1,32.75978,-29.88935,Bank
19738,BNC52,1,33.66315,-23.20594,Bank
19794,BNC52,1,34.1758,-16.52649,Bank
19846,BNC52,1,34.89534,-9.995549,Bank
19906,BNC52,1,35.65228,-3.505472,Bank
19980,BNC52,1,35.96648,3.095007,Bank
20024,BNC52,1,36.36201,9.587888,Bank
20147,BNC52,1,36.56242,16.12395,Bank
12133,NAV054,1,0.0,-4.1,Bank
12167,NAV054,1,-0.4270287,0.6865361,Bank
12202,NAV054,1,-0.3880451,5.24587,Bank
12290,NAV054,1,-0.1663226,9.63195,Bank
12322,NAV054,1,3.692246,11.0707,Bank
12354,NAV054,1,7.858788,10.71333,Bank
12392,NAV054,1,11.4468,9.59795,Bank
12429,NAV054,1,15.00053,8.635262,Bank
12466,NAV054,1,18.72645,8.026711,Bank
12508,NAV054,1,22.74553,8.310246,Bank
12547,NAV054,1,27.06252,8.719454,Bank
12581,NAV054,1,31.62675,9.264647,Bank
12623,NAV054,1,36.24741,10.0124,Bank
12775,NAV054,1,40.79612,10.54417,Bank
12807,NAV054,1,45.33453,11.01169,Bank
12922,NAV054,1,49.94548,11.69382,Bank
12972,NAV054,1,54.36065,12.57562,Bank
13278,NAV054,1,58.75489,13.07626,Bank
13332,NAV054,1,61.24666,15.03593,Bank
13379,NAV054,1,64.19792,16.66248,Bank
13464,NAV054,1,66.0639,19.00112,Bank
13539,NAV054,1,67.58907,21.96957,Bank
13572,NAV054,1,68.84104,24.76906,Bank
13642,NAV054,1,70.40572,27.71773,Bank
13732,NAV054,1,71.92426,30.53041,Bank
13770,NAV054,1,72.29809,34.97497,Bank
13809,NAV054,1,72.21472,39.99949,Bank
13849,NAV054,1,71.82487,45.28405,Bank
13903,NAV054,1,71.25952,50.39939,Bank
14099,NAV054,1,70.4969,55.29742,Bank
14139,NAV054,1,69.94411,51.9259,Bank
14173,NAV054,1,69.05917,47.45108,Bank
14205,NAV054,1,68.56593,42.89406,Bank
14239,NAV054,1,68.29833,38.17215,Bank
14271,NAV054,1,67.95412,33.04358,Bank
14305,NAV054,1,67.58092,27.67246,Bank
14337,NAV054,1,67.51274,22.36714,Bank
14371,NAV054,1,67.70732,17.11697,Bank
14489,NAV054,1,68.01908,12.00083,Bank
14567,NAV054,1,69.50384,7.2168,Bank
14602,NAV054,1,71.04333,2.319996,Bank
14637,NAV054,1,72.36828,-2.997058,Bank
14671,NAV054,1,72.42518,-9.018898,Bank
14703,NAV054,1,71.75906,-15.14685,Bank
14738,NAV054,1,70.44898,-21.16202,Bank
14769,NAV054,1,69.08604,-27.1319,Bank
14803,NAV054,1,67.79315,-33.02755,Bank
15026,NAV054,1,66.52926,-38.70672,Bank
15066,NAV054,1,65.48248,-43.62327,Bank
15158,NAV054,1,63.30441,-48.12706,Bank
15191,NAV054,1,58.75398,-49.39825,Bank
15371,NAV054,1,53.74688,-50.49909,Bank
15405,NAV054,1,48.99467,-51.10378,Bank
15438,NAV054,1,44.43714,-51.85116,Bank
15533,NAV054,1,40.01916,-53.08993,Bank
15778,NAV054,1,36.71721,-50.31787,Bank
15804,NAV054,1,32.23869,-51.33535,Bank
15941,NAV054,1,27.55667,-52.70708,Bank
16025,NAV054,1,22.87459,-53.07545,Bank
16169,NAV054,1,18.28302,-53.69156,Bank
16203,NAV054,1,14.1901,-53.62712,Bank
16333,NAV054,1,9.963944,-53.81532,Bank
16407,NAV054,1,5.376881,-51.76708,Bank
16581,NAV054,1,1.653087,-52.1363,Bank
16611,NAV054,1,1.621441,-47.37347,Bank
16716,NAV054,1,1.386868,-42.4311,Bank
16826,NAV054,1,0.2479367,-37.60178,Bank
16862,NAV054,1,-0.6897385,-32.60785,Bank
16906,NAV054,1,-2.647825,-28.39627,Bank
16943,NAV054,1,-6.086859,-25.70832,Bank
16986,NAV054,1,-9.936653,-24.25056,Bank
17025,NAV054,1,-13.96018,-23.07877,Bank
17062,NAV054,1,-18.13881,-22.44065,Bank
17101,NAV054,1,-22.37172,-22.38763,Bank
17146,NAV054,1,-26.42441,-23.04778,Bank
17339,NAV054,1,-29.99212,-24.98442,Bank
17434,NAV054,1,-31.82173,-29.00851,Bank
17610,NAV054,1,-33.46196,-32.51889,Bank
17646,NAV054,1,-36.12981,-29.05657,Bank
17693,NAV054,1,-39.40018,-26.04534,Bank
17729,NAV054,1,-42.81652,-23.91129,Bank
17909,NAV054,1,-46.19399,-22.18378,Bank
17943,NAV054,1,-42.79913,-18.20909,Bank
18031,NAV054,1,-39.57489,-14.51489,Bank
18111,NAV054,1,-39.21524,-10.43811,Bank
18176,NAV054,1,-37.99493,-6.904998,Bank
18227,NAV054,1,-36.49777,-3.362947,Bank
18282,NAV054,1,-35.44274,0.08456606,Bank
18348,NAV054,1,-34.93382,4.028196,Bank
18396,NAV054,1,-34.55862,7.753858,Bank
18512,NAV054,1,-34.24121,11.195,Bank
18552,NAV054,1,-33.39471,15.29213,Bank
18588,NAV054,1,-32.76827,19.47809,Bank
18822,NAV054,1,-32.73833,23.74813,Bank
18862,NAV054,1,-33.64174,27.43242,Bank
18911,NAV054,1,-35.1867,30.80553,Bank
18957,NAV054,1,-36.82995,34.00051,Bank
18997,NAV054,1,-37.23188,37.91879,Bank
19037,NAV054,1,-36.96019,42.15159,Bank
19141,NAV054,1,-36.83331,46.23727,Bank
19294,NAV054,1,-39.805,47.08389,Bank
19345,NAV054,1,-38.13004,50.80265,Bank
19422,NAV054,1,-36.70784,54.21879,Bank
19498,NAV054,1,-35.94215,57.73204,Bank
19595,NAV054,1,-35.36008,61.46578,Bank
19625,NAV054,1,-35.49839,65.33675,Bank
19657,NAV054,1,-35.28899,68.99282,Bank
19733,NAV054,1,-35.0552,72.88608,Bank
19768,NAV054,1,-37.68675,74.44395,Bank
19805,NAV054,1,-41.11083,76.00536,Bank
19845,NAV054,1,-44.71486,77.17725,Bank
19886,NAV054,1,-48.10777,78.04436,Bank
20058,NAV054,1,-51.38715,78.66376,Bank
20093,NAV054,1,-46.76054,78.57681,Bank
20124,NAV054,1,-41.83187,78.26682,Bank
20156,NAV054,1,-36.75933,78.23808,Bank
20199,NAV054,1,-31.80052,77.76952,Bank
20231,NAV054,1,-26.90984,77.4709,Bank
20263,NAV054,1,-22.28378,77.17709,Bank
20294,NAV054,1,-17.57335,76.86612,Bank
20326,NAV054,1,-12.73636,77.06374,Bank
20361,NAV054,1,-7.955967,77.32037,Bank
20466,NAV054,1,-3.324257,77.69318,Bank
20590,NAV054,1,0.982371,78.34121,Bank
20627,NAV054,1,5.397489,78.58431,Bank
20697,NAV054,1,9.673625,78.9734,Bank
20742,NAV054,1,13.86926,79.0051,Bank
20776,NAV054,1,18.06628,79.27502,Bank
20823,NAV054,1,22.59775,78.89722,Bank
20910,NAV054,1,26.21426,76.33725,Bank
20954,NAV054,1,27.15682,72.61668,Bank
20995,NAV054,1,27.72695,68.57681,Bank
21048,NAV054,1,28.26338,64.3271,Bank
21086,NAV054,1,29.02397,60.23434,Bank
21124,NAV054,1,29.85155,56.3788,Bank
21182,NAV054,1,30.52824,52.39948,Bank
21313,NAV054,1,30.42168,48.02912,Bank
21492,NAV054,1,30.06751,44.0752,Bank
22184,NAV054,1,30.19922,40.21489,Bank
22422,NAV054,1,32.193,36.1822,Bank
22462,NAV054,1,32.92188,31.60815,Bank
22658,NAV054,1,34.32571,27.2818,Bank
19508,NAV055,1,0.0,-4.1,Bank
19624,NAV055,1,0.06624901,0.6914259,Bank
19903,NAV055,1,0.7356266,5.188225,Bank
20076,NAV055,1,1.678541,9.633745,Bank
20143,NAV055,1,1.679309,13.91647,Bank
20212,NAV055,1,1.782792,18.13308,Bank
20286,NAV055,1,1.774871,22.31569,Bank
20376,NAV055,1,1.626933,26.57084,Bank
20495,NAV055,1,1.425116,30.81279,Bank
20635,NAV055,1,1.389938,34.89955,Bank
21287,NAV055,1,1.160987,39.13866,Bank
21363,NAV055,1,-3.913829,39.59536,Bank
21432,NAV055,1,-9.141836,40.74374,Bank
21487,NAV055,1,-14.35545,41.51126,Bank
21536,NAV055,1,-19.39368,42.01751,Bank
21592,NAV055,1,-24.44388,42.29154,Bank
21720,NAV055,1,-29.30853,42.47526,Bank
22510,NAV055,1,-33.89594,43.53328,Bank
22578,NAV055,1,-39.0222,44.34129,Bank
22669,NAV055,1,-44.09768,45.0765,Bank
22755,NAV055,1,-48.9051,46.29523,Bank
22852,NAV055,1,-53.52813,47.51756,Bank
22931,NAV055,1,-58.20958,48.33048,Bank
23014,NAV055,1,-62.98738,47.88542,Bank
23255,NAV055,1,-67.75176,48.31032,Bank
23329,NAV055,1,-69.04197,43.66606,Bank
23388,NAV055,1,-70.09362,39.5562,Bank
23460,NAV055,1,-70.93147,35.38201,Bank
23582,NAV055,1,-71.08106,31.45252,Bank
23741,NAV055,1,-70.97464,27.29416,Bank
23860,NAV055,1,-70.64085,23.21071,Bank
23992,NAV055,1,-70.28857,19.12154,Bank
24086,NAV055,1,-69.50961,14.74522,Bank
24177,NAV055,1,-69.09897,10.59257,Bank
24234,NAV055,1,-69.25192,6.832864,Bank
24291,NAV055,1,-69.45743,2.827163,Bank
24348,NAV055,1,-69.72366,-1.050134,Bank
24404,NAV055,1,-69.61828,-4.936826,Bank
24477,NAV055,1,-69.19954,-8.712893,Bank
24562,NAV055,1,-67.32249,-11.67219,Bank
24645,NAV055,1,-64.16443,-14.43535,Bank
24734,NAV055,1,-60.63414,-16.24012,Bank
24792,NAV055,1,-56.67937,-17.6539,Bank
24844,NAV055,1,-52.77705,-19.09324,Bank
24894,NAV055,1,-48.90289,-20.8073,Bank
25093,NAV055,1,-45.41259,-22.63883,Bank
25182,NAV055,1,-43.09804,-25.63031,Bank
25239,NAV055,1,-42.29897,-29.06994,Bank
25292,NAV055,1,-41.69932,-32.60546,Bank
25348,NAV055,1,-40.79271,-36.37585,Bank
25392,NAV055,1,-39.51239,-40.39191,Bank
25424,NAV055,1,-37.17764,-44.5681,Bank
25468,NAV055,1,-34.70065,-48.68495,Bank
25528,NAV055,1,-31.33448,-51.72914,Bank
25592,NAV055,1,-27.3558,-53.05088,Bank
25645,NAV055,1,-22.89904,-54.01579,Bank
25704,NAV055,1,-18.35424,-54.78839,Bank
25755,NAV055,1,-13.8104,-55.38456,Bank
25809,NAV055,1,-9.156256,-55.71417,Bank
25862,NAV055,1,-4.542713,-55.86964,Bank
25953,NAV055,1,0.06518478,-56.29182,Bank
26004,NAV055,1,4.766691,-56.46312,Bank
26075,NAV055,1,9.089344,-56.53727,Bank
26120,NAV055,1,13.63349,-56.107,Bank
26203,NAV055,1,18.06433,-55.12452,Bank
26384,NAV055,1,22.68283,-53.53732,Bank
26943,NAV055,1,26.68877,-52.09369,Bank
27018,NAV055,1,31.28469,-52.09449,Bank
27092,NAV055,1,35.99991,-52.42558,Bank
27154,NAV055,1,40.82354,-52.87325,Bank
27215,NAV055,1,45.62424,-53.37589,Bank
27274,NAV055,1,50.44461,-53.37249,Bank
27326,NAV055,1,55.25552,-52.48437,Bank
27384,NAV055,1,59.6747,-50.7457,Bank
27449,NAV055,1,62.70351,-47.61086,Bank
27596,NAV055,1,64.99423,-43.77804,Bank
27877,NAV055,1,65.30737,-38.69051,Bank
27980,NAV055,1,65.5283,-34.13618,Bank
28040,NAV055,1,66.75027,-29.88805,Bank
28113,NAV055,1,67.67934,-25.27407,Bank
28343,NAV055,1,68.33727,-20.67132,Bank
28408,NAV055,1,68.36947,-16.32354,Bank
28467,NAV055,1,68.36343,-11.51989,Bank
28522,NAV055,1,68.13984,-7.174053,Bank
28584,NAV055,1,68.08739,-2.457129,Bank
28662,NAV055,1,67.89968,2.049564,Bank
28740,NAV055,1,67.78997,6.814921,Bank
29077,NAV055,1,67.49976,11.65813,Bank
29140,NAV055,1,68.03967,16.57479,Bank
29195,NAV055,1,68.47629,21.80893,Bank
29260,NAV055,1,68.68501,27.12607,Bank
29380,NAV055,1,68.41236,32.30773,Bank
29443,NAV055,1,68.46445,37.2211,Bank
29501,NAV055,1,68.64631,41.9245,Bank
29578,NAV055,1,68.76403,46.72521,Bank
29672,NAV055,1,69.2819,51.05474,Bank
29787,NAV055,1,69.98145,55.26632,Bank
29835,NAV055,1,70.6291,59.20773,Bank
29890,NAV055,1,71.19049,63.66672,Bank
29944,NAV055,1,70.086,67.85625,Bank
29993,NAV055,1,67.38426,70.82247,Bank
30039,NAV055,1,64.09862,73.50405,Bank
30090,NAV055,1,60.28874,75.71454,Bank
30136,NAV055,1,55.92114,77.11806,Bank
30178,NAV055,1,51.11188,77.96107,Bank
30284,NAV055,1,46.15052,78.90395,Bank
30332,NAV055,1,41.44827,78.67312,Bank
30614,NAV055,1,37.44616,78.3544,Bank
30810,NAV055,1,34.17477,74.83282,Bank
30901,NAV055,1,32.92397,70.15724,Bank
30953,NAV055,1,32.33582,65.15738,Bank
31010,NAV055,1,31.75169,60.26177,Bank
31069,NAV055,1,31.51854,55.61358,Bank
31138,NAV055,1,31.39865,50.98203,Bank
31382,NAV055,1,31.07128,46.36418,Bank
31678,NAV055,1,33.14909,42.88977,Bank
31748,NAV055,1,34.22042,38.48768,Bank
31917,NAV055,1,35.15316,34.24604,Bank
32128,NAV055,1,35.85029,29.89418,Bank
13317,NAV056,1,0.0,-4.1,Bank
13383,NAV056,1,0.3240446,2.163072,Bank
13705,NAV056,1,0.7792168,8.224379,Bank
13759,NAV056,1,0.8909235,13.86656,Bank
13802,NAV056,1,1.072129,19.50385,Bank
13840,NAV056,1,1.252332,25.01753,Bank
13873,NAV056,1,1.515963,30.56005,Bank
13971,NAV056,1,1.806384,36.12953,Bank
14077,NAV056,1,5.351843,39.39469,Bank
14152,NAV056,1,10.09882,40.30961,Bank
14238,NAV056,1,14.94581,41.06404,Bank
14285,NAV056,1,19.87705,41.7447,Bank
14687,NAV056,1,24.76193,42.45965,Bank
14781,NAV056,1,29.346,39.09303,Bank
14895,NAV056,1,31.35135,34.80852,Bank
15033,NAV056,1,33.27116,30.66285,Bank
28411,NAV061,1,0.0,-4.1,Bank
28785,NAV061,1,0.4340323,-11.31099,Bank
29344,NAV061,1,6.949663,-13.90267,Bank
29436,NAV061,1,-0.178957,-14.48269,Bank
29510,NAV061,1,-7.310157,-14.82676,Bank
29605,NAV061,1,-14.40893,-14.88253,Bank
29713,NAV061,1,-21.44489,-14.71132,Bank
29892,NAV061,1,-28.29309,-13.31458,Bank
30016,NAV061,1,-32.93239,-7.97863,Bank
30086,NAV061,1,-34.7856,-1.166024,Bank
30170,NAV061,1,-35.49331,5.806157,Bank
30195,NAV061,1,-33.99376,12.41079,Bank
30521,NAV061,1,-32.93594,19.22614,Bank
30560,NAV061,1,-32.98988,26.08709,Bank
30698,NAV061,1,-32.94425,32.94397,Bank
30822,NAV061,1,-29.21456,38.59404,Bank
30895,NAV061,1,-22.80943,40.40976,Bank
31664,NAV061,1,-16.31171,41.90714,Bank
31723,NAV061,1,-9.356578,42.66157,Bank
32789,NAV061,1,-2.291561,42.61326,Bank
32869,NAV061,1,4.773724,43.10415,Bank
32949,NAV061,1,11.80412,42.31248,Bank
33093,NAV061,1,18.7785,41.19307,Bank
33234,NAV061,1,25.22853,43.6622,Bank
33530,NAV061,1,32.00996,43.99905,Bank
33659,NAV061,1,33.7118,37.10492,Bank
33774,NAV061,1,34.07578,30.04366,Bank
