,Participant,Block_num,Target_Name,Total_Time,Orientation_Time,Navigation_Time,Distance,Speed,Mean_Dwell,Teleportations,Mean_Teleport_Distance
0,BNC01,1,Automobile shop,26.0891567,4.0827067,22.00645,121.51357601026804,5.52172549458309,1.4131529833333336,19,6.7507542227926685
1,BNC01,1,Police station ,74.93540390000001,2.0761869,72.859217,553.9048857349837,7.602399648832127,0.9765741053333332,76,6.74051481789897
2,BNC01,1,Fire Station,68.4010753,2.9653283000000004,65.43574699999999,620.3299573236579,9.479985875666063,0.8271363740740737,82,6.952693918080635
3,BNC01,1,Bank,150.0732069,2.4794449,147.593762,953.181887456504,6.45814480598783,1.110058626119402,135,6.5197614437112605
4,BNC01,1,Pawn Shop,33.415599,2.458676,30.956923,207.8324660179914,6.71360218901573,1.2332993599999995,26,6.720465551844415
5,BNC01,1,Pizzeria,51.9709559,1.8539689,50.116987,330.6588574922572,6.597740153298864,1.1793867883720923,44,6.7962535000222735
6,BNC01,1,Quattroki Restaurant,29.4021908,3.4514478,25.950743,206.69555317599807,7.964918506418028,1.1482656727272724,23,6.238589294731673
7,BNC01,1,High School,51.9289005,2.9587305,48.97017,588.7993687460884,12.023633341401274,0.6709472770270273,75,6.691205779620853
0,BNC01,2,Automobile shop,38.4571367,1.3192396999999998,37.137897,232.97833729246025,6.273331451494419,0.9357824175,41,5.8244584323115065
1,BNC01,2,Police station ,10.132285200000002,2.0842102,8.048075,117.84208466087662,14.64226969317217,0.7247353636363636,12,6.256667056841052
2,BNC01,2,Fire Station,51.428416600000006,1.6039286,49.824488,379.8857812640756,7.624479377772544,0.8974508678571428,57,5.9681975304628425
3,BNC01,2,Bank,11.202242299999998,2.9661123,8.23613,127.4770389433187,15.47778373378258,1.0226656250000004,9,6.102969865188793
4,BNC01,2,Pawn Shop,50.5470227,1.5901737,48.956849,267.910842602466,5.472387379393352,1.0867052155555554,46,5.027572461751436
5,BNC01,2,Pizzeria,13.6177116,2.2295326,11.388179,123.67110593457387,10.859603272355828,0.8067909999999999,15,6.0084912856005
6,BNC01,2,Quattroki Restaurant,25.9511032,2.9374802,23.013623000000003,228.87442627541827,9.945171443688734,0.7912142,32,5.163286962411712
7,BNC01,2,High School,31.0407001,3.1316631,27.909037,418.3493227671085,14.98974410213826,0.5610994921568626,52,6.283081908735916
0,BNC01,3,Automobile shop,22.7001167,1.5262367,21.17388,185.18215124752192,8.745782598537534,0.5684850729729731,38,5.004923006689782
1,BNC01,3,Police station ,14.4855938,1.4027498,13.082844,147.408292941093,11.267297304859174,0.6816102631578947,20,5.010067165853019
2,BNC01,3,Fire Station,10.4093308,1.7568968,8.652434,138.06413500311595,15.956681669356389,0.5568137375,17,5.720995286812867
3,BNC01,3,Bank,9.312368499999998,1.4445005,7.867868,141.9319630841755,18.039443860036226,0.7083255454545451,12,5.619507759857999
4,BNC01,3,Pawn Shop,17.193054800000002,1.3123938,15.880661000000002,128.24957084168463,8.075833294450693,0.82593794,21,4.31448894161638
5,BNC01,3,Pizzeria,25.0076351,2.2581261,22.749509,287.98348536172097,12.658887950580429,0.5644463524999999,41,6.238709232720196
6,BNC01,3,Quattroki Restaurant,26.8950192,1.1109692000000002,25.78405,414.2188673778271,16.06492647112564,0.4791297444444445,55,6.347780978938972
7,BNC01,3,High School,24.9436939,1.6112809,23.332413,456.1597675622373,19.550475450706163,0.4343374625,57,6.5233493101821
0,BNC02,1,Automobile shop,15.0162367,5.3983517,9.617885,67.2919347411967,6.996541832346374,1.3807793700000002,11,6.72919347411967
1,BNC02,1,Police station ,35.0545844,2.5624574,32.492127,194.38571949808136,5.982548310797915,1.540368857142857,22,6.630105330403984
2,BNC02,1,Fire Station,107.9076589,3.3055329,104.60212599999998,661.5864338892762,6.324789554366001,1.0358591166666666,103,6.025033758486286
3,BNC02,1,Bank,13.8399809,4.7015429,9.138438,128.6323333788093,14.07596499301186,1.0085009999999996,10,5.403633308723084
4,BNC02,1,Pawn Shop,29.4297337,3.5275907,25.902143,197.5734166253336,7.627686119458672,0.8735361275862071,30,5.417586347528838
5,BNC02,1,Pizzeria,19.7148755,5.3611365,14.353739,122.24305823345254,8.516460988558629,1.0971530769230764,14,6.273610427126179
6,BNC02,1,Quattroki Restaurant,154.17097,21.33296,132.83801,635.8127425245802,4.786376599021472,1.3956358715596326,110,5.210554827664356
7,BNC02,1,High School,10.1871661,2.0974261,8.08974,212.00473080346785,26.20661860621822,0.4424954444444443,19,6.745493306802464
0,BNC02,2,Automobile shop,7.0368027,2.6967837,4.340019000000001,61.466091720778095,14.162631942574004,0.5709486090909092,12,5.587826520070736
1,BNC02,2,Police station ,9.3195053,1.4792223000000002,7.840282999999999,128.18137364690435,16.349074854428643,0.5961391538461542,14,5.755246434239738
2,BNC02,2,Fire Station,19.638581,1.429921,18.20866,276.7549875653257,15.19908590557052,0.4553996052631575,39,6.100995032567105
3,BNC02,2,Bank,9.8330679,2.3123509,7.520716999999999,141.4659672179653,18.81017025610262,0.7823059083333331,13,5.058929116844002
4,BNC02,2,Pawn Shop,9.0622082,3.7842982,5.27791,88.69567647372256,16.80507558365386,0.9111685777777778,10,5.345006794715881
5,BNC02,2,Pizzeria,11.3750299,2.4653229,8.909707,125.82569508187196,14.122315703745585,0.5870586000000001,16,5.75204388229714
6,BNC02,2,Quattroki Restaurant,11.0483221,1.3331381,9.715184,191.8103139052302,19.74335369306749,0.4513498681818182,23,5.481684360144909
7,BNC02,2,High School,9.4582415,1.9793965,7.478845000000001,215.8023117039894,28.855031987424447,0.3492102380952381,22,5.894708719971773
0,BNC02,3,Automobile shop,9.3945757,3.2625077,6.132068000000001,72.84364206878523,11.879131488559034,0.6010954785714286,15,5.203117290627517
1,BNC02,3,Police station ,7.152444600000001,1.7915835999999998,5.360861000000001,120.2983536571938,22.44011804394738,0.4398049166666668,13,5.778400537086326
2,BNC02,3,Fire Station,9.136187500000002,2.5255345,6.610653000000001,137.4540487407385,20.792809536476724,0.5795282333333335,16,6.058915756462297
3,BNC02,3,Bank,7.2844115,1.7014795,5.582932,130.37118849238874,23.35174214774401,0.551363,11,5.049523278674164
4,BNC02,3,Pawn Shop,7.9300291,3.1457381,4.7842910000000005,88.46369721094483,18.49045077127307,0.70142751,11,4.619866053235552
5,BNC02,3,Pizzeria,9.027439,1.76387,7.263568999999999,126.23878902041032,17.379719118853323,0.4202252941176471,18,5.09687771607918
6,BNC02,3,Quattroki Restaurant,11.2010098,1.1805888,10.020421,188.4899968492251,18.810586586055123,0.3836098814814815,28,4.431953443045874
7,BNC02,3,High School,8.4579372,1.6250601999999998,6.832877000000001,211.9564966056212,31.020095430610144,0.3346920999999999,21,6.02014369527018
0,BNC03,1,Automobile shop,29.5539067,7.8037407,21.750166,63.11436488915336,2.901787732983434,3.1328267444444444,10,7.01270720990593
1,BNC03,1,Police station ,64.255701,7.750024,56.505677000000006,403.8581988464555,7.147214586004437,1.270811460000001,51,7.052918820644091
2,BNC03,1,Fire Station,24.2217939,3.4513789,20.770415,223.9862014687032,10.783905929116155,0.8227427159999999,26,7.178092476259824
3,BNC03,1,Bank,309.4609574,2.3196294,307.141328,2268.3745281434126,7.385442209663863,0.9793347361022356,314,6.981036388592973
4,BNC03,1,Pawn Shop,49.69273510000001,6.4723441,43.220391,451.9797191136503,10.457557385671274,0.7541813507936509,64,6.455623909853913
5,BNC03,1,Pizzeria,66.47893300000001,5.056596,61.422337,595.5112285633376,9.695352825200018,0.7786325714285711,85,6.641757317046365
6,BNC03,1,Quattroki Restaurant,21.3881804,4.034523399999999,17.353657,252.09989786187327,14.527191465284425,0.7001097642857138,29,6.5221947713383415
7,BNC03,1,High School,12.7286599,2.7419539000000004,9.986706,213.54305936904964,21.38273214101323,0.5479703333333334,19,6.902537163019627
0,BNC03,2,Automobile shop,10.6864767,3.1306957,7.555781,57.84627450343772,7.655896128201402,1.0794033,10,6.427363833715301
1,BNC03,2,Police station ,34.5957569,1.6179628999999998,32.977794,327.7519825097428,9.93856600928924,0.722631242222222,46,6.153777438651505
2,BNC03,2,Fire Station,11.4448448,2.6602158,8.784629,159.58478843363082,18.16636632390859,0.4811561111111111,19,6.124258184384564
3,BNC03,2,Bank,28.0336532,6.4162202,21.617433,235.4186328992831,10.890221466132594,1.001301546153846,27,5.925670365966548
4,BNC03,2,Pawn Shop,35.1590598,2.9584838,32.200576000000005,333.05057058952576,10.343000404387974,0.7101476043478262,47,6.239606655586262
5,BNC03,2,Pizzeria,52.5476841,2.8542531,49.693431,550.3699774735768,11.075306462006557,0.5970599541176471,86,5.993072221785387
6,BNC03,2,Quattroki Restaurant,19.0340696,1.9518966,17.082173,252.77733761719355,14.79772729249338,0.6039016866666668,31,6.133432195996241
7,BNC03,2,High School,14.9714546,1.7846156,13.186839,250.52995030486457,18.99848404191972,0.5406530962962963,28,5.909485580663324
0,BNC03,3,Automobile shop,8.5303567,1.8008666999999998,6.729490000000001,60.40490053505752,8.976148346317107,0.5418730499999999,15,4.314635752504109
1,BNC03,3,Police station ,39.9505734,1.4791184000000002,38.471455000000006,316.54960025343735,8.228168137998349,0.7022649884615387,53,5.061826193060383
2,BNC03,3,Fire Station,8.909758,2.437774,6.471984000000001,148.98855050761978,23.020537521047604,0.3524849444444443,19,5.742807298752177
3,BNC03,3,Bank,15.3812617,3.7626107,11.618651,160.6544253584923,13.82728729509926,1.0901345923076924,14,6.107236231990015
4,BNC03,3,Pawn Shop,55.2348831,6.749762100000001,48.485121,609.3898408377955,12.56859482392125,0.5326262175257729,98,5.869556215946589
5,BNC03,3,Pizzeria,40.7143897,2.9028567,37.811533,465.63727099484464,12.314689039316248,0.5553857736111112,73,5.928574430828696
6,BNC03,3,Quattroki Restaurant,13.2972814,3.2431004000000003,10.054181,238.9741256561336,23.768631741972182,0.4201742133333332,31,5.674360813590775
7,BNC03,3,High School,12.5216135,1.6744645,10.847149,242.4316989129223,22.349808130497912,0.4520142884615384,27,5.903050787413468
0,BNC04,1,Automobile shop,120.3598667,8.8266767,111.53319,500.1420290204944,4.48424391896703,1.5967805712328764,74,6.8512606715136215
1,BNC04,1,Police station ,48.0753251,14.7142151,33.36111,225.307064490002,6.753584173008692,1.7203278884615385,27,6.761285525128835
2,BNC04,1,Fire Station,54.01291280000001,8.701434800000001,45.31147800000001,254.80337815281803,5.6233737984185375,1.5033977333333337,31,6.6185377915077686
3,BNC04,1,Bank,79.3418514,2.4516214,76.89023,466.2354811905079,6.063650494874419,1.2783855233333337,61,6.44001539501881
4,BNC04,1,Pawn Shop,24.3113726,1.8323516,22.479021,138.84748718333464,6.176758640126482,1.4823971733333334,16,6.33083297851296
5,BNC04,1,Pizzeria,65.01949970000001,1.4859177,63.533582,343.18045028078114,5.401559922763069,1.331857160416666,49,6.139892774936257
6,BNC04,1,Quattroki Restaurant,86.5607599,2.4445219,84.11623800000001,445.98715111596186,5.302033967757353,1.4116603203389837,60,6.355371942489138
7,BNC04,1,High School,25.2498013,1.9722463,23.277555,259.310145158229,11.139921918699322,0.8534109740740745,28,6.250103979172895
0,BNC04,2,Automobile shop,14.0676467,4.6029097,9.464737,65.65607984169941,6.936915398885295,1.0698590583333332,13,5.471339986808284
1,BNC04,2,Police station ,48.311496,2.951393,45.360103,332.5131681248444,7.330520570573756,0.9308259411764708,52,5.488785153509852
2,BNC04,2,Fire Station,26.9509206,6.4027256,20.548195,146.55242902472065,7.13213150959102,1.5490036000000005,17,6.065763835112354
3,BNC04,2,Bank,20.3050487,4.166582700000001,16.138466,168.94557934719143,10.468502975883297,1.10672754375,17,5.621447159297228
4,BNC04,2,Pawn Shop,24.1382762,1.1665632,22.971713,193.6356773508196,8.429309444655678,0.9336609666666668,25,6.207786102101179
5,BNC04,2,Pizzeria,33.5341606,2.1318096,31.402351,249.6480185192176,7.949978602532581,0.9323215176470588,35,6.086285701789481
6,BNC04,2,Quattroki Restaurant,19.8327474,2.6945564,17.138191,195.03964237848203,11.38041012487736,0.93189482,21,6.3087436591533805
7,BNC04,2,High School,21.4442564,2.4236604,19.020596,241.5690449931268,12.700393036744316,0.9009697565217388,24,6.540110273675021
0,BNC04,3,Automobile shop,13.2736167,5.8712667,7.40235,64.02829627674339,8.64972559751206,1.1189776090909094,12,5.820754206976672
1,BNC04,3,Police station ,51.3045367,1.6877667,49.61677,362.8170672935896,7.312387873970627,0.9825952098039216,52,6.125372768716964
2,BNC04,3,Fire Station,41.3603641,4.8265141,36.53385,317.3728140827071,8.687089208575255,0.8793855477272726,45,6.08729204755789
3,BNC04,3,Bank,13.3678144,1.6110534,11.756761,160.11834947332926,13.619256993769731,0.9828578,14,6.170499536289788
4,BNC04,3,Pawn Shop,20.2911246,6.2704176,14.020707,143.38678050762184,10.226786745320464,1.193361225,17,5.95619824396382
5,BNC04,3,Pizzeria,15.7704394,2.9513044,12.819135,134.18043474596462,10.46719882004243,0.9086515,15,6.33463802199242
6,BNC04,3,Quattroki Restaurant,14.5548781,1.6596451,12.895233,191.66373891935416,14.863146630956894,0.7119844263157895,20,6.489333446052517
7,BNC04,3,High School,20.1664354,1.8467334,18.319702,245.19564321790327,13.384259373755276,0.7563847083333332,25,6.409260026604007
0,BNC05,1,Automobile shop,29.6765167,9.6705767,20.00594,63.33810353077429,3.165964884967879,3.021899633333333,10,7.037567058974921
1,BNC05,1,Police station ,55.165819,4.805723,50.360096,273.13763729907254,5.423691751879753,1.53162159375,33,7.072137777131899
2,BNC05,1,Fire Station,17.548568799999998,4.0142638,13.534305,130.5833108523258,9.64832038677463,1.1211092500000004,13,7.03943746655673
3,BNC05,1,Bank,54.1235492,3.6732482,50.450301,268.9626769916278,5.331240283217098,1.8615800740740749,28,7.064584185467414
4,BNC05,1,Pawn Shop,82.13744439999999,3.9653274,78.172117,490.5227665896116,6.274907030976423,1.2444624666666668,64,7.036819947788706
5,BNC05,1,Pizzeria,79.1725481,3.6946241,75.47792399999999,365.5620523125584,4.843297654987946,1.564320806521739,47,7.075349750245686
6,BNC05,1,Quattroki Restaurant,141.073918,7.610314,133.46360399999998,865.8334022823718,6.487412120853352,1.238083619469026,114,7.009600628007462
7,BNC05,1,High School,10.3050625,4.6941525,5.6109100000000005,204.0191571984205,36.36115303906505,0.3437954999999999,17,7.099831911256624
0,BNC05,2,Automobile shop,11.3660567,2.2334567,9.132599999999998,64.51050930540389,7.063761612837954,0.6998576699999999,11,6.451050930540388
1,BNC05,2,Police station ,17.3887184,3.4859794,13.902739,154.09130510539853,11.08352139138903,1.0990624933333335,16,6.467779996306695
2,BNC05,2,Fire Station,7.2153395,1.7778935,5.437446,148.97448052671396,27.39787770337654,0.3814784285714285,15,6.823204777322326
3,BNC05,2,Bank,47.8531965,2.9444715,44.908725,397.01943264186815,8.840585713396854,0.9327779489795917,50,6.372326884466074
4,BNC05,2,Pawn Shop,54.1934847,3.9586637,50.234821,327.20843650650966,6.513578231054305,1.1429667837209303,44,6.600715994246822
5,BNC05,2,Pizzeria,20.6733796,6.8886636,13.784715999999998,130.24310201848056,9.448370355869542,0.9774639285714286,15,6.083474252978093
6,BNC05,2,Quattroki Restaurant,13.645117,4.229244,9.415873,193.86719812847124,20.58940239831944,0.6801571111111111,19,6.717550540080972
7,BNC05,2,High School,8.3056201,1.7988461,6.506774000000001,210.03831300809517,32.27994594680791,0.3758710588235295,18,6.971350502052884
0,BNC05,3,Automobile shop,6.4444217,1.3244676999999998,5.119954,63.36553313341901,12.376191882469843,0.6003904111111112,10,7.0406147926021125
1,BNC05,3,Police station ,6.8826237,1.2438356999999998,5.638788,121.49221341669974,21.545802647075885,0.4370664699999999,11,6.824238749201713
2,BNC05,3,Fire Station,6.8400473,1.5065982999999998,5.333449,141.310353797408,26.49511672417005,0.3741182142857143,15,6.649683927147136
3,BNC05,3,Bank,7.3190188,3.6039708,3.715048,127.96217087985592,34.44428467138404,0.87404585,9,6.12383359011842
4,BNC05,3,Pawn Shop,9.2565192,1.5764722,7.680046999999999,127.7058912212059,16.628269491216123,0.6061208714285715,15,6.361298477886648
5,BNC05,3,Pizzeria,7.6320512,3.2431912,4.38886,116.76962527550526,26.60591253207103,0.3306992307692308,14,6.011824035627445
6,BNC05,3,Quattroki Restaurant,7.603692899999999,1.4651109,6.138582,185.04262849908,30.144197552314203,0.3703360500000001,19,6.479393284781984
7,BNC05,3,High School,6.7217284,2.0141134000000003,4.707615,200.54436459908217,42.5999926924955,0.2700409999999999,18,6.505896905088701
0,BNC07,1,Automobile shop,24.5805867,15.3934967,9.18709,59.13441421837795,6.436686069079323,2.37467467,11,5.913441421837796
1,BNC07,1,Police station ,52.3809693,7.7082943,44.672675000000005,348.48324563312576,7.800814382239831,1.041361904081633,50,6.057295115924528
2,BNC07,1,Fire Station,73.8806766,4.9446806,68.935996,474.8708478054305,6.888576003245539,0.975736898630138,74,5.849611858243164
3,BNC07,1,Bank,85.04027669999999,20.0066667,65.03361,381.968951781494,5.873408408075362,1.520375975471698,54,5.719586660276993
4,BNC07,1,Pawn Shop,18.013332700000003,5.1180017,12.895331000000002,158.00466026292708,12.252858050943171,0.9026870368421052,20,5.73800995895612
5,BNC07,1,Pizzeria,31.950921,13.083041,18.86788,169.40951676103273,8.978725578127099,0.7477800000000003,26,5.139249707726401
6,BNC07,1,Quattroki Restaurant,114.484189,10.916509,103.56768,735.9513194989632,7.1059940658993535,0.926443270491804,123,5.464539841228018
7,BNC07,1,High School,35.6790478,14.303557799999998,21.37549,239.4101647507852,11.200218790342827,0.9819190799999996,36,4.118137410769294
0,BNC07,2,Automobile shop,11.9197567,5.6482717,6.271485000000001,58.2673611745319,9.290839597723966,1.023667972727273,12,5.297032834048354
1,BNC07,2,Police station ,23.7633941,1.9654511,21.797943,205.8832218335289,9.445075704323516,0.6961529354838709,32,4.979221961933635
2,BNC07,2,Fire Station,69.429521,1.6525949999999998,67.776926,559.9345358785,8.261433041069168,0.6818998099999996,101,5.131059949781901
3,BNC07,2,Bank,15.8252514,2.3742534,13.450998,130.8188626742438,9.72558784665969,1.396438581818182,12,4.550642939774792
4,BNC07,2,Pawn Shop,11.3190914,2.2291164,9.089975,124.20335193280496,13.6637726652499,0.6189460235294117,18,4.858987075859197
5,BNC07,2,Pizzeria,16.708130999999998,1.270847,15.437283999999998,178.25724968251663,11.547189886674149,0.6498989199999999,26,5.507656098716354
6,BNC07,2,Quattroki Restaurant,30.9163061,1.9236211,28.992685,291.7369563418926,10.06243320830384,0.5464141499999995,55,4.1171579423236935
7,BNC07,2,High School,9.9579328,1.7916758000000002,8.166257,220.40914130194395,26.990228363122046,0.3332676250000001,25,5.2814891502009145
0,BNC07,3,Automobile shop,4.9680117,1.7730277,3.194984,59.94490746465277,18.762193320734244,0.3543806692307693,14,4.611146728050213
1,BNC07,3,Police station ,23.0694636,1.6875406000000002,21.381923,189.4816842110965,8.861770019988219,0.7682179517241382,30,4.726528144481825
2,BNC07,3,Fire Station,19.4925217,1.2012587,18.291263,220.7865989061651,12.070604359369012,0.4839578641025642,40,4.414502236649497
3,BNC07,3,Bank,8.7776787,1.2988557,7.478823,142.17361346196606,19.01015887954108,0.6162438333333333,13,5.308724915239003
4,BNC07,3,Pawn Shop,8.7497416,1.2699526,7.479789,132.79779190379168,17.75421631596716,0.4418976444444444,19,5.187676270824085
5,BNC07,3,Pizzeria,41.082884500000006,4.2503245,36.83256,382.2686153541808,10.378551351146395,0.5596775069444442,73,4.757141490427558
6,BNC07,3,Quattroki Restaurant,9.3887061,1.2363391,8.152367000000002,191.3982862374752,23.47763370288349,0.4026585500000001,23,5.630363424608162
7,BNC07,3,High School,11.0819914,1.5624084,9.519583,207.1542563282585,21.76085405508397,0.4609717333333332,22,5.53645488556464
0,BNC08,1,Automobile shop,15.6672667,6.7496587,8.917608000000001,69.18608729207338,7.758368308191319,1.228454881818182,12,6.2896442992794
1,BNC08,1,Police station ,81.316576,3.130474,78.18610199999999,662.3218897563901,8.47109489812384,0.7837427745098043,103,5.938809995487932
2,BNC08,1,Fire Station,12.9373388,4.2431618,8.694177,135.52926929005602,15.588510481217028,0.5725196666666671,16,5.954008115434108
3,BNC08,1,Bank,38.5194176,2.2637196,36.255698,313.9411199833318,8.659083600688968,0.8939423052631578,39,6.17837219855547
4,BNC08,1,Pawn Shop,25.2779089,4.1533699,21.124539,202.8754717416024,9.60378220521652,0.9468708423076924,27,5.95465717845582
5,BNC08,1,Pizzeria,18.9167589,2.6110609,16.305698,126.413740421416,7.752734070103347,1.0121786875,17,5.275199593375314
6,BNC08,1,Quattroki Restaurant,193.107514,2.909751,190.197763,1825.6722538260128,9.59881033840557,0.6200478957654728,308,5.717211322423689
7,BNC08,1,High School,16.805638300000002,3.5625813,13.243057,262.3932969107764,19.813650044002404,0.5064742862068967,30,5.892469289118174
0,BNC08,2,Automobile shop,16.514316700000002,4.8612547,11.653062,94.13042419194524,8.077741643522128,0.9138508647058824,18,5.53708377599678
1,BNC08,2,Police station ,10.5487525,3.2220235,7.326729000000001,113.80150351830792,15.532375159270652,0.9285847727272724,12,5.662351196671774
2,BNC08,2,Fire Station,7.506717,1.6319069999999998,5.874810000000001,135.77130162950576,23.11075619969084,0.3846876,16,5.813113111459559
3,BNC08,2,Bank,90.0889763,1.7362663,88.35271000000002,904.2897378755443,10.2349971820394,0.5928184952702702,149,5.575454283245492
4,BNC08,2,Pawn Shop,51.3878777,2.2570897000000003,49.130788,538.7420730022187,10.965467783708634,0.5301911652631581,96,5.20424102508756
5,BNC08,2,Pizzeria,29.937009000000003,3.902711,26.034298,352.6080892151076,13.543982987945656,0.5217422222222223,55,5.790816606200428
6,BNC08,2,Quattroki Restaurant,21.2843612,1.7156822,19.568679,411.4613783267637,21.02652807206678,0.3357205866666667,61,5.6770407567958
7,BNC08,2,High School,45.0830595,2.1382825000000003,42.944777,639.342398497858,14.887547291207447,0.4593508906249999,97,5.702415290537608
0,BNC08,3,Automobile shop,14.579336700000002,4.3847507,10.194586,82.69948467644183,8.112098389914198,0.9219567133333334,16,5.513298978429455
1,BNC08,3,Police station ,6.6727101,3.1112291,3.561481,107.16012477695148,30.088641432300637,0.3495263999999998,11,5.425679302181151
2,BNC08,3,Fire Station,7.896625800000001,2.8692278000000004,5.027398000000001,136.73573956934814,27.19811313314524,0.3282362000000001,16,5.925478783369899
3,BNC08,3,Bank,7.5142119,1.5627829,5.951429,128.9385068488814,21.66513401216437,0.6542845555555556,10,5.506150706698503
4,BNC08,3,Pawn Shop,37.4295569,1.7428049,35.686752,358.20545427504885,10.037491063211604,0.5925012396551722,59,5.47062228125102
5,BNC08,3,Pizzeria,14.8678472,2.3053562000000003,12.562491,203.7346456034101,16.2176948507593,0.3982860000000001,32,5.268568467953892
6,BNC08,3,Quattroki Restaurant,34.6238791,1.5485201,33.075359,534.3070223477262,16.154231987254505,0.3709782999999997,88,5.328082916629269
7,BNC08,3,High School,30.9231654,2.5978574,28.325308,440.680642904296,15.557841168198278,0.45904850625,65,5.467559009495486
0,BNC09,1,Automobile shop,32.4661067,8.9946257,23.471481,58.16077128270571,2.477933594505848,2.7987053363636365,12,5.287342843882337
1,BNC09,1,Police station ,86.484026,4.208341,82.275685,222.74689528651507,2.7073234976593032,2.942858896551725,30,5.962886535413048
2,BNC09,1,Fire Station,387.549516,6.673329,380.876187,1234.063181057753,3.2400638926207086,2.1649235397727264,177,6.732740339483976
3,BNC09,1,Bank,33.651989,2.451258,31.200731,135.63244606841053,4.347091934109189,2.7947237777777776,10,6.275714100261941
4,BNC09,1,Pawn Shop,186.7085469,1.9852589,184.72328800000005,557.1793367778556,3.016291788709692,2.2289063890243903,83,6.308062732098765
5,BNC09,1,Pizzeria,49.2213441,5.165726099999999,44.055618,150.76354832264792,3.4221185666411014,2.197314005263158,20,5.787424514124321
6,BNC09,1,Quattroki Restaurant,180.6927633,2.3123593,178.380404,520.913144720448,2.920237498287357,2.104863780000001,86,5.257225107142165
7,BNC09,1,High School,26.9989959,3.9781149,23.020881,208.54047347661785,9.058752941584547,1.0633551772727272,23,5.463039068351642
0,BNC09,2,Automobile shop,19.7310067,7.0439067,12.6871,57.29845298210278,4.5162766102657645,1.4366298999999998,14,4.407573306315598
1,BNC09,2,Police station ,35.19369210000001,1.8682581,33.325434,181.46487386746728,5.445236628200169,1.4317606130434783,24,5.711385495695946
2,BNC09,2,Fire Station,63.97797390000001,2.9448459,61.033128,203.89352518227724,3.34070253096445,1.828819967647059,35,4.720214162941018
3,BNC09,2,Bank,23.2079433,3.1179423,20.090001,171.27966473878155,8.525617531765258,1.1250200166666664,19,5.1257805967016274
4,BNC09,2,Pawn Shop,50.943704,2.458125,48.485579,128.2283710202276,2.644670305375287,1.724775333333333,28,3.150366648252691
5,BNC09,2,Pizzeria,66.15885320000001,7.569577199999999,58.589276,238.364296708074,4.068394644577516,1.3828200933333328,46,4.416071243544832
6,BNC09,2,Quattroki Restaurant,64.5817157,2.0832257,62.49849,353.91423132726305,5.662764513626858,1.280820320408163,50,5.758288705560437
7,BNC09,2,High School,15.958213,1.9947220000000003,13.963491,211.90673759260116,15.175770700364335,0.6090257368421053,20,6.504872740805726
0,BNC09,3,Automobile shop,11.5499367,1.8775957000000003,9.672341,63.97814455270537,6.614546008324704,0.6082103352941175,18,3.763420267806199
1,BNC09,3,Police station ,33.4022886,2.0480106,31.354278,187.317307571895,5.974218496496556,1.1128033214285713,29,4.823351665252381
2,BNC09,3,Fire Station,61.3595819,1.7637169,59.595865,308.39258679240714,5.174731280306228,1.1404181326923073,53,5.016090943674273
3,BNC09,3,Bank,13.4997712,2.9166072000000005,10.583164,134.29153638871878,12.689167094898917,0.8747194166666663,13,4.631741378174641
4,BNC09,3,Pawn Shop,156.7439507,1.6528497,155.09110099999998,737.8687417615715,4.757647195770256,1.0741272426573432,144,4.881974818559469
5,BNC09,3,Pizzeria,17.0485727,4.7569257,12.291647,151.2353884578399,12.30391569639446,0.7556627952380952,22,5.360554410777618
6,BNC09,3,Quattroki Restaurant,67.66645640000002,1.8681884,65.79826800000001,397.1130587338548,6.0353117309084,0.9945110818181822,67,4.954298620911035
7,BNC09,3,High School,19.2424089,2.6792799000000005,16.563129,208.97318080143597,12.616769500583851,0.7459453636363638,23,5.450202390943659
0,BNC11,1,Automobile shop,27.3735567,10.0336867,17.33987,61.84143957465874,3.566430404302843,2.8363074111111115,10,6.871271063850971
1,BNC11,1,Police station ,89.61666649999998,7.638844499999999,81.97782199999999,445.8871844677234,5.439119673949419,1.5451208859649124,58,6.945871112917418
2,BNC11,1,Fire Station,13.8468541,3.9029531,9.943901,141.18798081404788,14.198449965868312,0.82171525,13,7.071877391393627
3,BNC11,1,Bank,15.2912779,2.6040399,12.687238,135.55843655895478,10.684629433053496,1.579326,9,7.101146717141914
4,BNC11,1,Pawn Shop,58.24181039999999,2.6526074,55.589203,288.4699707563932,5.189316543293366,1.5430173828571432,36,7.029455935331556
5,BNC11,1,Pizzeria,40.1174357,6.1246847,33.992751,227.2730073684789,6.685925695407204,1.300357884615384,27,7.198132444234687
6,BNC11,1,Quattroki Restaurant,108.9699987,6.3121147,102.657884,666.4225896008005,6.491684453585664,1.2236846317647057,86,7.007502517391968
7,BNC11,1,High School,20.3121235,4.208313500000001,16.10381,235.42227773242564,14.61904218519876,0.7982713499999997,21,7.185054671412814
0,BNC11,2,Automobile shop,12.9617167,4.2122707,8.749446,61.45359582958703,7.023712796168698,1.2658179666666665,10,6.828177314398559
1,BNC11,2,Police station ,21.2704488,2.0073728,19.263076,202.7640857670825,10.526049202478488,0.9503811809523806,22,7.161347701550675
2,BNC11,2,Fire Station,9.4028331,2.2293841,7.173449,135.6474515315547,18.90965580595258,0.5448510769230768,14,6.8956284305206506
3,BNC11,2,Bank,27.8465499,2.0070919,25.839458,190.8452803465102,7.385808183225445,1.6080176874999998,17,6.917882914842706
4,BNC11,2,Pawn Shop,14.638597099999998,4.0763461,10.562250999999998,105.55645765155766,9.99374637580168,1.4839802333333332,10,7.099489739789662
5,BNC11,2,Pizzeria,18.5341971,2.1112161,16.422981,158.6539240114208,9.660482710868434,0.9590738823529408,18,6.962959778567021
6,BNC11,2,Quattroki Restaurant,25.5967064,4.1040814,21.492625,187.30049944219536,8.714640461190541,1.4179181411764703,18,7.013377438209507
7,BNC11,2,High School,13.6737945,2.0418345,11.63196,205.63227113958047,17.678213399941235,0.7200595,17,7.125581662788111
0,BNC11,3,Automobile shop,7.3602567,2.1524197,5.207837,59.87804679024563,11.497680666703976,0.6835561888888886,10,6.653116310027292
1,BNC11,3,Police station ,10.5829287,0.4445324,10.1383963,134.04910363079966,13.221923829392985,0.7181453666666663,13,6.90877540797629
2,BNC11,3,Fire Station,7.4442226,1.5834146,5.8608080000000005,139.31489298528732,23.770594939347493,0.4439786153846153,14,6.907962294733358
3,BNC11,3,Bank,8.916468700000001,2.6805727,6.235896,128.26608965882795,20.568991153609357,0.8838872857142855,8,6.947607151326375
4,BNC11,3,Pawn Shop,9.9650148,1.9932358,7.971779,102.38905198175014,12.843940101920806,0.961902311111111,10,6.84096079930077
5,BNC11,3,Pizzeria,16.7358367,2.0141397000000003,14.721697,161.5916946729219,10.976431227522337,0.8590684705882354,18,7.086427540737944
6,BNC11,3,Quattroki Restaurant,14.7286445,2.0624075,12.666237,194.6132653935319,15.364726350338456,0.7639198055555556,19,6.896582805860468
7,BNC11,3,High School,12.0760326,1.7085666,10.367466,203.9193007371321,19.66915548477633,0.6410081874999999,17,7.121140928031536
0,BNC12,1,Automobile shop,64.1498667,9.8882867,54.26158,310.4310463868197,5.721010084609031,1.3225838895833328,49,6.467313466392077
1,BNC12,1,Police station ,24.7564738,3.5555048,21.200969,195.47732280961196,9.220207001369229,1.1017155619047625,22,6.5408488257153214
2,BNC12,1,Fire Station,38.9646119,3.7283339,35.236278,433.7853316834022,12.31075914667838,0.6606697051724136,59,6.552634608177741
3,BNC12,1,Bank,195.9684545,2.5626325000000003,193.40582200000003,1544.2810554744,7.984666849762153,0.8545574162995594,228,6.4388126947494655
4,BNC12,1,Pawn Shop,45.56113619999999,1.9164572,43.644679,554.2313315971844,12.698714810050143,0.5374568506329114,80,6.505718809078834
5,BNC12,1,Pizzeria,13.5764397,4.0557287,9.520711,125.85020203581774,13.21857181000639,0.6731358571428572,15,6.042693555716887
6,BNC12,1,Quattroki Restaurant,8.4927502,2.4236962,6.069054,193.76060956127387,31.92599860888927,0.4057040631578948,20,6.374583963480232
7,BNC12,1,High School,14.8191568,2.5346998,12.284457,237.86642447416364,19.36320217280777,0.5049258333333334,25,6.105818905342079
0,BNC12,2,Automobile shop,11.4461467,3.2567687000000003,8.189378,81.43418989550887,9.943879730000113,0.6208106692307692,14,6.264168453500682
1,BNC12,2,Police station ,10.5855351,1.4514031,9.134132,154.53549640550628,16.918465422385648,0.6450630066666666,16,6.289088114954819
2,BNC12,2,Fire Station,6.1702363,1.7130533,4.457183,141.7980581270233,31.813380363117982,0.420424307142857,15,6.606198593237656
3,BNC12,2,Bank,5.0077563000000005,1.4453723,3.562384,132.51105729433633,37.197297454271165,0.3888707777777778,10,5.84012606397377
4,BNC12,2,Pawn Shop,8.978761299999999,1.0416733,7.937088,128.52005385882882,16.19234332022384,0.5183118312499999,17,5.58590001619851
5,BNC12,2,Pizzeria,10.6875165,1.4653405,9.222176,169.97098939531176,18.43068158700417,0.440244659090909,23,5.859132087291806
6,BNC12,2,Quattroki Restaurant,7.0759475,1.2975795,5.778368,191.67935299172,33.171883997647775,0.3417254473684211,20,6.312365594349655
7,BNC12,2,High School,8.5748992,0.1944426,8.380456599999999,208.66491618876185,24.89899132569482,0.3528130300000001,21,5.854754833709736
0,BNC12,3,Automobile shop,5.3547337,1.6942407000000002,3.660493,57.65985973715034,15.751938259996766,0.4045553083333333,13,4.804988311429195
1,BNC12,3,Police station ,5.5552286,1.2778176,4.277411000000001,123.07524239080352,28.77330291402989,0.3494926666666666,13,5.865946008874787
2,BNC12,3,Fire Station,8.346983700000001,1.0762317,7.270752000000001,156.08697394617485,21.467789569246047,0.4424127055555556,19,6.019085151935548
3,BNC12,3,Bank,5.437472099999999,1.0835371,4.353934999999999,128.70522128242413,29.560666680238487,0.5373202499999999,9,5.980256394785138
4,BNC12,3,Pawn Shop,5.492861700000001,0.7430674,4.7497943000000005,127.1024020313431,26.75955925740681,0.3416857066666666,16,5.807644031692584
5,BNC12,3,Pizzeria,7.548043099999999,1.5552590999999998,5.992784,120.85819133921318,20.16728641299489,0.5192216230769231,14,6.26380545838953
6,BNC12,3,Quattroki Restaurant,8.9096159,0.6596762,8.2499397,193.13472824453385,23.41044119928947,0.3656138249999999,21,6.27515134505146
7,BNC12,3,High School,7.923396200000001,1.6044842,6.318912,220.6050296741742,34.911869270243706,0.2676921304347827,24,5.497179553581332
0,BNC23,1,Automobile shop,23.963986700000003,12.3802267,11.583760000000002,63.901681933454135,5.5164887681939305,2.060937881818182,12,5.809243812132195
1,BNC23,1,Police station ,36.401862900000005,2.0832019,34.318661000000006,214.62177024588615,6.25379207673301,1.1541146741935489,32,5.177602520362304
2,BNC23,1,Fire Station,9.8473201,3.6181061,6.229214,146.75282770440333,23.558803358562304,0.3824248124999998,17,5.836121501086466
3,BNC23,1,Bank,254.0276005,4.2962155,249.731385,1963.395762565792,7.862030487540811,0.8171622548701301,309,6.1134841766191546
4,BNC23,1,Pawn Shop,156.7391836,2.888466600000001,153.850717,809.9164421732145,5.264300732334022,1.110999604285714,141,5.5114187624385815
5,BNC23,1,Pizzeria,20.4303283,6.833255299999999,13.597073000000002,168.2693420321394,12.375409180500789,0.6729254000000001,21,6.403074125459644
6,BNC23,1,Quattroki Restaurant,24.5966491,7.103837100000001,17.492812,264.47951941317785,15.11932555001322,0.8105495551724137,30,6.69822160306683
7,BNC23,1,High School,16.6457195,2.1599345,14.485785,320.7616279775038,22.143199555806177,0.3622574027777777,37,6.354378358607743
0,BNC23,2,Automobile shop,9.4305077,3.9933637,5.437144,60.82771802933764,11.187439219806876,0.7169951416666667,13,5.068976502444803
1,BNC23,2,Police station ,9.8188667,1.5833957,8.235471000000002,142.76383224780847,17.33523586541783,0.5078060625000002,17,5.631101166060933
2,BNC23,2,Fire Station,5.8815899,2.1804799,3.70111,140.35321019010277,37.92192347433683,0.2397789333333334,16,6.110154637306114
3,BNC23,2,Bank,10.7494859,3.5759389,7.173546999999999,156.29383525856286,21.787525091640564,0.5052902857142859,15,5.44292726935358
4,BNC23,2,Pawn Shop,77.44967060000002,2.9372776,74.51239300000002,840.4912758089281,11.279885693765436,0.5653637955223882,135,5.981533657969923
5,BNC23,2,Pizzeria,14.1387516,6.3473476,7.791404000000001,138.52294202354207,17.778944850445704,0.8172983500000002,17,6.197613119211223
6,BNC23,2,Quattroki Restaurant,9.8537611,1.9235771,7.930184,186.6103194599684,23.53165064769852,0.4312632049999999,21,5.800177022015206
7,BNC23,2,High School,8.9648746,1.8680786,7.096796,218.2683258212666,30.75589686124085,0.3310012857142856,22,6.102701129541802
0,BNC23,3,Automobile shop,6.0144397,1.7855887,4.228851,60.69476938245171,14.352543842866943,0.4039630583333333,13,5.057897448537641
1,BNC23,3,Police station ,4.8470408,2.3678958,2.4791450000000004,102.69339411088129,41.42290753904321,0.2684968888888888,10,5.669320152335005
2,BNC23,3,Fire Station,8.451209899999998,1.4791119,6.972097999999999,142.97716662668168,20.507050621876186,0.4286132499999999,17,6.078032897595591
3,BNC23,3,Bank,10.798484900000002,3.1520659,7.646419000000001,138.54392756473553,18.11879882134833,0.8087407181818184,12,5.156440990664989
4,BNC23,3,Pawn Shop,14.7562295,3.0345035000000005,11.721726,138.91602940764673,11.851158217454216,0.7209772058823527,18,5.8271620645809055
5,BNC23,3,Pizzeria,8.381904800000001,2.8541928,5.527712000000001,131.11053601901264,23.71877116952052,0.3616247333333333,16,6.139991688240439
6,BNC23,3,Quattroki Restaurant,8.1384945,1.6316545,6.50684,191.19697785197772,29.38399866171256,0.3406255952380953,22,5.5699296590037095
7,BNC23,3,High School,7.715132,1.652948,6.062183999999999,217.3328050750152,35.85057878068616,0.2816319523809524,22,6.048030999132274
0,BNC26,1,Automobile shop,23.6029967,5.3118267,18.29117,63.60196284259484,3.477194889260492,2.448207188888889,10,7.066884760288314
1,BNC26,1,Police station ,62.1375035,2.4929925,59.644511,336.1997650767774,5.636725986013657,1.5243447874999998,41,7.089017709583598
2,BNC26,1,Fire Station,13.8469132,2.9721532,10.874759999999998,141.74454627537526,13.034268919532504,0.8295770769230766,14,7.2135700115898835
3,BNC26,1,Bank,20.3190991,2.1252091,18.19389,133.66282926070613,7.346577848976011,2.267381875,9,6.740489643288587
4,BNC26,1,Pawn Shop,27.902236700000003,4.8540507,23.048186,192.55346770889452,8.354387096185988,1.119825986956522,24,6.633365159571058
5,BNC26,1,Pizzeria,78.2138538,3.3401438000000003,74.87370999999999,413.82509818174896,5.526974664161146,1.374743941818182,56,6.649072041474552
6,BNC26,1,Quattroki Restaurant,18.3258176,2.8472806,15.478537,196.85816680355103,12.7181378190685,0.9119324000000002,20,6.57019604177774
7,BNC26,1,High School,46.207629,4.951471000000001,41.256158,318.57867206705043,7.72196655023113,1.1839899189189191,38,6.1138660439833545
0,BNC26,2,Automobile shop,11.5701667,2.5908927,8.979273999999998,62.8721679149546,7.001921081253854,0.814659669230769,14,4.836320608842661
1,BNC26,2,Police station ,15.9646851,2.9515621000000003,13.013123,137.11325723477734,10.536537404186324,0.922542142857143,15,5.913722235274361
2,BNC26,2,Fire Station,9.7773067,2.7780627,6.999244,132.06877153770694,18.86900521509279,0.4930596428571427,15,6.076625205816908
3,BNC26,2,Bank,7.7638638,2.1111768,5.652687,131.70766048912492,23.300009444910877,0.6210810000000001,10,5.861541509183724
4,BNC26,2,Pawn Shop,16.124595,4.797799,11.326796,125.89076237648072,11.114419503669062,1.1160359285714292,15,6.0809527070243234
5,BNC26,2,Pizzeria,47.9854162,4.4582302,43.527186,289.44638581774194,6.649784018147692,1.2573163666666674,37,6.93444972337985
6,BNC26,2,Quattroki Restaurant,11.6799753,1.6597583,10.020217,191.9499806093664,19.15626983022088,0.5316503315789475,20,6.503672132520354
7,BNC26,2,High School,13.9022801,2.0139361,11.888344,211.057973040084,17.753353456131823,0.6924060000000001,18,6.998033331157967
0,BNC26,3,Automobile shop,6.2009777,1.8680707000000003,4.332907,58.79218117236782,13.568761381762364,0.5740601888888889,10,6.532464574707536
1,BNC26,3,Police station ,10.0403458,2.0971948000000005,7.9431509999999985,121.36473124963273,15.27916707735164,0.6548944166666666,13,6.016226778059099
2,BNC26,3,Fire Station,8.4797256,1.9384866,6.541239,135.4943983837774,20.71387368414109,0.4962546923076922,14,6.777118267452398
3,BNC26,3,Bank,9.7707668,2.2215378,7.549228999999999,135.66800918799393,17.971107935392336,0.936754375,9,6.94815246641989
4,BNC26,3,Pawn Shop,9.7216909,2.8817709,6.83992,89.40633372656448,13.071254302179629,0.9559534142857145,8,6.7771700212975565
5,BNC26,3,Pizzeria,10.6665368,2.3475208,8.319016,125.19574863062384,15.049345815733956,0.6863960833333334,13,7.172060518353612
6,BNC26,3,Quattroki Restaurant,8.2704627,1.2638687000000002,7.006594000000001,188.6719488278781,26.927769587887937,0.4000784277777778,19,6.630872219078745
7,BNC26,3,High School,8.6108882,1.5764632,7.034425,204.7643404781836,29.108895251308187,0.4327341249999998,17,7.077328869765578
0,BNC27,1,Automobile shop,156.2020667,5.1070237,151.095043,817.9635226879269,5.413569541708439,1.108609381884058,139,5.927271903535703
1,BNC27,1,Police station ,29.2220142,3.9933442,25.22867,185.2680275985791,7.343551110644322,1.178214914285714,22,5.926875916629052
2,BNC27,1,Fire Station,46.3047194,0.2985136,46.0062058,399.0133963761713,8.673034201315756,0.924966981632653,50,7.060332826215312
3,BNC27,1,Bank,32.3258273,3.0762743,29.249553,225.65023150249735,7.714655724909621,1.2117950416666667,25,6.024431638244328
4,BNC27,1,Pawn Shop,73.1860576,1.7914476,71.39461,561.9118235454022,7.870507641198714,0.8461946857142857,85,6.11488309219546
5,BNC27,1,Pizzeria,39.3047106,2.4304716,36.874239,238.1710306456553,6.459008703763494,1.1488064121212116,34,5.981536039216255
6,BNC27,1,Quattroki Restaurant,16.0137153,2.8057653,13.20795,191.0219653799853,14.462650553642714,0.7337705380952384,22,5.832501216608192
7,BNC27,1,High School,13.5343884,5.9237154,7.610672999999999,204.49199557193413,26.86910810278331,0.4158836666666665,19,6.308693041664045
0,BNC27,2,Automobile shop,11.2172767,5.4743847,5.742891999999999,58.57094112822814,10.198858193437758,1.03447817,11,5.857094112822813
1,BNC27,2,Police station ,12.3330924,2.5070514,9.826041,122.69089561867918,12.486299987826143,1.0188580363636364,12,6.505823924024127
2,BNC27,2,Fire Station,12.3331081,2.5617831,9.771325,136.36432977542654,13.955561786700018,0.6916357400000002,16,5.939201790075368
3,BNC27,2,Bank,45.8674509,1.7701149,44.097336,393.1004526014096,8.91438096399768,0.8963328755102041,50,6.398579122368449
4,BNC27,2,Pawn Shop,14.2634628,1.5693568,12.694106,121.01066607767008,9.532823034380684,0.8531078428571428,15,5.72220792910077
5,BNC27,2,Pizzeria,11.1041996,3.7153186,7.388881,122.1199776736556,16.5275334213199,0.7037163733333334,16,5.627393064041509
6,BNC27,2,Quattroki Restaurant,15.8537412,1.5346402,14.319101,240.514371150851,16.796750798171686,0.4116055586206897,30,5.951895197857126
7,BNC27,2,High School,11.1039024,1.7082513999999998,9.395651,231.70676394833583,24.661065417216527,0.4405273809523808,22,6.629499063659556
0,BNC27,3,Automobile shop,5.9278067,1.2547677000000002,4.673038999999999,58.78892233545845,12.58044761352483,0.4234655583333334,13,4.899076861288205
1,BNC27,3,Police station ,7.652925700000001,1.5148937,6.138032,121.93647750850812,19.865728544345828,0.5045327500000001,13,6.045077477363247
2,BNC27,3,Fire Station,5.6946089,1.4033979,4.2912110000000006,141.1412311992232,32.89076934208623,0.3611113933333332,16,6.262856906486614
3,BNC27,3,Bank,5.9096457,1.2357317,4.673913999999999,140.6715000655438,30.09715199414106,0.47292677,11,6.030426585722665
4,BNC27,3,Pawn Shop,7.943866999999999,1.353986,6.589881,124.40313304948022,18.877902810305716,0.4309877142857142,15,6.032088742015927
5,BNC27,3,Pizzeria,7.3612367,2.3474947,5.013742,118.86361961853711,23.707566049177863,0.5036807461538462,14,6.163308046352311
6,BNC27,3,Quattroki Restaurant,9.9159995,0.9513197,8.964679799999999,184.28816351357696,20.557138417099623,0.3799048999999998,25,4.901347798801309
7,BNC27,3,High School,10.5963527,1.8266857,8.769666999999998,219.3223982465425,25.009204824600808,0.410764238095238,22,6.14899326992018
0,BNC28,1,Automobile shop,11.1127567,4.8411257,6.271631,58.93425952078901,9.39695902402246,1.3386118375000002,9,7.3667824400986275
1,BNC28,1,Police station ,35.1943198,2.4306458,32.763674,270.96887892206456,8.270405783004206,1.01079124375,33,6.987836877109741
2,BNC28,1,Fire Station,8.541219,1.909151,6.632068,144.1072658267324,21.728858302829885,0.4667912142857143,15,6.532451892685443
3,BNC28,1,Bank,7.409466199999999,1.9997372,5.409729,126.50063470894438,23.383913447225247,0.7657908571428571,8,6.656143559631441
4,BNC28,1,Pawn Shop,26.3812569,1.6110289,24.770228,264.44642900384576,10.675978800188911,0.7223862393939395,34,6.846625664585901
5,BNC28,1,Pizzeria,30.5063886,3.9236386,26.58275,164.78910222540384,6.19909912350693,1.3892685047619049,22,5.940218107054444
6,BNC28,1,Quattroki Restaurant,30.1730681,2.8681201,27.304948,328.89858621044147,12.045384089742324,0.7267273274999997,41,6.484948038297529
7,BNC28,1,High School,39.325523700000005,4.7642107,34.561313,343.8287279943042,9.948369959043632,1.008923176315789,39,6.619533815269248
0,BNC28,2,Automobile shop,10.7541967,4.5452887,6.208908,63.79425854576392,10.27463421035775,0.97887157,11,6.379425854576391
1,BNC28,2,Police station ,12.5756479,1.5415729000000002,11.034075,181.4814380361496,16.44736310349074,0.6065537449999999,21,6.383867420820765
2,BNC28,2,Fire Station,8.208018500000001,2.4581355,5.7498830000000005,136.91631408724737,23.81201740752766,0.5213289,16,5.952756547524042
3,BNC28,2,Bank,6.3122356,1.6805556,4.63168,130.26996969741998,28.12585707506131,0.572048375,9,6.232303417844982
4,BNC28,2,Pawn Shop,25.853772300000003,1.8474923,24.00628,274.00715010456094,11.413977930131654,0.6250371131578948,39,6.0142563474030135
5,BNC28,2,Pizzeria,11.4098395,2.4028265,9.007013,127.73335415843827,14.181544332004217,0.5729378214285715,15,6.135966926102562
6,BNC28,2,Quattroki Restaurant,9.6385065,1.6934875,7.945018999999999,190.1709711278944,23.935873674801083,0.3761730217391304,24,5.2371077256815
7,BNC28,2,High School,23.2911032,3.770686200000001,19.520417,304.8383881384707,15.61638709554569,0.520623783783784,38,5.716013717552821
0,BNC28,3,Automobile shop,6.4839767,1.6291187,4.854857999999999,64.2767069150484,13.239667754453045,0.4787922454545454,12,5.843336992277125
1,BNC28,3,Police station ,22.4717354,1.2708164,21.200919,269.40415257804506,12.70719220134019,0.5732206864864866,38,5.76016578090699
2,BNC28,3,Fire Station,6.7705377,1.6182167,5.152321,134.93661491525722,26.189481384264923,0.3610855,15,6.355883634978541
3,BNC28,3,Bank,4.7706045,1.3401255,3.4304790000000005,124.0075755291676,36.14876392747706,0.4219129999999999,9,5.525722889495373
4,BNC28,3,Pawn Shop,144.9136319,1.2085669,143.70506500000002,1305.4908262334318,9.08451505333811,0.7058374054455444,203,6.26233025756351
5,BNC28,3,Pizzeria,16.0272095,1.8055305,14.221679000000002,242.91728299520852,17.080773866096155,0.4782187068965518,30,6.703003972832976
6,BNC28,3,Quattroki Restaurant,15.2498433,2.5557663,12.694077,201.27676631800463,15.855959146774095,0.6732755149999999,21,6.471413309800245
7,BNC28,3,High School,9.908758,1.562265,8.346493,249.4873536769,29.8912793285635,0.3981837826086957,24,6.718865333759326
0,BNC29,1,Automobile shop,99.4081067,16.7087967,82.69931,491.34659276085455,5.941362663858436,1.2170043337500005,81,6.141832409510682
1,BNC29,1,Police station ,64.02649829999999,4.548635300000001,59.477863,317.0319424893807,5.33025106314564,1.4309443931818182,45,6.042899360923462
2,BNC29,1,Fire Station,10.721945300000002,4.1181753,6.603770000000001,132.672588936503,20.090431516618988,0.4646066428571427,15,6.340580742626619
3,BNC29,1,Bank,25.909213800000003,1.7918398,24.117374,303.3083467643373,12.5763421326193,0.6490234947368418,39,5.873141671512895
4,BNC29,1,Pawn Shop,49.0966971,4.0829701,45.013727,261.715836496639,5.814133908455059,1.3124630583333337,37,5.938593716508359
5,BNC29,1,Pizzeria,40.040842,1.92352,38.117322,382.0460177131762,10.022897666136572,0.6343327258064516,63,5.389462455504306
6,BNC29,1,Quattroki Restaurant,38.408827200000005,2.2775442,36.131283,349.6754702502968,9.677914571987293,0.802640895652174,47,6.076876886013696
7,BNC29,1,High School,56.6863643,4.0973793,52.588985,608.7533927106836,11.57568248770505,0.6694656783132534,84,6.239188865081616
0,BNC29,2,Automobile shop,6.7224307,2.0832877,4.639143000000001,56.932041749950415,12.272103220347034,0.5777944700000003,11,5.693204174995041
1,BNC29,2,Police station ,38.49213039999999,1.7710804,36.72105,273.9759041997896,7.461004088929635,0.9149777025641032,40,5.725941112912671
2,BNC29,2,Fire Station,10.2149687,3.2362747000000005,6.978694,135.53334138587198,19.42101794202067,0.4583337333333332,16,5.868630189746299
3,BNC29,2,Bank,41.69359300000001,1.757166,39.936427,361.2194608079327,9.044861745091335,0.8397281428571427,50,5.751693105047575
4,BNC29,2,Pawn Shop,191.3714107,4.3055007000000005,187.06591,1105.2542525859526,5.90836808580437,0.9999212682539682,190,5.600441774553486
5,BNC29,2,Pizzeria,14.0134798,5.3818138,8.631666,126.15562116489473,14.615442854820232,0.7986394875,17,5.235513384641475
6,BNC29,2,Quattroki Restaurant,20.7773533,1.3475093,19.429844,209.04938508368744,10.759190093532789,0.7821705720000002,26,5.639546109705247
7,BNC29,2,High School,30.9858369,3.3683359,27.617501,367.977521134273,13.324070166025267,0.6198197122448975,50,5.65460961878501
0,BNC29,3,Automobile shop,6.4240707,1.9383887,4.485682,59.03116117718977,13.159907719091496,0.5031204272727273,12,5.366469197926343
1,BNC29,3,Police station ,22.1105435,1.6666375,20.443906,137.28849915792227,6.715375190921064,1.1288607777777775,19,4.758758018191506
2,BNC29,3,Fire Station,8.735425300000001,2.8262282999999995,5.909197000000001,134.08511943026585,22.690920514287445,0.3624206875000001,17,5.446872835615141
3,BNC29,3,Bank,71.0196885,1.9171055,69.102583,538.8417506329845,7.797707802514191,0.810332040697674,87,5.3344452579267285
4,BNC29,3,Pawn Shop,50.7000251,5.5205251,45.1795,412.2212307210512,9.12407686497308,0.7585429246153849,66,5.730837873639551
5,BNC29,3,Pizzeria,41.6869527,4.7084277,36.978525,481.83694292086415,13.030182867512,0.4879108166666666,79,5.667560442881059
6,BNC29,3,Quattroki Restaurant,46.5339343,1.4235523,45.110382,373.7369776763712,8.28494375588243,0.8384993018518522,55,5.587974205739029
7,BNC29,3,High School,47.4716664,2.5213094000000003,44.950357,560.0578390418461,12.45947477217692,0.5557013142857143,85,5.578667251572118
0,BNC30,1,Automobile shop,50.0046267,7.4638387,42.540788,122.3929091141976,2.8770719788781918,2.683414927777778,19,6.799606061899867
1,BNC30,1,Police station ,23.6867022,4.083272200000001,19.60343,143.5340447129674,7.321884216842023,1.7307042461538464,14,6.902122013955763
2,BNC30,1,Fire Station,46.138017700000006,5.631676700000001,40.506341,320.41343161935714,7.910204271952313,1.0494729697674416,44,6.356678952441406
3,BNC30,1,Bank,12.4024526,3.8609666,8.541485999999999,129.70970109845217,15.18584718144503,1.2132238571428569,8,6.385821438192712
4,BNC30,1,Pawn Shop,16.7703428,2.7430008,14.027342,131.94039497043116,9.4059441175977,0.9152757375,17,5.772168843328396
5,BNC30,1,Pizzeria,28.124931,2.153033,25.971898,231.79837761053284,8.924968733918979,0.7205034166666666,37,5.361164578946055
6,BNC30,1,Quattroki Restaurant,103.2196836,5.4088646,97.810819,812.0179370337568,8.301923502284104,0.7831129661538462,131,5.6960027005211655
7,BNC30,1,High School,15.3469546,2.5971616,12.749793,234.07042614384676,18.358762855510417,0.52431675,25,5.947398181971093
0,BNC30,2,Automobile shop,15.0989667,7.8692407000000015,7.229725999999999,63.56513802490884,8.792191851379824,1.3938993700000002,11,6.356513802490883
1,BNC30,2,Police station ,9.7080064,2.4864684,7.221538000000001,125.05556841920404,17.31702698500015,0.5485346153846155,14,5.55606612703913
2,BNC30,2,Fire Station,21.319386,4.590135000000001,16.729251,232.06471208273643,13.87179330878211,0.5000216060606062,34,5.523523871822772
3,BNC30,2,Bank,18.59668,4.29836,14.298320000000002,168.79043258151813,11.804913624923635,0.9463438666666664,16,5.7829265766694125
4,BNC30,2,Pawn Shop,25.7912404,3.3196254,22.471615,257.13458242824004,11.442639188515823,0.5669676139534882,44,4.998510529591095
5,BNC30,2,Pizzeria,18.2845327,7.8403587,10.444174,118.35663465095324,11.3323116457992,0.7964973846153846,14,5.9301128830598815
6,BNC30,2,Quattroki Restaurant,13.7981945,2.2292695000000005,11.568924999999998,194.06989301080668,16.775101663361696,0.5677805952380952,22,5.854007052854144
7,BNC30,2,High School,11.2432819,2.6874719,8.55581,234.9887743629479,27.46540355184932,0.420601556,26,5.8106651915979874
0,BNC30,3,Automobile shop,7.1188057,4.1122657,3.00654,55.15756747695985,18.3458618468272,0.6922296333333334,10,6.128618608551093
1,BNC30,3,Police station ,8.3538401,1.7292541,6.624585999999999,114.53378740391506,17.28919926526957,0.5953151818181819,12,5.971895324638485
2,BNC30,3,Fire Station,15.8746989,5.485960899999999,10.388738000000002,136.58980927766112,13.147873137012512,0.570263777777778,19,4.919646516210144
3,BNC30,3,Bank,13.207916399999998,5.6870544,7.520861999999999,150.05570540307198,19.95192910108868,0.619608583333333,13,5.881800821140886
4,BNC30,3,Pawn Shop,8.596728200000001,1.9998182,6.596910000000001,129.61397722635817,19.64768008451808,0.4265002470588236,18,5.112099569182919
5,BNC30,3,Pizzeria,10.6175936,2.5276575999999995,8.089936000000002,118.859785962426,14.692302381925638,0.5708977857142857,15,5.715737816523935
6,BNC30,3,Quattroki Restaurant,10.4160215,1.7638445,8.652177,185.7787018425526,21.471902602380027,0.4311946590909089,23,5.306234962388154
7,BNC30,3,High School,9.2428763,2.8125743,6.430301999999999,202.1731326535301,31.440690134542688,0.314677,21,5.579869352843055
0,BNC31,1,Automobile shop,39.9517867,9.6118467,30.33994,82.06082242881529,2.704712745932104,2.912667225,13,6.8384018690679405
1,BNC31,1,Police station ,65.3598083,8.423508300000002,56.9363,235.2343828344608,4.131536169973476,2.27047848,26,7.118727420220759
2,BNC31,1,Fire Station,53.3670861,4.7569661000000005,48.61012,306.0831690608532,6.2966964298967625,1.3870296243243243,38,7.03535422572555
3,BNC31,1,Bank,47.6445761,10.7357161,36.90886,303.1751510723911,8.214156467373716,1.4242314406249998,33,6.949284856531969
4,BNC31,1,Pawn Shop,27.985101300000004,7.2424883,20.742613,145.9893622639143,7.038137493280827,1.60506395,15,7.03315437367804
5,BNC31,1,Pizzeria,55.929125,5.284868,50.644257,329.6788474360576,6.509698571272505,1.23742643902439,42,7.03166259647369
6,BNC31,1,Quattroki Restaurant,14.8125607,2.4518527000000003,12.360708,189.16282617065383,15.303559162683383,0.803483805882353,18,7.06634745771057
7,BNC31,1,High School,125.8303981,5.2568291,120.573569,673.1867751678728,5.58320352255537,1.4747412273809526,85,6.93934393378782
0,BNC31,2,Automobile shop,13.2585167,3.5223427,9.736173999999998,63.37744416153012,6.509481461766207,1.2101278555555557,10,7.041938240170014
1,BNC31,2,Police station ,39.54092249999999,2.0965295,37.444393,256.182591731622,6.841680988970017,1.2561902419354838,32,6.598771972783777
2,BNC31,2,Fire Station,36.3675954,7.242894400000001,29.124701,159.7461208099178,5.48490165821506,1.9853198000000003,19,6.339468992149406
3,BNC31,2,Bank,35.915958700000004,3.2359997000000003,32.679959000000004,316.4408966869119,9.683026122735097,0.901365686111111,37,6.566562907878025
4,BNC31,2,Pawn Shop,39.2980063,2.2849063,37.0131,231.59075425327703,6.256994260228866,1.2432764766666675,31,6.142875975693226
5,BNC31,2,Pizzeria,17.325929199999997,4.6526222,12.673307,134.7619432856454,10.633526299461176,0.967908307692308,14,6.830418713503932
6,BNC31,2,Quattroki Restaurant,15.6802805,1.6735405,14.00674,189.34630111171617,13.518227732628448,0.7772816764705883,18,7.015770267833598
7,BNC31,2,High School,90.9425925,3.9167875,87.025805,611.5319850185879,7.02701899762476,1.1886981533333332,76,6.946723704651429
0,BNC31,3,Automobile shop,9.4279157,2.8926737,6.535242,62.807808591038565,9.610632412853043,0.8064335222222221,10,6.978645399004285
1,BNC31,3,Police station ,34.2144343,5.2014613,29.012973,229.63518063448436,7.914913808884196,1.2615187423076923,27,6.877359850902042
2,BNC31,3,Fire Station,18.0760506,4.2709716,13.805079,141.89355084392977,10.278358482695374,1.3242275076923076,14,6.774534075515604
3,BNC31,3,Bank,13.5622371,2.5208591,11.041378,128.15532265508872,11.606823229409294,1.3732421249999995,9,6.056945338464532
4,BNC31,3,Pawn Shop,49.0202254,7.3948714,41.625354,286.6795045468804,6.887136732744192,1.3026909277777778,37,6.885140407767033
5,BNC31,3,Pizzeria,29.0688483,1.8264003,27.242448,156.89846912529686,5.759338115476878,1.667500664705882,18,6.607032849782076
6,BNC31,3,Quattroki Restaurant,12.8397763,2.8469223,9.992854,194.33722416529096,19.447619685556397,0.7083791352941177,18,7.066966459544894
7,BNC31,3,High School,17.978767599999998,2.7361066,15.242661,210.21090161065032,13.79095825923376,0.8807714705882355,18,7.067182578246651
0,BNC32,1,Automobile shop,20.8399067,6.6668747,14.173032,62.321852344789605,4.397213831506879,2.142510411111111,10,6.924650260532179
1,BNC32,1,Police station ,110.4560219,4.4861209,105.969901,797.003617699334,7.521037673700705,0.8823948324999998,121,6.192859315571388
2,BNC32,1,Fire Station,16.2772809,4.3194059,11.957875,139.0622135774626,11.629341632812066,0.7902752000000001,16,6.238330141083125
3,BNC32,1,Bank,32.8466781,3.3193201,29.527358,289.27384438550973,9.79680757030513,0.8469714878787878,34,6.312654992102872
4,BNC32,1,Pawn Shop,73.4429888,3.0000227999999995,70.442966,459.19550197598033,6.518684945434869,1.0218624173913045,70,6.015523826258994
5,BNC32,1,Pizzeria,75.21410470000001,5.9723237000000005,69.241781,320.90512846065326,4.634559132161162,1.4222141509803918,52,5.520376761954333
6,BNC32,1,Quattroki Restaurant,312.01320730000003,5.708125300000001,306.305082,1692.135161753282,5.524345697121936,1.0620012518900348,292,5.564071628031828
7,BNC32,1,High School,54.7548189,4.1248819,50.629937,576.150227118072,11.3796354737331,0.6581871695121956,83,5.899248141275006
0,BNC32,2,Automobile shop,39.1199367,5.8083947,33.311542,194.67076799808285,5.843943459539726,1.155945203030303,34,5.899114181760086
1,BNC32,2,Police station ,31.3327908,4.3752468,26.957544,250.3182189743171,9.2856463101504,0.796981708571428,36,5.661712801240973
2,BNC32,2,Fire Station,14.2845584,5.3127604,8.971798,136.36909998210996,15.19975148594629,0.8744175249999999,17,5.653744103768143
3,BNC32,2,Bank,29.1594168,12.5554468,16.60397,157.98340901689585,9.514797305517646,1.7435161999999989,15,5.579571937200709
4,BNC32,2,Pawn Shop,54.9777264,6.8329834,48.144743000000005,289.9140495536405,6.021717668191529,1.188804869767442,44,5.755928213554161
5,BNC32,2,Pizzeria,27.7007665,7.395728500000001,20.305038,126.15698250943088,6.213087732681459,1.3467299333333334,16,5.753445689083802
6,BNC32,2,Quattroki Restaurant,130.5181348,4.2914748000000005,126.22666,817.2104009953875,6.474150555796909,1.0400619419354835,125,6.034751638525603
7,BNC32,2,High School,11.1731692,2.1801622,8.993007,231.9571280426952,25.793055431036045,0.3840101739130436,24,5.968586719036062
0,BNC32,3,Automobile shop,21.0916667,6.4667087,14.624958,63.33054227778227,4.330305924829478,1.8500051545454548,12,5.757322025252933
1,BNC32,3,Police station ,24.9508285,5.180683499999999,19.770145000000003,128.81598978828092,6.515682600622347,1.0630762692307691,14,5.932064464083742
2,BNC32,3,Fire Station,9.5136513,4.5279173,4.985734,138.17884367672582,27.71484473032974,0.3252740666666666,16,5.954017471944717
3,BNC32,3,Bank,16.5341372,9.020615200000002,7.513522,125.80248833944012,16.743477737795953,1.558080025,9,5.8486170986994015
4,BNC32,3,Pawn Shop,53.7556857,4.104080699999999,49.651605,437.2756542746472,8.80687853443302,0.7222263528571425,71,5.712146918364449
5,BNC32,3,Pizzeria,92.8028214,9.333315400000002,83.469506,640.6866076485086,7.67569665080453,0.8748505657142855,106,5.694054770545023
6,BNC32,3,Quattroki Restaurant,56.6592029,1.8483079,54.810895,331.903889063599,6.055436406641399,1.3366477119047622,43,6.174698347355567
7,BNC32,3,High School,42.360096,2.25713,40.102966,565.1002684699313,14.091233762358906,0.4932760000000001,85,5.627606535750195
0,BNC33,1,Automobile shop,19.0421567,7.8976957,11.144461000000002,64.98722302192789,5.831347341242244,1.9507770777777775,10,7.220802557991988
1,BNC33,1,Police station ,49.874530400000005,3.0423584000000004,46.832172,312.1066770591512,6.664364767432764,1.1910490368421065,39,6.831817566684624
2,BNC33,1,Fire Station,9.6387101,3.1737600999999995,6.464950000000001,137.74062819848794,21.30575305276729,0.5318713333333334,13,7.077335252056293
3,BNC33,1,Bank,42.2766944,6.0068984,36.269796,299.2249042715907,8.249974835027764,1.120684037837838,38,5.913228959262455
4,BNC33,1,Pawn Shop,13.7286146,7.6317446,6.09687,87.57034945520066,14.36316494450442,1.7281173714285711,8,6.554659804104751
5,BNC33,1,Pizzeria,26.7077381,4.2777291,22.430009,129.2542197304787,5.762557640100755,1.830862078571429,15,6.55681039751999
6,BNC33,1,Quattroki Restaurant,229.8574156,6.8194846,223.037931,1461.8255942459446,6.5541568991955215,0.8487907138576778,268,5.214651059892015
7,BNC33,1,High School,13.2432364,3.8542684,9.388968,243.71475651315365,25.95756599800464,0.4691579777777777,28,5.590474885509649
0,BNC33,2,Automobile shop,8.0218707,3.4945397,4.527330999999999,61.15451919731405,13.507852462590886,0.6718202454545452,12,5.559501745210368
1,BNC33,2,Police station ,8.978730500000001,2.3402675,6.638463,126.73837862981814,19.091524443205927,0.5036783846153847,14,5.769478595783912
2,BNC33,2,Fire Station,6.242987100000001,1.9792921,4.263695,139.5678573678731,32.73401530078326,0.2975699999999999,15,6.5027671736875305
3,BNC33,2,Bank,52.9845264,1.7640184,51.220508,429.55257895506566,8.386339685562385,0.7166438929577459,72,4.918282793951517
4,BNC33,2,Pawn Shop,14.730068200000002,7.0770662,7.653002000000001,136.92468888978672,17.891631138968304,0.7933131777777775,19,5.062661639967442
5,BNC33,2,Pizzeria,12.4995425,4.423669500000001,8.075873000000001,126.88767366363584,15.711945156100873,0.7287313437500003,17,5.026729665306206
6,BNC33,2,Quattroki Restaurant,8.7704177,1.6527057,7.117712,192.9961088732809,27.114908396586,0.4180933526315789,20,6.49386582626266
7,BNC33,2,High School,9.1733736,1.9793006,7.194073,207.2855324563791,28.813376296901502,0.35269525,21,5.772149514216396
0,BNC33,3,Automobile shop,6.5932707,1.8984087000000005,4.694862,60.08227892119569,12.79745366768942,0.5954106699999999,11,6.008227892119569
1,BNC33,3,Police station ,8.097126399999999,1.5766024,6.520523999999999,122.62566332887928,18.80610566403548,0.5763670307692306,14,5.445890451720685
2,BNC33,3,Fire Station,6.6458219,2.1382699,4.507552,138.50371042149726,30.72703552205216,0.3397803076923075,14,6.84321147605469
3,BNC33,3,Bank,15.4511084,7.4028474,8.048261,127.22218016964707,15.807412330396229,0.7247852727272727,12,4.332090483607574
4,BNC33,3,Pawn Shop,7.4095449,3.6178969,3.791648,87.55794915283329,23.092320055245978,0.8116561125000002,9,5.981183228498211
5,BNC33,3,Pizzeria,11.5136516,5.0349466,6.478705000000001,123.46310121833058,19.0567561292466,0.49143,14,6.339738576423937
6,BNC33,3,Quattroki Restaurant,7.526794799999999,1.5349178,5.991877,191.32916408897145,31.93142384080505,0.3978389294117647,18,7.238383644535096
7,BNC33,3,High School,9.8272918,1.8205388,8.006753,204.43210535752857,25.532460581402795,0.4378498888888886,19,6.221421031976137
0,BNC34,1,Automobile shop,19.723286700000003,4.4181367,15.30515,62.83427833318101,4.105433682987818,1.9098000777777784,10,6.981586481464555
1,BNC34,1,Police station ,49.4779731,2.6170651,46.860908,207.18594947329436,4.421296093393972,2.123107863636363,23,7.09525822409773
2,BNC34,1,Fire Station,15.9720264,3.0556954,12.916331,138.56489595142608,10.72788363440253,0.9700031846153846,14,7.00117250033699
3,BNC34,1,Bank,29.0897774,8.2081994,20.881578,143.6840521345646,6.880900099339457,3.132696488888888,10,7.051909092045508
4,BNC34,1,Pawn Shop,15.7215613,5.1802973,10.541264,100.08525164197827,9.49461579199404,1.4730737875000002,9,7.0495249818194505
5,BNC34,1,Pizzeria,42.5130561,2.1666651,40.346391,229.45093476351948,5.68702501206414,1.4283004678571425,29,6.837425400555509
6,BNC34,1,Quattroki Restaurant,75.8733096,4.9653936000000005,70.907916,564.2267922356777,7.95717635017898,1.0305212583333336,73,6.810477060231297
7,BNC34,1,High School,16.2143045,2.6656435000000003,13.548661,218.03408391753743,16.092666568123406,0.7457860555555554,19,6.773694258631616
0,BNC34,2,Automobile shop,10.5196967,2.9367807,7.582915999999999,66.79115859367965,8.808110045486414,0.8541917909090908,12,6.071923508516332
1,BNC34,2,Police station ,65.41593070000002,2.7925467,62.62338400000001,434.6128856059847,6.940105402256521,1.099044029310345,59,6.567646389991422
2,BNC34,2,Fire Station,11.4094401,2.5973471000000004,8.812092999999999,140.57094480967692,15.952049621999782,0.6224740714285711,15,6.577491760997437
3,BNC34,2,Bank,10.7217403,2.2569773,8.464763,132.76977332957182,15.684995944903813,1.2647897875,9,6.665290065883793
4,BNC34,2,Pawn Shop,34.70723509999999,5.569111100000001,29.138124,205.43488598616625,7.050381348715732,1.1597149269230764,27,6.351980224701384
5,BNC34,2,Pizzeria,72.44986499999999,4.340455,68.10941,505.0088549987423,7.414670821531742,0.9360542191780824,74,6.376488052672502
6,BNC34,2,Quattroki Restaurant,13.9437915,4.0553275,9.888464,193.09908737095773,19.527713037227795,0.6809233421052633,20,6.29029425823268
7,BNC34,2,High School,12.2843992,1.9864072,10.297992,212.27899152908253,20.61362948515424,0.6173794315789475,20,6.401859105435374
0,BNC34,3,Automobile shop,8.0032797,2.4827227,5.520557,63.04690848174818,11.42038900816497,0.70868747,11,6.304690848174818
1,BNC34,3,Police station ,23.0136518,1.8407438,21.172908,188.42088022491825,8.89914981092433,1.1017005400000004,21,6.794997359396168
2,BNC34,3,Fire Station,9.1318113,2.2363823000000003,6.895428999999999,135.03853113286368,19.583775154941584,0.5234527692307693,14,6.787080507561825
3,BNC34,3,Bank,14.4786147,3.0140217,11.464593,130.76936923279743,11.40636821846161,1.4261689999999998,9,6.496969290953215
4,BNC34,3,Pawn Shop,19.277740700000003,4.0210047,15.256736000000002,145.52811588961225,9.538614018726694,1.0493986294117648,18,6.189406610113304
5,BNC34,3,Pizzeria,27.3745291,1.7985021,25.576027,222.72652240639263,8.70840973097161,0.7879707531250004,33,5.697816508243012
6,BNC34,3,Quattroki Restaurant,15.700921999999998,2.2570339999999995,13.443888,192.955387024554,14.35264761388625,0.6136383684210527,20,6.567377226520799
7,BNC34,3,High School,10.9718433,2.1529233000000003,8.81892,208.4014510403451,23.631176044271307,0.5485943117647059,18,6.829275213735346
0,BNC35,1,Automobile shop,151.4562667,9.3266107,142.129656,320.129114026626,2.252373804567753,2.872122896078431,52,6.277041451502471
1,BNC35,1,Police station ,48.17907030000001,4.3331123,43.845958,203.68497218304583,4.645467483754051,2.0286765782608702,24,6.698934629006984
2,BNC35,1,Fire Station,77.0609281,2.7640571,74.296871,265.03427813241285,3.5672333782725905,2.314930531249999,33,6.776560124610115
3,BNC35,1,Bank,43.519655,3.12452,40.395135,164.74866950303664,4.078428491525939,3.0751153333333328,13,6.804337232776163
4,BNC35,1,Pawn Shop,86.0532154,2.4168174,83.636398,333.6837948346578,3.989695907691503,1.97140026511628,44,6.7865341507171815
5,BNC35,1,Pizzeria,42.1938237,5.5695107,36.624313,156.65177049981824,4.2772616785963535,2.240699205555555,19,6.487344954008858
6,BNC35,1,Quattroki Restaurant,58.5403784,14.638728400000002,43.90165,197.59287815471808,4.500807558593312,3.012046757894737,20,6.415872746559115
7,BNC35,1,High School,42.8667197,2.8403187,40.02640100000001,226.18260302966192,5.650835383117805,1.8762894350000008,21,6.69717493826124
0,BNC35,2,Automobile shop,21.7395867,3.8514627,17.888124,60.46115234852032,3.37996048934591,2.161714966666667,10,6.717905816502258
1,BNC35,2,Police station ,28.2977789,3.1457989,25.15198,133.2869061296893,5.29926097785102,1.481772761538462,14,6.382491884413303
2,BNC35,2,Fire Station,22.9994094,4.4724254,18.526984,137.38412037196792,7.415352675425635,1.4703592933333332,16,6.090978604061394
3,BNC35,2,Bank,14.6668147,2.4240667,12.242748,139.90999071820545,11.427989101646578,1.5235714111111114,10,6.449642470393606
4,BNC35,2,Pawn Shop,29.4297665,2.1527495,27.277017,130.50694634773333,4.784502145074491,1.8943475666666665,16,5.967893372056171
5,BNC35,2,Pizzeria,45.07549159999999,4.8473306,40.22816099999999,226.67303603928696,5.634685513943504,1.496995986206897,30,6.492902651081333
6,BNC35,2,Quattroki Restaurant,24.5064735,3.3612665,21.145207,189.1327250475341,8.944472619612291,1.3398987352941176,18,6.71512563817496
7,BNC35,2,High School,30.6033829,2.8057629,27.79762,217.0308987871105,7.807535277736385,1.4482858421052631,20,6.576634812920776
0,BNC35,3,Automobile shop,16.324496699999997,2.6932807,13.631216,62.10167357677711,4.555842529146124,1.5281179699999998,11,6.210167357677711
1,BNC35,3,Police station ,23.9921818,4.784647800000001,19.207534,122.48237693756,6.376788240362349,2.084556345454546,12,6.621151681295351
2,BNC35,3,Fire Station,18.075878000000003,3.416781,14.659097,138.67239810612853,9.459818575873296,1.1768169285714287,15,6.684785329019725
3,BNC35,3,Bank,12.8748525,2.6319645,10.242888,132.197060948136,12.906229273241689,1.2733527499999997,9,6.396408881330512
4,BNC35,3,Pawn Shop,27.8808961,1.7636821000000005,26.117214,133.00454154129918,5.092600671009518,1.7157309400000005,16,6.138047206482811
5,BNC35,3,Pizzeria,38.7978379,3.7709019,35.026936,231.9910027901089,6.623217137522645,1.2973869275862069,30,6.567223072932739
6,BNC35,3,Quattroki Restaurant,25.1588729,3.7984789,21.360394000000003,194.1074052662746,9.087257719416344,1.209310345,21,6.083133432925289
7,BNC35,3,High School,25.8257571,3.4307101,22.395047,207.3342028409812,9.258038299315968,1.2777223736842105,20,6.069585599957375
0,BNC36,1,Automobile shop,38.0077467,6.7029077,31.304839,119.87514140605546,3.829284712374833,2.1674736882352943,18,7.051478906238556
1,BNC36,1,Police station ,31.3462682,8.1872352,23.159033,133.86799856485493,5.780379455603994,2.0984027272727275,12,7.058187729589303
2,BNC36,1,Fire Station,18.9023178,5.7083238,13.193994,137.25343580258763,10.402720798765532,1.337412061538461,14,6.997860232522164
3,BNC36,1,Bank,17.228810499999998,3.0203055,14.208505,147.51075079661732,10.381862891037258,1.3778695499999996,11,6.851194805124338
4,BNC36,1,Pawn Shop,205.1906867,3.5763287000000004,201.614358,962.011219183846,4.7715412172373455,1.516161863432836,135,6.856040898217534
5,BNC36,1,Pizzeria,19.6945792,3.9449472,15.749632,125.38845006879843,7.961357450688273,1.405972476923077,14,6.331729956449489
6,BNC36,1,Quattroki Restaurant,81.21239990000001,21.2424999,59.9699,348.33248301073576,5.808455291917041,1.8623071404761893,43,6.696568668605344
7,BNC36,1,High School,17.8051739,7.2854609,10.519713,213.781593867392,20.321998695914232,0.5775566111111112,19,6.611606375300854
0,BNC36,2,Automobile shop,15.5451267,7.5108157,8.034310999999999,62.8135037076154,7.818156865923589,1.515091188888889,10,6.979278189735044
1,BNC36,2,Police station ,63.0816861,2.0834861,60.9982,412.8973671545732,6.7690090388662805,1.094315733928572,57,6.4436123157746135
2,BNC36,2,Fire Station,11.0275465,2.2292465,8.7983,139.11146561141294,15.811175523841303,0.6696329999999999,14,6.943206013805314
3,BNC36,2,Bank,15.6872413,2.0415403,13.645701,154.8372351132433,11.34696085699396,1.3907691181818185,12,6.49588824645922
4,BNC36,2,Pawn Shop,55.1583364,4.284586399999999,50.87375,349.19903595560623,6.8640317640356034,1.1199727260869563,47,6.642160783670657
5,BNC36,2,Pizzeria,12.8540385,1.8266085,11.02743,140.6078261693123,12.750733957895202,0.7808125714285714,15,6.827502222862521
6,BNC36,2,Quattroki Restaurant,85.5194598,4.7987508000000005,80.72070900000001,461.2313894977473,5.713916480809742,1.4090250966666664,61,6.429382028159599
7,BNC36,2,High School,10.277266699999998,1.6042297,8.673036999999999,208.2261784266533,24.008450376339145,0.5033948823529414,18,6.872588374600911
0,BNC36,3,Automobile shop,7.3060147,1.7785937000000005,5.527421,62.917391193804825,11.382775293180098,0.6527602699999998,11,6.291739119380482
1,BNC36,3,Police station ,16.6384349,1.3887759,15.249659,127.98088436277928,8.392376797591297,1.2638748333333334,13,6.4981702974139495
2,BNC36,3,Fire Station,7.5343368,1.5546058,5.979731,127.43175429234248,21.31061652979749,0.4913269999999999,13,7.037705694131289
3,BNC36,3,Bank,6.465058,1.652125,4.812933,134.66871373213604,27.980591820442136,0.5946825,9,6.917714066943642
4,BNC36,3,Pawn Shop,14.6868226,6.2497066000000006,8.437116,95.55924368800616,11.3260554540208,1.5919448249999997,9,6.8496463733339255
5,BNC36,3,Pizzeria,9.902995099999998,2.0973351,7.80566,130.18134708843544,16.677814187196912,0.5934751538461539,14,6.960051737451393
6,BNC36,3,Quattroki Restaurant,38.1651492,6.2014792000000005,31.96367,316.3307149159071,9.89657054136484,0.9953069783783784,38,6.477836290018427
7,BNC36,3,High School,11.1810874,1.6607484,9.520339,207.07452150981544,21.750750840890795,0.5530721176470588,18,6.55041481496052
0,BNC37,1,Automobile shop,27.5702667,10.2862367,17.284029999999998,64.19422658136436,3.714077479694514,2.722325188888889,10,7.132691842373818
1,BNC37,1,Police station ,54.4776919,3.2361459000000004,51.241546,305.63239006815144,5.964542718288621,1.4497329416666664,37,7.023697234368472
2,BNC37,1,Fire Station,14.2146273,3.1110473,11.10358,137.95520338265567,12.424389555679848,0.8471936153846154,14,6.8939716331815415
3,BNC37,1,Bank,37.9922248,2.8750318,35.117193,268.6524301556078,7.650168114393648,1.247219285714286,29,6.728550793737028
4,BNC37,1,Pawn Shop,74.14415249999999,2.2151015,71.929051,601.9279439679698,8.36835653466316,0.8829534277108432,84,6.733492601717891
5,BNC37,1,Pizzeria,40.9573158,2.7011978,38.256118,298.6860015041906,7.807535555598991,1.0042269179487182,40,6.670756816635935
6,BNC37,1,Quattroki Restaurant,28.5200327,3.1525186999999995,25.367514,357.607525557132,14.097066253994456,0.6203988069767442,44,6.625361417223007
7,BNC37,1,High School,58.5124759,3.0210609,55.491415,617.3321731597397,11.124823058841438,0.7344585756410259,79,6.734121690889929
0,BNC37,2,Automobile shop,12.7832467,7.0613217,5.721925,62.73893373090048,10.964655029714736,1.2390105222222223,10,6.970992636766721
1,BNC37,2,Police station ,48.9850323,2.5767513,46.408281,360.0220909592409,7.7577122703433234,0.9891312673913047,47,6.715832028704461
2,BNC37,2,Fire Station,28.5827046,1.5763986,27.006306,246.79954078077412,9.13858936430529,0.9791705214285716,29,6.986853182716925
3,BNC37,2,Bank,69.8106549,3.7220119,66.08864299999999,483.33192880952345,7.313388607623907,1.1480482186440673,60,6.827525550855334
4,BNC37,2,Pawn Shop,53.6372679,1.8885399,51.748728,411.6052308971703,7.953919773586905,0.970234794444444,55,6.769490996204756
5,BNC37,2,Pizzeria,57.6584476,1.8609836,55.797464,395.61774260163344,7.09024594023903,1.088881011538462,53,6.831026772037854
6,BNC37,2,Quattroki Restaurant,14.6803325,5.041771499999999,9.638561,192.0895649694868,19.929278340354625,0.7222256388888888,19,6.778519352066267
7,BNC37,2,High School,46.3669823,2.5140193,43.852963,587.2311879080145,13.390912443202858,0.6206387124999999,73,6.874592245838351
0,BNC37,3,Automobile shop,11.1802867,1.7084376999999995,9.471849,62.40025321949027,6.587969594900664,1.0780345222222223,10,6.933361468832252
1,BNC37,3,Police station ,38.5127313,2.1736583,36.339073,340.7659628968049,9.37739834191161,0.8898368404761902,43,6.843433187018867
2,BNC37,3,Fire Station,22.7148621,1.8673081,20.847554,252.17427910581844,12.09610869005632,0.7377705366666667,31,6.882850971707557
3,BNC37,3,Bank,38.06118959999999,1.8750606,36.186129,321.8921718925656,8.895457480200925,0.993451245714286,36,6.791976035144328
4,BNC37,3,Pawn Shop,34.1035902,1.4446992,32.658891,274.6991678910589,8.411160314386025,0.96734274117647,35,6.771240811583793
5,BNC37,3,Pizzeria,28.6938055,1.4998945,27.193911,395.26431287083466,14.535030024582882,0.528844745283019,54,6.695142514375963
6,BNC37,3,Quattroki Restaurant,19.0966616,1.9998396000000005,17.096822,235.6848925929533,13.785304227472997,0.7308524416666669,25,6.768805031788943
7,BNC37,3,High School,23.2770807,2.2431387000000003,21.033942,350.7607050666553,16.67593763768367,0.5920838868421052,39,6.806751813997516
0,BNC50,1,Automobile shop,19.0156167,3.1898327,15.825784000000002,61.98038589056759,3.9164180359448593,1.8008268700000003,11,6.198038589056759
1,BNC50,1,Police station ,46.1449737,2.6876487,43.457325,228.26877892878176,5.252711227135628,1.2195242891891898,38,4.788389441551524
2,BNC50,1,Fire Station,18.7705568,3.7919318,14.978625,145.27497267146626,9.698818995165862,0.9914150000000002,16,5.991504743986294
3,BNC50,1,Bank,282.5878729,7.263722899999999,275.32415000000003,1192.9532560575792,4.3329045274727225,1.2429961373333334,226,4.9472289868079455
4,BNC50,1,Pawn Shop,28.5619138,3.0900968,25.471817,150.27338399005487,5.899594206022085,1.2641712761904762,22,5.212091442316146
5,BNC50,1,Pizzeria,18.5206718,4.5209248,13.999747000000005,119.70341003135096,8.550398091576294,0.9263266,16,5.272688723413015
6,BNC50,1,Quattroki Restaurant,20.888464,4.673604999999999,16.214859,205.96004711525592,12.701932660361456,0.8339258333333334,25,5.736376027879473
7,BNC50,1,High School,18.124197,2.000322,16.123874999999998,239.2343289137788,14.837272610571516,0.6725260384615382,27,5.69175631593329
0,BNC50,2,Automobile shop,12.1507167,2.4633907,9.687326,67.12407470301083,6.929061198416449,0.8864269727272724,12,6.102188609364621
1,BNC50,2,Police station ,14.2775366,1.7985426000000002,12.478994,179.81981648646564,14.409800700798929,0.540295264,26,4.905397762855418
2,BNC50,2,Fire Station,8.5763089,1.4170009,7.159308000000001,139.46105694070752,19.479683922064464,0.4405480000000001,17,5.343071320995275
3,BNC50,2,Bank,8.583202700000001,1.6736437,6.909559000000001,129.60575885495237,18.75745743758065,0.6840339,11,5.016228982391308
4,BNC50,2,Pawn Shop,10.8191509,3.1178689,7.701281999999999,99.91363218147912,12.973636360995368,0.8560330818181817,12,5.0865269132373845
5,BNC50,2,Pizzeria,12.1183205,2.7153595,9.402961,123.21627884118774,13.103987014429578,0.6199362666666666,16,5.476895299974091
6,BNC50,2,Quattroki Restaurant,8.7359056,1.4166836,7.319222000000001,189.6809326007662,25.915450112152108,0.3630596181818182,23,5.432547407648434
7,BNC50,2,High School,8.1178684,1.3612394,6.756629,208.71443690034576,30.89032073543564,0.3486618421052632,20,6.181070669627135
0,BNC50,3,Automobile shop,4.5545087,1.4080906999999998,3.146418,57.44191761767309,18.25628941153817,0.3635572454545455,12,5.221992510697553
1,BNC50,3,Police station ,6.3818509,1.0069989,5.374851999999999,120.8466402934676,22.48371495502901,0.406412,14,5.490285344784592
2,BNC50,3,Fire Station,6.6665326,1.3544306,5.312101999999999,134.8655364293384,25.388355952001376,0.4227205066666666,16,6.020378237580895
3,BNC50,3,Bank,4.604216999999999,1.159009,3.445208,125.37413218923948,36.39087456816526,0.5390119999999998,9,5.636507872749994
4,BNC50,3,Pawn Shop,6.937366000000001,0.9723632,5.965002800000001,94.9556913007691,15.918800792644909,0.5542122999999999,11,5.706840586915102
5,BNC50,3,Pizzeria,8.2355471,1.8057181,6.429829,124.18188442857527,19.313403891234945,0.4876173076923077,14,6.2151551197772505
6,BNC50,3,Quattroki Restaurant,9.4448297,1.5772817,7.867547999999999,184.33675017204527,23.430012778065706,0.3848060849999999,21,5.700538344420055
7,BNC50,3,High School,6.7152409,1.3961188999999998,5.319121999999999,213.33968806078397,40.10806446266582,0.2731774736842103,20,6.471744838209859
0,BNC51,1,Automobile shop,17.362836700000003,6.3844597,10.978377000000002,61.68341061229523,5.618627472193315,1.6731139666666663,10,6.853712290255025
1,BNC51,1,Police station ,21.4092101,6.4794751,14.929734999999996,128.83424798677646,8.629372724082275,1.7177756454545452,12,7.1166878488010505
2,BNC51,1,Fire Station,19.5136533,3.4506463000000003,16.063007,164.01363147170116,10.21064309264767,0.9379554705882354,18,6.826766974379316
3,BNC51,1,Bank,130.6851293,2.9098443,127.775285,895.0516833393413,7.0048889606416544,1.1034234853448273,117,7.003504746868363
4,BNC51,1,Pawn Shop,13.8955592,3.0489422,10.846617,134.11282639789607,12.364484373136442,0.9828957846153844,14,6.824598191105613
5,BNC51,1,Pizzeria,18.9027037,5.4166347,13.486069,123.3865699021362,9.149187202151804,1.1169306666666667,13,6.960234414275721
6,BNC51,1,Quattroki Restaurant,79.9431721,3.2639571,76.679215,504.1782371109015,6.575161692916411,1.2301450338709676,63,6.973904800893528
7,BNC51,1,High School,17.444075,2.833461,14.610614000000002,207.38463947071105,14.194108438612572,0.9818350625000004,17,7.212504794591268
0,BNC51,2,Automobile shop,8.3094097,3.2750237,5.034386,60.682033427999066,12.053512271009629,0.8159800777777778,10,6.742448158666564
1,BNC51,2,Police station ,10.9441972,1.6392102,9.304987,128.00105606824192,13.756177850462544,0.8389650000000001,12,6.97601924093077
2,BNC51,2,Fire Station,11.8610102,2.7153802,9.14563,144.28041587594444,15.775885956018824,0.6463561428571429,15,6.946410226441608
3,BNC51,2,Bank,37.0826518,3.5139198,33.568732000000004,295.60349875613923,8.805917922551831,1.1637405419354836,32,6.9366482265166285
4,BNC51,2,Pawn Shop,11.8328063,2.6735063,9.159299999999998,133.3564591201075,14.559678045277208,0.8429494076923075,14,7.140815551428442
5,BNC51,2,Pizzeria,15.9583268,4.1737068,11.78462,130.8115210772233,11.100189999951064,0.8995353846153848,14,6.9874935117453845
6,BNC51,2,Quattroki Restaurant,12.4508423,1.5069043,10.943938,195.4377635397247,17.858083949280847,0.6652180764705884,18,7.149792886027877
7,BNC51,2,High School,11.7984728,1.6382058,10.160267,204.02116572017465,20.080295696970826,0.6648389250000002,17,6.991030145938105
0,BNC51,3,Automobile shop,5.3565657,1.6897387,3.666827,55.70806374263933,15.19244396930625,0.516439411111111,10,6.189784860293258
1,BNC51,3,Police station ,8.965076,1.437799,7.527276999999999,125.13249277105804,16.623872453618763,0.6773594545454547,12,6.993899511938408
2,BNC51,3,Fire Station,6.2492348,1.7503318,4.498903,134.27779320379673,29.84678558390717,0.3678858333333334,13,7.077034310332611
3,BNC51,3,Bank,8.424148500000001,1.5563114999999998,6.867837000000001,127.47770143884942,18.56155022882014,0.9745957142857145,8,6.800494303478916
4,BNC51,3,Pawn Shop,7.0483411,1.1806941,5.867647,133.43282710133195,22.740431914416792,0.5207829307692309,14,7.016471812267247
5,BNC51,3,Pizzeria,8.3406329,1.7224528999999995,6.618179999999999,123.30236967228034,18.630857678739527,0.5443133333333331,13,6.964985168786037
6,BNC51,3,Quattroki Restaurant,8.3259416,1.2086856,7.117255999999999,193.30512453584703,27.16006344802647,0.4333229176470587,18,7.123082850021445
7,BNC51,3,High School,8.7496637,1.3889837,7.360679999999999,208.37774501629863,28.30957805750265,0.4881130999999999,18,6.906917785577954
0,BNC52,1,Automobile shop,39.7989567,7.660905700000001,32.138051,277.69961417201324,8.640835568156055,0.8424569500000002,47,6.0369481341742
1,BNC52,1,Police station ,17.0410344,1.4305784,15.610456,216.38017622338572,13.861233536251968,0.5752952846153847,27,6.206827781011786
2,BNC52,1,Fire Station,23.7219069,2.5626879,21.159219,264.8143040328891,12.515315618827382,0.6758392911764706,35,6.334052853324195
3,BNC52,1,Bank,59.7836241,1.7708211,58.012803000000005,671.1464240280302,11.568936326486932,0.6184787484210527,96,6.179299249964648
4,BNC52,1,Pawn Shop,48.1798644,1.2432074,46.936657,468.9710235643488,9.9915727608029,0.6603132309859158,72,6.0167327901602095
5,BNC52,1,Pizzeria,12.131680199999998,2.1388522,9.992828,134.75443829624163,13.485115354356308,0.6592187999999998,16,6.168991537104974
6,BNC52,1,Quattroki Restaurant,20.5346148,3.7778008,16.756814000000002,223.9383881216101,13.364019444365145,0.744107177777778,28,5.667421434064141
7,BNC52,1,High School,9.4303369,1.9237999,7.506537000000001,207.4825364456009,27.64024695350212,0.4346264117647058,18,6.507223908076001
0,BNC52,2,Automobile shop,6.1865217,1.7145487,4.471973,61.74750496764876,13.807664976431823,0.5734751699999998,11,6.174750496764876
1,BNC52,2,Police station ,7.0134911,1.2015631,5.811928,118.50338308162868,20.389685330174203,0.5738318,11,6.456401221573797
2,BNC52,2,Fire Station,9.0691855,2.4651235,6.604062000000001,137.4348644411121,20.810656296247988,0.4647884285714285,15,6.2681612400451785
3,BNC52,2,Bank,7.3402896,3.1944846,4.145805,138.20248837069252,33.33550139736252,0.4537995555555557,10,6.177938712911899
4,BNC52,2,Pawn Shop,74.8187417,1.3055047,73.513237,830.5038812276937,11.29733793694452,0.5791633362204721,128,6.207017420160648
5,BNC52,2,Pizzeria,7.5485169,1.8195969,5.72892,125.94965907405246,21.984887042244,0.4705291666666667,13,6.717983882318872
6,BNC52,2,Quattroki Restaurant,8.207735799999998,1.0553398,7.152396,186.29877206701516,26.047043825176228,0.4055218777777778,19,6.464129178020154
7,BNC52,2,High School,8.2288183,1.4305972999999998,6.798221000000001,202.40822636439265,29.77370496846052,0.3929265294117647,18,6.539804668975978
0,BNC52,3,Automobile shop,4.8304987,1.3863827,3.444116,59.29135124850074,17.215259662711926,0.4717964111111112,10,6.587927916500082
1,BNC52,3,Police station ,5.2138856,1.0137706,4.200115,117.05822497015212,27.870242831482496,0.4131009,11,6.371219148641407
2,BNC52,3,Fire Station,6.7300766,1.5913816,5.138695,134.23441248945574,26.122276665467737,0.4539383999999999,15,6.310894672193707
3,BNC52,3,Bank,5.9512462,1.5696342,4.3816120000000005,127.74971892132098,29.15587206747676,0.5407928750000002,9,5.932740010999781
4,BNC52,3,Pawn Shop,7.5414681,1.6804341,5.861034,105.412328500514,17.985278450954898,0.5596335916666668,13,5.409741992559991
5,BNC52,3,Pizzeria,6.6671701,1.2222011000000002,5.444969,124.07594483734924,22.78726377273208,0.4648236230769232,14,6.295223152108052
6,BNC52,3,Quattroki Restaurant,7.832949,1.033721,6.799228,176.97712302042888,26.029002560353742,0.3942402777777778,19,5.909739853113306
7,BNC52,3,High School,7.735931499999999,1.1597995,6.576131999999999,192.81311265296569,29.320140266795995,0.4291215588235295,18,5.969483364490428
0,NAV054,1,Automobile shop,18.9945067,4.473852700000001,14.520654,87.44732734106222,6.022271954215163,1.0365269812500004,17,5.46545795881639
1,NAV054,1,Police station ,33.0546188,2.9790198,30.075599000000004,341.1648785236809,11.343577181078947,0.5655892596491228,58,4.95806845810766
2,NAV054,1,Fire Station,30.0760085,3.9167665,26.159242000000003,316.5601187557071,12.101272611634048,0.451608346153846,66,4.187563679452192
3,NAV054,1,Bank,75.741788,2.652867,73.088921,697.8161752703618,9.547495923087466,0.5217765673758865,142,4.38119102987853
4,NAV054,1,Pawn Shop,13.138494,3.375062,9.763432,137.26504389334428,14.059097650635994,0.5782695909090907,23,4.125282219890092
5,NAV054,1,Pizzeria,33.4579152,1.7779002,31.680015,331.3728810075713,10.459997604406794,0.5162907901639344,62,4.750997489618674
6,NAV054,1,Quattroki Restaurant,223.5587828,4.4236608,219.135122,1860.650071006073,8.490880211370557,0.5226740707838484,422,4.250223217534762
7,NAV054,1,High School,11.8113322,4.1738202,7.637512,209.57489379120267,27.44020484566213,0.3113709583333335,25,4.980574169095026
0,NAV054,2,Automobile shop,6.7680177,2.1981947,4.569823,59.00923127529295,12.912804560547084,0.3500141588235295,18,3.4711312514878205
1,NAV054,2,Police station ,14.6802187,1.6667537,13.013465,209.34882617099512,16.087093343010114,0.3902732264705882,35,4.620600203317798
2,NAV054,2,Fire Station,8.988159500000002,1.8194615,7.168698000000001,144.54920523144796,20.163941238903902,0.3795864772727272,23,4.318871669975948
3,NAV054,2,Bank,116.9562031,1.7709571,115.185246,1112.5175197238004,9.658507129670069,0.4255518499999999,267,3.883102474167632
4,NAV054,2,Pawn Shop,7.5277326,2.0002756,5.527457,108.5863653548569,19.64490458358281,0.4671287384615386,14,4.622320628796951
5,NAV054,2,Pizzeria,7.5763621,1.7569251,5.819437,125.99313728052834,21.65039973463556,0.2840296,21,4.247666924821976
6,NAV054,2,Quattroki Restaurant,9.228865900000002,1.7431458999999998,7.485720000000001,193.5165396771482,25.85142640616376,0.3602499,22,5.740348057605861
7,NAV054,2,High School,7.7636471,2.8127211,4.950926,215.0925296742577,43.44490902797934,0.2406093499999999,21,6.132802917599369
0,NAV054,3,Automobile shop,7.2280107,1.5396777,5.688332999999999,64.83077912131539,11.397149063058617,0.4037491307692308,14,4.9869830093319525
1,NAV054,3,Police station ,6.791325200000001,1.4790792,5.312246000000001,123.37039665048208,23.223773268497368,0.32507525,17,4.150233582061752
2,NAV054,3,Fire Station,6.992902,2.194714,4.798188,137.9559639443871,28.75167958078905,0.3358763571428572,15,6.611973032835844
3,NAV054,3,Bank,6.2984505,1.5278295,4.770620999999999,135.32997973210863,28.36737182268486,0.4701216999999998,11,5.529000009933952
4,NAV054,3,Pawn Shop,7.7773696,1.6040856,6.173284000000001,108.35558020564952,17.55234008441042,0.593425418181818,12,5.921807160942538
5,NAV054,3,Pizzeria,6.4861876,2.4862226,3.999965,123.65538784928611,30.91411746084931,0.3008057692307694,14,6.307570373415544
6,NAV054,3,Quattroki Restaurant,7.2635645,1.5765075000000002,5.687057,192.6876748928513,33.881790685912115,0.3549159722222223,19,6.757526593104794
7,NAV054,3,High School,7.604132,1.6528619999999998,5.95127,204.95907933426437,34.43955312635191,0.3431065294117646,18,6.679086029868111
0,NAV055,1,Automobile shop,13.3046267,4.9363147,8.368312,61.79622747503649,7.384551086890222,1.20063467,11,6.1796227475036485
1,NAV055,1,Police station ,36.9987763,2.5138463,34.484930000000006,196.0446264172444,5.684936185668475,1.1821730344827588,30,4.9523729928591145
2,NAV055,1,Fire Station,82.27638830000001,5.2569623000000005,77.019426,545.7369554937986,7.085705306266482,0.7245984312500003,113,4.460391024080988
3,NAV055,1,Bank,91.1299539,3.4932579,87.636696,617.9898279274014,7.051724404664929,0.7582061601694919,119,4.513913192383242
4,NAV055,1,Pawn Shop,153.45491950000002,5.9790785,147.475841,1030.641530534117,6.988544859589015,0.70611010046729,215,4.585217737814756
5,NAV055,1,Pizzeria,23.7771602,4.485129199999999,19.292031,126.03821163940714,6.533174845064636,1.064850388888889,19,4.793997236791731
6,NAV055,1,Quattroki Restaurant,22.5545501,1.9441251,20.610425,187.28833252193647,9.08706795332636,0.7049589344827586,30,4.0961011221874495
7,NAV055,1,High School,8.8113486,2.4166316,6.394717000000001,206.15761498182167,32.23873941283433,0.2711098260869566,24,5.095020754176233
0,NAV055,2,Automobile shop,6.4733537000000005,1.9254427,4.547911,56.68251981077369,12.463418877540413,0.4142302076923075,14,4.360193831597976
1,NAV055,2,Police station ,10.292266,3.028143,7.264123,114.12373855947632,15.71060106766864,0.6508917999999999,16,4.319980094119834
2,NAV055,2,Fire Station,39.4014336,4.6175996,34.783834,394.4441881859235,11.339870935041937,0.4981552155844154,78,4.386281523866992
3,NAV055,2,Bank,8.8888125,2.7085235,6.180289,129.70160193972973,20.986332830022956,0.5080807500000001,13,4.1133706569243325
4,NAV055,2,Pawn Shop,9.0758581,2.6661921000000004,6.409666,88.07514343009254,13.74098797505089,0.7520277100000001,11,4.68671979328732
5,NAV055,2,Pizzeria,7.9095703,1.7498103,6.15976,119.01233904641616,19.320937673937976,0.3553778235294117,18,4.653567556174046
6,NAV055,2,Quattroki Restaurant,12.367524500000002,1.4167815,10.950743,184.32731229692524,16.83240235817106,0.414378574074074,28,4.29937881898865
7,NAV055,2,High School,9.221663799999998,1.3887718,7.832892,208.3470461285505,26.598993849085435,0.2832045925925925,28,4.362028234198002
0,NAV055,3,Automobile shop,8.4175927,2.9318807,5.485712,56.15999487174687,10.237503330788575,0.4318392764705883,18,3.3035291101027573
1,NAV055,3,Police station ,14.055341,7.847236,6.208105,112.13130287622072,18.06208220966313,0.4066919333333333,16,4.170922770998699
2,NAV055,3,Fire Station,27.908648400000004,3.6525734,24.256075,269.235474055435,11.099713125698822,0.5338795372549022,52,4.394766554859828
3,NAV055,3,Bank,10.1595139,3.1667329,6.992781000000001,123.9019163008222,17.71854664128938,0.5757791666666667,13,3.6923019558970815
4,NAV055,3,Pawn Shop,6.6708259,3.0251129,3.645713,80.21497705185436,22.00254848690897,0.5041578090909091,12,3.759798297098852
5,NAV055,3,Pizzeria,8.8887522,2.0418552,6.846897000000001,117.60107514112556,17.175820687988374,0.3534307368421052,20,4.17772851459618
6,NAV055,3,Quattroki Restaurant,10.7217744,1.3958454,9.325929,172.02583521473696,18.445973073002914,0.3502181214285712,29,3.7145675742667614
7,NAV055,3,High School,10.0621028,1.4305388,8.631564,201.67946291931597,23.36534409283369,0.3126049629629629,28,4.127375044045206
0,NAV056,1,Automobile shop,16.2270367,7.5616917,8.665345,58.41288904310804,6.740976734695276,1.3958070636363638,12,5.310262640282549
1,NAV056,1,Police station ,60.2701541,2.1816471,58.088507,364.6804348124013,6.278013563206251,0.7883890554054055,75,4.229489070836379
2,NAV056,1,Fire Station,13.4021562,1.9435372,11.458619,138.5660776919531,12.092738024709009,0.8071845124999999,17,5.702903652606
3,NAV056,1,Bank,14.9024454,2.9861164,11.916329,160.27652157719302,13.450159153644805,0.7874379333333335,16,5.31580062656474
4,NAV056,1,Pawn Shop,45.8044039,2.8959029000000003,42.908501,280.3307320646896,6.533221285560398,0.8516526903846151,53,4.465612696486019
5,NAV056,1,Pizzeria,95.5263174,6.7086014,88.81771599999999,769.0176478830318,8.6583812612681,0.5637406975609759,165,4.449459510598474
6,NAV056,1,Quattroki Restaurant,352.3807464,3.5961674,348.784579,2251.318619022823,6.454753892725352,0.706341998782962,494,4.416969680182182
7,NAV056,1,High School,24.402516,3.291581,21.110935,397.0184699704481,18.806294935323717,0.3896127213114755,62,4.989483413515742
0,NAV056,2,Automobile shop,6.1020207,2.2958567000000003,3.806164,55.97874488801346,14.707391717228544,0.6494280777777779,10,6.219860543112606
1,NAV056,2,Police station ,11.2357703,1.8264633,9.409307,127.14664199494987,13.512859341814426,0.6264067153846153,14,5.988983146355285
2,NAV056,2,Fire Station,7.2913795,1.6517745,5.639605,133.62233442947192,23.693562657220127,0.3455678749999999,17,5.510099351718969
3,NAV056,2,Bank,28.2840961,1.6737381,26.610358,309.5895965110891,11.634176304997066,0.654268311904762,43,5.423980700794416
4,NAV056,2,Pawn Shop,29.2838365,2.3325675,26.951269,317.72302393138057,11.788796435944466,0.5131043113207551,54,5.125502527237096
5,NAV056,2,Pizzeria,10.1317761,2.9098461,7.221930000000001,122.17302910217964,16.916950053819356,0.5727357214285715,15,5.890931215697847
6,NAV056,2,Quattroki Restaurant,17.304942999999998,1.382346,15.922596999999998,254.52609803274905,15.985212590179168,0.4358919032258067,32,6.030927024880465
7,NAV056,2,High School,24.3470252,1.6114812,22.735544,368.6423842164271,16.214363914777103,0.3678279864406778,60,4.68659171612966
0,NAV056,3,Automobile shop,6.1733207,1.4792807,4.69404,59.76333584142687,12.73174831092766,0.5570371700000003,11,5.976333584142688
1,NAV056,3,Police station ,8.0897393,2.9727643,5.116975,110.1839549609631,21.53302585237628,0.60747383,11,5.674923696209556
2,NAV056,3,Fire Station,6.6116223,1.3758413,5.235781,134.4936281443612,25.687405211249512,0.2839531111111111,19,4.754779574591303
3,NAV056,3,Bank,17.763123299999997,2.1387503,15.624373,163.9732922147908,10.494711833543068,0.9089043705882348,18,5.008108800345721
4,NAV056,3,Pawn Shop,35.8883037,3.3679367,32.520367,350.1507450742397,10.767121572589872,0.5737852573770492,62,4.961755235368906
5,NAV056,3,Pizzeria,10.3135193,1.5416543,8.771865000000002,143.8295664107434,16.39669174237672,0.418092538095238,22,4.9103866221718295
6,NAV056,3,Quattroki Restaurant,38.4295288,1.3884598,37.041069,468.7448997785118,12.654734661640347,0.4411914094117647,86,4.697081679999389
7,NAV056,3,High School,17.6799625,2.5066875,15.173275,365.6506847626472,24.09833636855901,0.3221492299999998,51,5.367634199594363
0,NAV061,1,Automobile shop,27.1342967,17.411716700000003,9.722579999999995,69.21783078872926,7.119286319961295,2.44605167,11,6.9217830788729255
1,NAV061,1,Police station ,19.5549743,8.895537299999999,10.659437,105.79826057127131,9.925314120367831,1.515826714285714,8,6.809870918767624
2,NAV061,1,Fire Station,138.7962874,7.7430434,131.053244,452.99710716108825,3.4565882791965703,2.2943028203389826,60,6.962929233729859
3,NAV061,1,Bank,49.2770383,12.0345283,37.24251,261.4646751241468,7.020597567783343,1.866191857692308,27,6.97793766878134
4,NAV061,1,Pawn Shop,86.74160280000001,6.7500618,79.991541,375.5603935312794,4.695001356846962,1.6479212,50,6.680039612627457
5,NAV061,1,Pizzeria,194.9207853,21.8538253,173.06695999999997,944.187642726712,5.455620429957931,1.4210419507352934,137,6.668347916692638
6,NAV061,1,Quattroki Restaurant,230.6552398,17.4300598,213.22518,1416.15760853222,6.6416058766240464,1.061885800943396,213,6.347508774747996
7,NAV061,1,High School,42.818244500000006,15.3675845,27.450660000000003,429.4094893379336,15.64295683010658,0.81013729,51,6.765837499849458
0,NAV061,2,Automobile shop,9.1273407,4.4817907,4.64555,59.71603178176848,12.854458951419849,0.9192953,10,6.63511464241872
1,NAV061,2,Police station ,25.4440171,7.8333931,17.610623999999998,196.6076189307995,11.16414835333487,1.058058368181818,23,6.66943937197756
2,NAV061,2,Fire Station,8.721697800000001,3.6179038,5.103794,134.21412438492433,26.29693212244153,0.3857252307692308,14,6.881309923319871
3,NAV061,2,Bank,15.9648628,2.7638078,13.201054999999998,173.45893757027676,13.139778416973249,0.9360263571428572,15,6.489681814377392
4,NAV061,2,Pawn Shop,19.9230805,5.9162805,14.006799999999998,103.92709710316092,7.41976019527379,1.6920213888888886,10,6.637070835181918
5,NAV061,2,Pizzeria,36.7558482,7.818621200000001,28.937227,251.7246161810662,8.698988890022745,0.9609458294117648,35,6.232744988494526
6,NAV061,2,Quattroki Restaurant,33.346495700000006,7.0902757,26.256220000000003,177.57673469664084,6.7632254260758335,1.533321285,21,5.511486705233657
7,NAV061,2,High School,40.5408401,2.7357031,37.805137,434.7907537848636,11.500837935989058,0.7614993352941178,52,6.728874984177061
0,NAV061,3,Automobile shop,6.0788397,2.1485397,3.9303,60.300505539869896,15.342468905648396,0.555845188888889,10,6.700056171096655
1,NAV061,3,Police station ,7.0208359,3.6736869,3.3471490000000004,101.75177913432488,30.399536780204546,0.4114573750000001,9,6.3812456198610406
2,NAV061,3,Fire Station,5.6317864,2.1798844,3.451902,132.7028399021062,38.44339726391601,0.2585595384615385,14,6.651149396776153
3,NAV061,3,Bank,20.5760214,6.902608399999999,13.673413000000002,159.1639513770996,11.640396686408842,1.454296866666667,13,6.522421812672049
4,NAV061,3,Pawn Shop,38.589506,2.590266,35.99924,292.903669441722,8.136384808171561,0.9727250769230776,40,6.46505472976792
5,NAV061,3,Pizzeria,7.0974049,2.5557499000000004,4.541655,127.50318310701992,28.074167480141035,0.342383076923077,14,6.84378633990797
6,NAV061,3,Quattroki Restaurant,88.6095152,5.3264352,83.28308,546.4597401844295,6.561473713321235,1.0263595445783134,84,5.739370402702153
7,NAV061,3,High School,61.5474619,11.062711899999998,50.48475,598.9310242799473,11.86360285591089,0.7554476487500001,81,6.313448402910157
